2025-07-26 20:36:00 [[31merror[39m]: Errors:
2025-07-26 20:36:41 [[31merror[39m]: CastError: Cast to ObjectId failed for value "SchemaObjectId {
  path: '68806bf40b8c2e929d583148',
  instance: 'ObjectId',
  validators: [],
  getters: [],
  setters: [],
  _presplitPath: [ '68806bf40b8c2e929d583148' ],
  options: SchemaObjectIdOptions {},
  _index: null,
  [Symbol(mongoose#schemaType)]: true
}" (type SchemaObjectId) at path "userId" for model "Personalization"
    at SchemaObjectId.cast (C:\Users\USER\node_modules\mongoose\lib\schema\objectId.js:250:11)
    at SchemaObjectId.SchemaType.applySetters (C:\Users\USER\node_modules\mongoose\lib\schemaType.js:1255:12)
    at SchemaObjectId.SchemaType.castForQuery (C:\Users\USER\node_modules\mongoose\lib\schemaType.js:1673:17)
    at cast (C:\Users\USER\node_modules\mongoose\lib\cast.js:390:32)
    at model.Query.Query.cast (C:\Users\USER\node_modules\mongoose\lib\query.js:4889:12)
    at model.Query.Query._castConditions (C:\Users\USER\node_modules\mongoose\lib\query.js:2306:10)
    at model.Query._findOneAndUpdate (C:\Users\USER\node_modules\mongoose\lib\query.js:3403:8)
    at model.Query.exec (C:\Users\USER\node_modules\mongoose\lib\query.js:4438:80)
    at processTicksAndRejections (node:internal/process/task_queues:105:5)
2025-07-26 22:33:02 [[31merror[39m]: CastError: Cast to ObjectId failed for value "SchemaObjectId {
  path: '68806bf40b8c2e929d583148',
  instance: 'ObjectId',
  validators: [],
  getters: [],
  setters: [],
  _presplitPath: [ '68806bf40b8c2e929d583148' ],
  options: SchemaObjectIdOptions {},
  _index: null,
  [Symbol(mongoose#schemaType)]: true
}" (type SchemaObjectId) at path "userId" for model "Personalization"
    at SchemaObjectId.cast (C:\Users\USER\node_modules\mongoose\lib\schema\objectId.js:250:11)
    at SchemaObjectId.SchemaType.applySetters (C:\Users\USER\node_modules\mongoose\lib\schemaType.js:1255:12)
    at SchemaObjectId.SchemaType.castForQuery (C:\Users\USER\node_modules\mongoose\lib\schemaType.js:1673:17)
    at cast (C:\Users\USER\node_modules\mongoose\lib\cast.js:390:32)
    at model.Query.Query.cast (C:\Users\USER\node_modules\mongoose\lib\query.js:4889:12)
    at model.Query.Query._castConditions (C:\Users\USER\node_modules\mongoose\lib\query.js:2306:10)
    at model.Query._findOneAndUpdate (C:\Users\USER\node_modules\mongoose\lib\query.js:3403:8)
    at model.Query.exec (C:\Users\USER\node_modules\mongoose\lib\query.js:4438:80)
    at processTicksAndRejections (node:internal/process/task_queues:105:5)
2025-07-26 22:36:02 [[31merror[39m]: CastError: Cast to ObjectId failed for value "SchemaObjectId {
  path: '68806bf40b8c2e929d583148',
  instance: 'ObjectId',
  validators: [],
  getters: [],
  setters: [],
  _presplitPath: [ '68806bf40b8c2e929d583148' ],
  options: SchemaObjectIdOptions {},
  _index: null,
  [Symbol(mongoose#schemaType)]: true
}" (type SchemaObjectId) at path "userId" for model "Personalization"
    at SchemaObjectId.cast (C:\Users\USER\node_modules\mongoose\lib\schema\objectId.js:250:11)
    at SchemaObjectId.SchemaType.applySetters (C:\Users\USER\node_modules\mongoose\lib\schemaType.js:1255:12)
    at SchemaObjectId.SchemaType.castForQuery (C:\Users\USER\node_modules\mongoose\lib\schemaType.js:1673:17)
    at cast (C:\Users\USER\node_modules\mongoose\lib\cast.js:390:32)
    at model.Query.Query.cast (C:\Users\USER\node_modules\mongoose\lib\query.js:4889:12)
    at model.Query.Query._castConditions (C:\Users\USER\node_modules\mongoose\lib\query.js:2306:10)
    at model.Query._findOneAndUpdate (C:\Users\USER\node_modules\mongoose\lib\query.js:3403:8)
    at model.Query.exec (C:\Users\USER\node_modules\mongoose\lib\query.js:4438:80)
    at processTicksAndRejections (node:internal/process/task_queues:105:5)
2025-07-26 22:51:25 [[31merror[39m]: Errors:
2025-07-26 22:51:25 [[31merror[39m]: CastError: Cast to ObjectId failed for value "SchemaObjectId {
  path: '68806bf40b8c2e929d583148',
  instance: 'ObjectId',
  validators: [],
  getters: [],
  setters: [],
  _presplitPath: [ '68806bf40b8c2e929d583148' ],
  options: SchemaObjectIdOptions {},
  _index: null,
  [Symbol(mongoose#schemaType)]: true
}" (type SchemaObjectId) at path "userId" for model "Personalization"
    at SchemaObjectId.cast (C:\Users\USER\node_modules\mongoose\lib\schema\objectId.js:250:11)
    at SchemaObjectId.SchemaType.applySetters (C:\Users\USER\node_modules\mongoose\lib\schemaType.js:1255:12)
    at SchemaObjectId.SchemaType.castForQuery (C:\Users\USER\node_modules\mongoose\lib\schemaType.js:1673:17)
    at cast (C:\Users\USER\node_modules\mongoose\lib\cast.js:390:32)
    at model.Query.Query.cast (C:\Users\USER\node_modules\mongoose\lib\query.js:4889:12)
    at model.Query.Query._castConditions (C:\Users\USER\node_modules\mongoose\lib\query.js:2306:10)
    at model.Query._findOneAndUpdate (C:\Users\USER\node_modules\mongoose\lib\query.js:3403:8)
    at model.Query.exec (C:\Users\USER\node_modules\mongoose\lib\query.js:4438:80)
    at processTicksAndRejections (node:internal/process/task_queues:105:5)
2025-07-26 23:03:38 [[31merror[39m]: CastError: Cast to ObjectId failed for value "SchemaObjectId {
  path: '68806bf40b8c2e929d583148',
  instance: 'ObjectId',
  validators: [],
  getters: [],
  setters: [],
  _presplitPath: [ '68806bf40b8c2e929d583148' ],
  options: SchemaObjectIdOptions {},
  _index: null,
  [Symbol(mongoose#schemaType)]: true
}" (type SchemaObjectId) at path "userId" for model "Personalization"
    at SchemaObjectId.cast (C:\Users\USER\node_modules\mongoose\lib\schema\objectId.js:250:11)
    at SchemaObjectId.SchemaType.applySetters (C:\Users\USER\node_modules\mongoose\lib\schemaType.js:1255:12)
    at SchemaObjectId.SchemaType.castForQuery (C:\Users\USER\node_modules\mongoose\lib\schemaType.js:1673:17)
    at cast (C:\Users\USER\node_modules\mongoose\lib\cast.js:390:32)
    at model.Query.Query.cast (C:\Users\USER\node_modules\mongoose\lib\query.js:4889:12)
    at model.Query.Query._castConditions (C:\Users\USER\node_modules\mongoose\lib\query.js:2306:10)
    at model.Query._findOneAndUpdate (C:\Users\USER\node_modules\mongoose\lib\query.js:3403:8)
    at model.Query.exec (C:\Users\USER\node_modules\mongoose\lib\query.js:4438:80)
    at processTicksAndRejections (node:internal/process/task_queues:105:5)
2025-07-26 23:05:48 [[31merror[39m]: CastError: Cast to ObjectId failed for value "SchemaObjectId {
  path: '68806bf40b8c2e929d583148',
  instance: 'ObjectId',
  validators: [],
  getters: [],
  setters: [],
  _presplitPath: [ '68806bf40b8c2e929d583148' ],
  options: SchemaObjectIdOptions {},
  _index: null,
  [Symbol(mongoose#schemaType)]: true
}" (type SchemaObjectId) at path "userId" for model "Personalization"
    at SchemaObjectId.cast (C:\Users\USER\node_modules\mongoose\lib\schema\objectId.js:250:11)
    at SchemaObjectId.SchemaType.applySetters (C:\Users\USER\node_modules\mongoose\lib\schemaType.js:1255:12)
    at SchemaObjectId.SchemaType.castForQuery (C:\Users\USER\node_modules\mongoose\lib\schemaType.js:1673:17)
    at cast (C:\Users\USER\node_modules\mongoose\lib\cast.js:390:32)
    at model.Query.Query.cast (C:\Users\USER\node_modules\mongoose\lib\query.js:4889:12)
    at model.Query.Query._castConditions (C:\Users\USER\node_modules\mongoose\lib\query.js:2306:10)
    at model.Query._findOneAndUpdate (C:\Users\USER\node_modules\mongoose\lib\query.js:3403:8)
    at model.Query.exec (C:\Users\USER\node_modules\mongoose\lib\query.js:4438:80)
    at processTicksAndRejections (node:internal/process/task_queues:105:5)
2025-07-26 23:11:04 [[31merror[39m]: Errors:
2025-07-26 23:11:05 [[31merror[39m]: CastError: Cast to ObjectId failed for value "SchemaObjectId {
  path: '68806bf40b8c2e929d583148',
  instance: 'ObjectId',
  validators: [],
  getters: [],
  setters: [],
  _presplitPath: [ '68806bf40b8c2e929d583148' ],
  options: SchemaObjectIdOptions {},
  _index: null,
  [Symbol(mongoose#schemaType)]: true
}" (type SchemaObjectId) at path "userId" for model "Personalization"
    at SchemaObjectId.cast (C:\Users\USER\node_modules\mongoose\lib\schema\objectId.js:250:11)
    at SchemaObjectId.SchemaType.applySetters (C:\Users\USER\node_modules\mongoose\lib\schemaType.js:1255:12)
    at SchemaObjectId.SchemaType.castForQuery (C:\Users\USER\node_modules\mongoose\lib\schemaType.js:1673:17)
    at cast (C:\Users\USER\node_modules\mongoose\lib\cast.js:390:32)
    at model.Query.Query.cast (C:\Users\USER\node_modules\mongoose\lib\query.js:4889:12)
    at model.Query.Query._castConditions (C:\Users\USER\node_modules\mongoose\lib\query.js:2306:10)
    at model.Query._findOneAndUpdate (C:\Users\USER\node_modules\mongoose\lib\query.js:3403:8)
    at model.Query.exec (C:\Users\USER\node_modules\mongoose\lib\query.js:4438:80)
    at processTicksAndRejections (node:internal/process/task_queues:105:5)
2025-07-26 23:11:57 [[31merror[39m]: CastError: Cast to ObjectId failed for value "SchemaObjectId {
  path: '68806bf40b8c2e929d583148',
  instance: 'ObjectId',
  validators: [],
  getters: [],
  setters: [],
  _presplitPath: [ '68806bf40b8c2e929d583148' ],
  options: SchemaObjectIdOptions {},
  _index: null,
  [Symbol(mongoose#schemaType)]: true
}" (type SchemaObjectId) at path "userId" for model "Personalization"
    at SchemaObjectId.cast (C:\Users\USER\node_modules\mongoose\lib\schema\objectId.js:250:11)
    at SchemaObjectId.SchemaType.applySetters (C:\Users\USER\node_modules\mongoose\lib\schemaType.js:1255:12)
    at SchemaObjectId.SchemaType.castForQuery (C:\Users\USER\node_modules\mongoose\lib\schemaType.js:1673:17)
    at cast (C:\Users\USER\node_modules\mongoose\lib\cast.js:390:32)
    at model.Query.Query.cast (C:\Users\USER\node_modules\mongoose\lib\query.js:4889:12)
    at model.Query.Query._castConditions (C:\Users\USER\node_modules\mongoose\lib\query.js:2306:10)
    at model.Query._findOneAndUpdate (C:\Users\USER\node_modules\mongoose\lib\query.js:3403:8)
    at model.Query.exec (C:\Users\USER\node_modules\mongoose\lib\query.js:4438:80)
    at processTicksAndRejections (node:internal/process/task_queues:105:5)
2025-07-26 23:12:17 [[31merror[39m]: CastError: Cast to ObjectId failed for value "SchemaObjectId {
  path: '68806bf40b8c2e929d583148',
  instance: 'ObjectId',
  validators: [],
  getters: [],
  setters: [],
  _presplitPath: [ '68806bf40b8c2e929d583148' ],
  options: SchemaObjectIdOptions {},
  _index: null,
  [Symbol(mongoose#schemaType)]: true
}" (type SchemaObjectId) at path "userId" for model "Personalization"
    at SchemaObjectId.cast (C:\Users\USER\node_modules\mongoose\lib\schema\objectId.js:250:11)
    at SchemaObjectId.SchemaType.applySetters (C:\Users\USER\node_modules\mongoose\lib\schemaType.js:1255:12)
    at SchemaObjectId.SchemaType.castForQuery (C:\Users\USER\node_modules\mongoose\lib\schemaType.js:1673:17)
    at cast (C:\Users\USER\node_modules\mongoose\lib\cast.js:390:32)
    at model.Query.Query.cast (C:\Users\USER\node_modules\mongoose\lib\query.js:4889:12)
    at model.Query.Query._castConditions (C:\Users\USER\node_modules\mongoose\lib\query.js:2306:10)
    at model.Query._findOneAndUpdate (C:\Users\USER\node_modules\mongoose\lib\query.js:3403:8)
    at model.Query.exec (C:\Users\USER\node_modules\mongoose\lib\query.js:4438:80)
    at processTicksAndRejections (node:internal/process/task_queues:105:5)
2025-07-26 23:12:46 [[31merror[39m]: CastError: Cast to ObjectId failed for value "SchemaObjectId {
  path: '68806bf40b8c2e929d583148',
  instance: 'ObjectId',
  validators: [],
  getters: [],
  setters: [],
  _presplitPath: [ '68806bf40b8c2e929d583148' ],
  options: SchemaObjectIdOptions {},
  _index: null,
  [Symbol(mongoose#schemaType)]: true
}" (type SchemaObjectId) at path "userId" for model "Personalization"
    at SchemaObjectId.cast (C:\Users\USER\node_modules\mongoose\lib\schema\objectId.js:250:11)
    at SchemaObjectId.SchemaType.applySetters (C:\Users\USER\node_modules\mongoose\lib\schemaType.js:1255:12)
    at SchemaObjectId.SchemaType.castForQuery (C:\Users\USER\node_modules\mongoose\lib\schemaType.js:1673:17)
    at cast (C:\Users\USER\node_modules\mongoose\lib\cast.js:390:32)
    at model.Query.Query.cast (C:\Users\USER\node_modules\mongoose\lib\query.js:4889:12)
    at model.Query.Query._castConditions (C:\Users\USER\node_modules\mongoose\lib\query.js:2306:10)
    at model.Query._findOneAndUpdate (C:\Users\USER\node_modules\mongoose\lib\query.js:3403:8)
    at model.Query.exec (C:\Users\USER\node_modules\mongoose\lib\query.js:4438:80)
    at processTicksAndRejections (node:internal/process/task_queues:105:5)
2025-07-26 23:13:43 [[31merror[39m]: CastError: Cast to ObjectId failed for value "SchemaObjectId {
  path: '68806bf40b8c2e929d583148',
  instance: 'ObjectId',
  validators: [],
  getters: [],
  setters: [],
  _presplitPath: [ '68806bf40b8c2e929d583148' ],
  options: SchemaObjectIdOptions {},
  _index: null,
  [Symbol(mongoose#schemaType)]: true
}" (type SchemaObjectId) at path "userId" for model "Personalization"
    at SchemaObjectId.cast (C:\Users\USER\node_modules\mongoose\lib\schema\objectId.js:250:11)
    at SchemaObjectId.SchemaType.applySetters (C:\Users\USER\node_modules\mongoose\lib\schemaType.js:1255:12)
    at SchemaObjectId.SchemaType.castForQuery (C:\Users\USER\node_modules\mongoose\lib\schemaType.js:1673:17)
    at cast (C:\Users\USER\node_modules\mongoose\lib\cast.js:390:32)
    at model.Query.Query.cast (C:\Users\USER\node_modules\mongoose\lib\query.js:4889:12)
    at model.Query.Query._castConditions (C:\Users\USER\node_modules\mongoose\lib\query.js:2306:10)
    at model.Query._findOneAndUpdate (C:\Users\USER\node_modules\mongoose\lib\query.js:3403:8)
    at model.Query.exec (C:\Users\USER\node_modules\mongoose\lib\query.js:4438:80)
    at processTicksAndRejections (node:internal/process/task_queues:105:5)
2025-07-26 23:14:16 [[31merror[39m]: CastError: Cast to ObjectId failed for value "SchemaObjectId {
  path: '68806bf40b8c2e929d583148',
  instance: 'ObjectId',
  validators: [],
  getters: [],
  setters: [],
  _presplitPath: [ '68806bf40b8c2e929d583148' ],
  options: SchemaObjectIdOptions {},
  _index: null,
  [Symbol(mongoose#schemaType)]: true
}" (type SchemaObjectId) at path "userId" for model "Personalization"
    at SchemaObjectId.cast (C:\Users\USER\node_modules\mongoose\lib\schema\objectId.js:250:11)
    at SchemaObjectId.SchemaType.applySetters (C:\Users\USER\node_modules\mongoose\lib\schemaType.js:1255:12)
    at SchemaObjectId.SchemaType.castForQuery (C:\Users\USER\node_modules\mongoose\lib\schemaType.js:1673:17)
    at cast (C:\Users\USER\node_modules\mongoose\lib\cast.js:390:32)
    at model.Query.Query.cast (C:\Users\USER\node_modules\mongoose\lib\query.js:4889:12)
    at model.Query.Query._castConditions (C:\Users\USER\node_modules\mongoose\lib\query.js:2306:10)
    at model.Query._findOneAndUpdate (C:\Users\USER\node_modules\mongoose\lib\query.js:3403:8)
    at model.Query.exec (C:\Users\USER\node_modules\mongoose\lib\query.js:4438:80)
    at processTicksAndRejections (node:internal/process/task_queues:105:5)
2025-07-26 23:15:02 [[31merror[39m]: CastError: Cast to ObjectId failed for value "SchemaObjectId {
  path: '68806bf40b8c2e929d583148',
  instance: 'ObjectId',
  validators: [],
  getters: [],
  setters: [],
  _presplitPath: [ '68806bf40b8c2e929d583148' ],
  options: SchemaObjectIdOptions {},
  _index: null,
  [Symbol(mongoose#schemaType)]: true
}" (type SchemaObjectId) at path "userId" for model "Personalization"
    at SchemaObjectId.cast (C:\Users\USER\node_modules\mongoose\lib\schema\objectId.js:250:11)
    at SchemaObjectId.SchemaType.applySetters (C:\Users\USER\node_modules\mongoose\lib\schemaType.js:1255:12)
    at SchemaObjectId.SchemaType.castForQuery (C:\Users\USER\node_modules\mongoose\lib\schemaType.js:1673:17)
    at cast (C:\Users\USER\node_modules\mongoose\lib\cast.js:390:32)
    at model.Query.Query.cast (C:\Users\USER\node_modules\mongoose\lib\query.js:4889:12)
    at model.Query.Query._castConditions (C:\Users\USER\node_modules\mongoose\lib\query.js:2306:10)
    at model.Query._findOneAndUpdate (C:\Users\USER\node_modules\mongoose\lib\query.js:3403:8)
    at model.Query.exec (C:\Users\USER\node_modules\mongoose\lib\query.js:4438:80)
    at processTicksAndRejections (node:internal/process/task_queues:105:5)
2025-07-26 23:15:47 [[31merror[39m]: CastError: Cast to ObjectId failed for value "SchemaObjectId {
  path: '68806bf40b8c2e929d583148',
  instance: 'ObjectId',
  validators: [],
  getters: [],
  setters: [],
  _presplitPath: [ '68806bf40b8c2e929d583148' ],
  options: SchemaObjectIdOptions {},
  _index: null,
  [Symbol(mongoose#schemaType)]: true
}" (type SchemaObjectId) at path "userId" for model "Personalization"
    at SchemaObjectId.cast (C:\Users\USER\node_modules\mongoose\lib\schema\objectId.js:250:11)
    at SchemaObjectId.SchemaType.applySetters (C:\Users\USER\node_modules\mongoose\lib\schemaType.js:1255:12)
    at SchemaObjectId.SchemaType.castForQuery (C:\Users\USER\node_modules\mongoose\lib\schemaType.js:1673:17)
    at cast (C:\Users\USER\node_modules\mongoose\lib\cast.js:390:32)
    at model.Query.Query.cast (C:\Users\USER\node_modules\mongoose\lib\query.js:4889:12)
    at model.Query.Query._castConditions (C:\Users\USER\node_modules\mongoose\lib\query.js:2306:10)
    at model.Query._findOneAndUpdate (C:\Users\USER\node_modules\mongoose\lib\query.js:3403:8)
    at model.Query.exec (C:\Users\USER\node_modules\mongoose\lib\query.js:4438:80)
    at processTicksAndRejections (node:internal/process/task_queues:105:5)
2025-07-26 23:19:34 [[31merror[39m]: CastError: Cast to ObjectId failed for value "SchemaObjectId {
  path: '68806bf40b8c2e929d583148',
  instance: 'ObjectId',
  validators: [],
  getters: [],
  setters: [],
  _presplitPath: [ '68806bf40b8c2e929d583148' ],
  options: SchemaObjectIdOptions {},
  _index: null,
  [Symbol(mongoose#schemaType)]: true
}" (type SchemaObjectId) at path "userId" for model "Personalization"
    at SchemaObjectId.cast (C:\Users\USER\node_modules\mongoose\lib\schema\objectId.js:250:11)
    at SchemaObjectId.SchemaType.applySetters (C:\Users\USER\node_modules\mongoose\lib\schemaType.js:1255:12)
    at SchemaObjectId.SchemaType.castForQuery (C:\Users\USER\node_modules\mongoose\lib\schemaType.js:1673:17)
    at cast (C:\Users\USER\node_modules\mongoose\lib\cast.js:390:32)
    at model.Query.Query.cast (C:\Users\USER\node_modules\mongoose\lib\query.js:4889:12)
    at model.Query.Query._castConditions (C:\Users\USER\node_modules\mongoose\lib\query.js:2306:10)
    at model.Query._findOneAndUpdate (C:\Users\USER\node_modules\mongoose\lib\query.js:3403:8)
    at model.Query.exec (C:\Users\USER\node_modules\mongoose\lib\query.js:4438:80)
    at processTicksAndRejections (node:internal/process/task_queues:105:5)
2025-07-26 23:21:03 [[31merror[39m]: CastError: Cast to ObjectId failed for value "SchemaObjectId {
  path: '68806bf40b8c2e929d583148',
  instance: 'ObjectId',
  validators: [],
  getters: [],
  setters: [],
  _presplitPath: [ '68806bf40b8c2e929d583148' ],
  options: SchemaObjectIdOptions {},
  _index: null,
  [Symbol(mongoose#schemaType)]: true
}" (type SchemaObjectId) at path "userId" for model "Personalization"
    at SchemaObjectId.cast (C:\Users\USER\node_modules\mongoose\lib\schema\objectId.js:250:11)
    at SchemaObjectId.SchemaType.applySetters (C:\Users\USER\node_modules\mongoose\lib\schemaType.js:1255:12)
    at SchemaObjectId.SchemaType.castForQuery (C:\Users\USER\node_modules\mongoose\lib\schemaType.js:1673:17)
    at cast (C:\Users\USER\node_modules\mongoose\lib\cast.js:390:32)
    at model.Query.Query.cast (C:\Users\USER\node_modules\mongoose\lib\query.js:4889:12)
    at model.Query.Query._castConditions (C:\Users\USER\node_modules\mongoose\lib\query.js:2306:10)
    at model.Query._findOneAndUpdate (C:\Users\USER\node_modules\mongoose\lib\query.js:3403:8)
    at model.Query.exec (C:\Users\USER\node_modules\mongoose\lib\query.js:4438:80)
    at processTicksAndRejections (node:internal/process/task_queues:105:5)
2025-07-26 23:28:30 [[31merror[39m]: Errors:
2025-07-26 23:28:30 [[31merror[39m]: CastError: Cast to ObjectId failed for value "SchemaObjectId {
  path: '68806bf40b8c2e929d583148',
  instance: 'ObjectId',
  validators: [],
  getters: [],
  setters: [],
  _presplitPath: [ '68806bf40b8c2e929d583148' ],
  options: SchemaObjectIdOptions {},
  _index: null,
  [Symbol(mongoose#schemaType)]: true
}" (type SchemaObjectId) at path "userId" for model "Personalization"
    at SchemaObjectId.cast (C:\Users\USER\node_modules\mongoose\lib\schema\objectId.js:250:11)
    at SchemaObjectId.SchemaType.applySetters (C:\Users\USER\node_modules\mongoose\lib\schemaType.js:1255:12)
    at SchemaObjectId.SchemaType.castForQuery (C:\Users\USER\node_modules\mongoose\lib\schemaType.js:1673:17)
    at cast (C:\Users\USER\node_modules\mongoose\lib\cast.js:390:32)
    at model.Query.Query.cast (C:\Users\USER\node_modules\mongoose\lib\query.js:4889:12)
    at model.Query.Query._castConditions (C:\Users\USER\node_modules\mongoose\lib\query.js:2306:10)
    at model.Query._findOneAndUpdate (C:\Users\USER\node_modules\mongoose\lib\query.js:3403:8)
    at model.Query.exec (C:\Users\USER\node_modules\mongoose\lib\query.js:4438:80)
    at processTicksAndRejections (node:internal/process/task_queues:105:5)
2025-07-26 23:35:04 [[31merror[39m]: CastError: Cast to ObjectId failed for value "SchemaObjectId {
  path: '68806bf40b8c2e929d583148',
  instance: 'ObjectId',
  validators: [],
  getters: [],
  setters: [],
  _presplitPath: [ '68806bf40b8c2e929d583148' ],
  options: SchemaObjectIdOptions {},
  _index: null,
  [Symbol(mongoose#schemaType)]: true
}" (type SchemaObjectId) at path "userId" for model "Personalization"
    at SchemaObjectId.cast (C:\Users\USER\node_modules\mongoose\lib\schema\objectId.js:250:11)
    at SchemaObjectId.SchemaType.applySetters (C:\Users\USER\node_modules\mongoose\lib\schemaType.js:1255:12)
    at SchemaObjectId.SchemaType.castForQuery (C:\Users\USER\node_modules\mongoose\lib\schemaType.js:1673:17)
    at cast (C:\Users\USER\node_modules\mongoose\lib\cast.js:390:32)
    at model.Query.Query.cast (C:\Users\USER\node_modules\mongoose\lib\query.js:4889:12)
    at model.Query.Query._castConditions (C:\Users\USER\node_modules\mongoose\lib\query.js:2306:10)
    at model.Query._findOneAndUpdate (C:\Users\USER\node_modules\mongoose\lib\query.js:3403:8)
    at model.Query.exec (C:\Users\USER\node_modules\mongoose\lib\query.js:4438:80)
    at processTicksAndRejections (node:internal/process/task_queues:105:5)
2025-07-26 23:36:41 [[31merror[39m]: CastError: Cast to ObjectId failed for value "SchemaObjectId {
  path: '68806bf40b8c2e929d583148',
  instance: 'ObjectId',
  validators: [],
  getters: [],
  setters: [],
  _presplitPath: [ '68806bf40b8c2e929d583148' ],
  options: SchemaObjectIdOptions {},
  _index: null,
  [Symbol(mongoose#schemaType)]: true
}" (type SchemaObjectId) at path "userId" for model "Personalization"
    at SchemaObjectId.cast (C:\Users\USER\node_modules\mongoose\lib\schema\objectId.js:250:11)
    at SchemaObjectId.SchemaType.applySetters (C:\Users\USER\node_modules\mongoose\lib\schemaType.js:1255:12)
    at SchemaObjectId.SchemaType.castForQuery (C:\Users\USER\node_modules\mongoose\lib\schemaType.js:1673:17)
    at cast (C:\Users\USER\node_modules\mongoose\lib\cast.js:390:32)
    at model.Query.Query.cast (C:\Users\USER\node_modules\mongoose\lib\query.js:4889:12)
    at model.Query.Query._castConditions (C:\Users\USER\node_modules\mongoose\lib\query.js:2306:10)
    at model.Query._findOneAndUpdate (C:\Users\USER\node_modules\mongoose\lib\query.js:3403:8)
    at model.Query.exec (C:\Users\USER\node_modules\mongoose\lib\query.js:4438:80)
    at processTicksAndRejections (node:internal/process/task_queues:105:5)
2025-07-26 23:40:01 [[31merror[39m]: CastError: Cast to ObjectId failed for value "SchemaObjectId {
  path: '68806bf40b8c2e929d583148',
  instance: 'ObjectId',
  validators: [],
  getters: [],
  setters: [],
  _presplitPath: [ '68806bf40b8c2e929d583148' ],
  options: SchemaObjectIdOptions {},
  _index: null,
  [Symbol(mongoose#schemaType)]: true
}" (type SchemaObjectId) at path "userId" for model "Personalization"
    at SchemaObjectId.cast (C:\Users\USER\node_modules\mongoose\lib\schema\objectId.js:250:11)
    at SchemaObjectId.SchemaType.applySetters (C:\Users\USER\node_modules\mongoose\lib\schemaType.js:1255:12)
    at SchemaObjectId.SchemaType.castForQuery (C:\Users\USER\node_modules\mongoose\lib\schemaType.js:1673:17)
    at cast (C:\Users\USER\node_modules\mongoose\lib\cast.js:390:32)
    at model.Query.Query.cast (C:\Users\USER\node_modules\mongoose\lib\query.js:4889:12)
    at model.Query.Query._castConditions (C:\Users\USER\node_modules\mongoose\lib\query.js:2306:10)
    at model.Query._findOneAndUpdate (C:\Users\USER\node_modules\mongoose\lib\query.js:3403:8)
    at model.Query.exec (C:\Users\USER\node_modules\mongoose\lib\query.js:4438:80)
    at processTicksAndRejections (node:internal/process/task_queues:105:5)
2025-07-27 11:42:05 [[31merror[39m]: Errors:
2025-07-27 11:42:05 [[31merror[39m]: CastError: Cast to ObjectId failed for value "SchemaObjectId {
  path: '68806bf40b8c2e929d583148',
  instance: 'ObjectId',
  validators: [],
  getters: [],
  setters: [],
  _presplitPath: [ '68806bf40b8c2e929d583148' ],
  options: SchemaObjectIdOptions {},
  _index: null,
  [Symbol(mongoose#schemaType)]: true
}" (type SchemaObjectId) at path "userId" for model "Personalization"
    at SchemaObjectId.cast (C:\Users\USER\node_modules\mongoose\lib\schema\objectId.js:250:11)
    at SchemaObjectId.SchemaType.applySetters (C:\Users\USER\node_modules\mongoose\lib\schemaType.js:1255:12)
    at SchemaObjectId.SchemaType.castForQuery (C:\Users\USER\node_modules\mongoose\lib\schemaType.js:1673:17)
    at cast (C:\Users\USER\node_modules\mongoose\lib\cast.js:390:32)
    at model.Query.Query.cast (C:\Users\USER\node_modules\mongoose\lib\query.js:4889:12)
    at model.Query.Query._castConditions (C:\Users\USER\node_modules\mongoose\lib\query.js:2306:10)
    at model.Query._findOneAndUpdate (C:\Users\USER\node_modules\mongoose\lib\query.js:3403:8)
    at model.Query.exec (C:\Users\USER\node_modules\mongoose\lib\query.js:4438:80)
    at processTicksAndRejections (node:internal/process/task_queues:105:5)
2025-07-27 12:34:58 [[31merror[39m]: Errors:
2025-07-27 12:52:34 [[31merror[39m]: Errors:
2025-07-27 13:26:51 [[31merror[39m]: Errors:
2025-07-27 13:27:11 [[31merror[39m]: Errors:
2025-07-27 17:34:27 [[31merror[39m]: Errors:
2025-07-27 17:34:27 [[31merror[39m]: Errors:
2025-07-27 20:07:51 [[31merror[39m]: Errors:
2025-07-27 20:07:51 [[31merror[39m]: Errors:
2025-07-27 22:18:05 [[31merror[39m]: Errors:
2025-07-27 22:40:49 [[31merror[39m]: Errors:
2025-07-27 22:40:49 [[31merror[39m]: Errors:
2025-07-27 22:48:27 [[31merror[39m]: Errors:
2025-07-27 23:10:24 [[31merror[39m]: Errors:
2025-07-27 23:12:27 [[31merror[39m]: Errors:
2025-07-27 23:16:50 [[31merror[39m]: Errors:
2025-07-27 23:17:09 [[31merror[39m]: Errors:
2025-07-27 23:33:12 [[31merror[39m]: Errors:
2025-07-27 23:48:23 [[31merror[39m]: Errors:
2025-07-27 23:48:23 [[31merror[39m]: Errors:
2025-07-28 00:35:09 [[31merror[39m]: Errors:
2025-07-28 11:05:41 [[31merror[39m]: Errors:
2025-07-28 12:05:05 [[31merror[39m]: Errors:
2025-07-28 12:25:42 [[31merror[39m]: Errors:
2025-07-28 12:26:57 [[31merror[39m]: Errors:
2025-07-28 14:58:58 [[31merror[39m]: Errors:
2025-07-28 15:17:43 [[31merror[39m]: Errors:
2025-07-28 18:06:37 [[31merror[39m]: Errors:
2025-07-28 18:07:26 [[31merror[39m]: Error: User already joined this challenge
    at createHttpError (C:\Users\USER\OneDrive\Documents\brocamb\Project 2\Backend\src\utils\http-error.util.ts:12:12)
    at ClientWeeklyChallengeService.<anonymous> (C:\Users\USER\OneDrive\Documents\brocamb\Project 2\Backend\src\Services\client\client.weeklyChallenge.service.ts:58:28)
    at Generator.next (<anonymous>)
    at fulfilled (C:\Users\USER\OneDrive\Documents\brocamb\Project 2\Backend\src\Services\client\client.weeklyChallenge.service.ts:5:58)
    at processTicksAndRejections (node:internal/process/task_queues:105:5)
2025-07-28 18:07:50 [[31merror[39m]: Error: User already joined this challenge
    at createHttpError (C:\Users\USER\OneDrive\Documents\brocamb\Project 2\Backend\src\utils\http-error.util.ts:12:12)
    at ClientWeeklyChallengeService.<anonymous> (C:\Users\USER\OneDrive\Documents\brocamb\Project 2\Backend\src\Services\client\client.weeklyChallenge.service.ts:58:28)
    at Generator.next (<anonymous>)
    at fulfilled (C:\Users\USER\OneDrive\Documents\brocamb\Project 2\Backend\src\Services\client\client.weeklyChallenge.service.ts:5:58)
    at processTicksAndRejections (node:internal/process/task_queues:105:5)
2025-07-28 18:08:26 [[31merror[39m]: Error: User already joined this challenge
    at createHttpError (C:\Users\USER\OneDrive\Documents\brocamb\Project 2\Backend\src\utils\http-error.util.ts:12:12)
    at ClientWeeklyChallengeService.<anonymous> (C:\Users\USER\OneDrive\Documents\brocamb\Project 2\Backend\src\Services\client\client.weeklyChallenge.service.ts:58:28)
    at Generator.next (<anonymous>)
    at fulfilled (C:\Users\USER\OneDrive\Documents\brocamb\Project 2\Backend\src\Services\client\client.weeklyChallenge.service.ts:5:58)
    at processTicksAndRejections (node:internal/process/task_queues:105:5)
2025-07-28 18:13:09 [[31merror[39m]: Error: Invalid token version
    at createHttpError (C:\Users\USER\OneDrive\Documents\brocamb\Project 2\Backend\src\utils\http-error.util.ts:12:12)
    at AuthService.<anonymous> (C:\Users\USER\OneDrive\Documents\brocamb\Project 2\Backend\src\Services\auth\auth.service.ts:322:28)
    at Generator.next (<anonymous>)
    at fulfilled (C:\Users\USER\OneDrive\Documents\brocamb\Project 2\Backend\src\Services\auth\auth.service.ts:5:58)
    at processTicksAndRejections (node:internal/process/task_queues:105:5)
2025-07-28 18:13:34 [[31merror[39m]: Error: User already joined this challenge
    at createHttpError (C:\Users\USER\OneDrive\Documents\brocamb\Project 2\Backend\src\utils\http-error.util.ts:12:12)
    at ClientWeeklyChallengeService.<anonymous> (C:\Users\USER\OneDrive\Documents\brocamb\Project 2\Backend\src\Services\client\client.weeklyChallenge.service.ts:58:28)
    at Generator.next (<anonymous>)
    at fulfilled (C:\Users\USER\OneDrive\Documents\brocamb\Project 2\Backend\src\Services\client\client.weeklyChallenge.service.ts:5:58)
    at processTicksAndRejections (node:internal/process/task_queues:105:5)
2025-07-28 18:47:58 [[31merror[39m]: Error: Token expired
    at createHttpError (C:\Users\USER\OneDrive\Documents\brocamb\Project 2\Backend\src\utils\http-error.util.ts:12:12)
    at C:\Users\USER\OneDrive\Documents\brocamb\Project 2\Backend\src\middleware\verify.token.middleware.ts:45:26
    at Generator.next (<anonymous>)
    at C:\Users\USER\OneDrive\Documents\brocamb\Project 2\Backend\src\middleware\verify.token.middleware.ts:8:71
    at new Promise (<anonymous>)
    at __awaiter (C:\Users\USER\OneDrive\Documents\brocamb\Project 2\Backend\src\middleware\verify.token.middleware.ts:4:12)
    at C:\Users\USER\OneDrive\Documents\brocamb\Project 2\Backend\src\middleware\verify.token.middleware.ts:20:22
    at Layer.handle [as handle_request] (C:\Users\USER\node_modules\express\lib\router\layer.js:95:5)
    at trim_prefix (C:\Users\USER\node_modules\express\lib\router\index.js:328:13)
    at C:\Users\USER\node_modules\express\lib\router\index.js:286:9
2025-07-29 10:31:35 [[31merror[39m]: TypeError: Cannot read properties of null (reading 'data')
    at ClientPersonalizationService.<anonymous> (C:\Users\USER\OneDrive\Documents\brocamb\Project 2\Backend\src\Services\client\client.personalization.service.ts:130:41)
    at Generator.next (<anonymous>)
    at fulfilled (C:\Users\USER\OneDrive\Documents\brocamb\Project 2\Backend\src\Services\client\client.personalization.service.ts:38:58)
    at processTicksAndRejections (node:internal/process/task_queues:105:5)
2025-07-29 10:31:48 [[31merror[39m]: TypeError: Cannot read properties of null (reading 'data')
    at ClientPersonalizationService.<anonymous> (C:\Users\USER\OneDrive\Documents\brocamb\Project 2\Backend\src\Services\client\client.personalization.service.ts:130:41)
    at Generator.next (<anonymous>)
    at fulfilled (C:\Users\USER\OneDrive\Documents\brocamb\Project 2\Backend\src\Services\client\client.personalization.service.ts:38:58)
    at processTicksAndRejections (node:internal/process/task_queues:105:5)
2025-07-29 10:32:41 [[31merror[39m]: TypeError: Cannot read properties of null (reading 'data')
    at ClientPersonalizationService.<anonymous> (C:\Users\USER\OneDrive\Documents\brocamb\Project 2\Backend\src\Services\client\client.personalization.service.ts:131:41)
    at Generator.next (<anonymous>)
    at fulfilled (C:\Users\USER\OneDrive\Documents\brocamb\Project 2\Backend\src\Services\client\client.personalization.service.ts:38:58)
    at processTicksAndRejections (node:internal/process/task_queues:105:5)
2025-07-29 11:33:21 [[31merror[39m]: Error: Token expired
    at createHttpError (C:\Users\USER\OneDrive\Documents\brocamb\Project 2\Backend\src\utils\http-error.util.ts:12:12)
    at C:\Users\USER\OneDrive\Documents\brocamb\Project 2\Backend\src\middleware\verify.token.middleware.ts:45:26
    at Generator.next (<anonymous>)
    at C:\Users\USER\OneDrive\Documents\brocamb\Project 2\Backend\src\middleware\verify.token.middleware.ts:8:71
    at new Promise (<anonymous>)
    at __awaiter (C:\Users\USER\OneDrive\Documents\brocamb\Project 2\Backend\src\middleware\verify.token.middleware.ts:4:12)
    at C:\Users\USER\OneDrive\Documents\brocamb\Project 2\Backend\src\middleware\verify.token.middleware.ts:20:22
    at Layer.handle [as handle_request] (C:\Users\USER\node_modules\express\lib\router\layer.js:95:5)
    at trim_prefix (C:\Users\USER\node_modules\express\lib\router\index.js:328:13)
    at C:\Users\USER\node_modules\express\lib\router\index.js:286:9
2025-07-29 11:33:24 [[31merror[39m]: TypeError: Cannot read properties of null (reading 'data')
    at ClientPersonalizationService.<anonymous> (C:\Users\USER\OneDrive\Documents\brocamb\Project 2\Backend\src\Services\client\client.personalization.service.ts:134:41)
    at Generator.next (<anonymous>)
    at fulfilled (C:\Users\USER\OneDrive\Documents\brocamb\Project 2\Backend\src\Services\client\client.personalization.service.ts:38:58)
    at processTicksAndRejections (node:internal/process/task_queues:105:5)
2025-07-29 11:34:02 [[31merror[39m]: TypeError: Cannot read properties of undefined (reading 'filePath')
    at ClientPersonalizationService.<anonymous> (C:\Users\USER\OneDrive\Documents\brocamb\Project 2\Backend\src\Services\client\client.personalization.service.ts:135:50)
    at Generator.next (<anonymous>)
    at fulfilled (C:\Users\USER\OneDrive\Documents\brocamb\Project 2\Backend\src\Services\client\client.personalization.service.ts:38:58)
    at processTicksAndRejections (node:internal/process/task_queues:105:5)
2025-07-29 11:35:59 [[31merror[39m]: TypeError: Cannot read properties of undefined (reading 'filePath')
    at ClientPersonalizationService.<anonymous> (C:\Users\USER\OneDrive\Documents\brocamb\Project 2\Backend\src\Services\client\client.personalization.service.ts:135:50)
    at Generator.next (<anonymous>)
    at fulfilled (C:\Users\USER\OneDrive\Documents\brocamb\Project 2\Backend\src\Services\client\client.personalization.service.ts:38:58)
    at processTicksAndRejections (node:internal/process/task_queues:105:5)
2025-07-29 11:36:21 [[31merror[39m]: TypeError: Cannot read properties of undefined (reading 'filePath')
    at ClientPersonalizationService.<anonymous> (C:\Users\USER\OneDrive\Documents\brocamb\Project 2\Backend\src\Services\client\client.personalization.service.ts:135:50)
    at Generator.next (<anonymous>)
    at fulfilled (C:\Users\USER\OneDrive\Documents\brocamb\Project 2\Backend\src\Services\client\client.personalization.service.ts:38:58)
    at processTicksAndRejections (node:internal/process/task_queues:105:5)
2025-07-29 17:33:24 [[31merror[39m]: Error: Token expired
    at createHttpError (C:\Users\USER\OneDrive\Documents\brocamb\Project 2\Backend\src\utils\http-error.util.ts:12:12)
    at C:\Users\USER\OneDrive\Documents\brocamb\Project 2\Backend\src\middleware\verify.token.middleware.ts:45:26
    at Generator.next (<anonymous>)
    at C:\Users\USER\OneDrive\Documents\brocamb\Project 2\Backend\src\middleware\verify.token.middleware.ts:8:71
    at new Promise (<anonymous>)
    at __awaiter (C:\Users\USER\OneDrive\Documents\brocamb\Project 2\Backend\src\middleware\verify.token.middleware.ts:4:12)
    at C:\Users\USER\OneDrive\Documents\brocamb\Project 2\Backend\src\middleware\verify.token.middleware.ts:20:22
    at Layer.handle [as handle_request] (C:\Users\USER\node_modules\express\lib\router\layer.js:95:5)
    at trim_prefix (C:\Users\USER\node_modules\express\lib\router\index.js:328:13)
    at C:\Users\USER\node_modules\express\lib\router\index.js:286:9
2025-07-29 17:33:25 [[31merror[39m]: TypeError: this._makeMiddleware is not a function
    at Multer.single (C:\Users\USER\node_modules\multer\index.js:60:15)
    at Layer.handle [as handle_request] (C:\Users\USER\node_modules\express\lib\router\layer.js:95:5)
    at next (C:\Users\USER\node_modules\express\lib\router\route.js:149:13)
    at Route.dispatch (C:\Users\USER\node_modules\express\lib\router\route.js:119:3)
    at Layer.handle [as handle_request] (C:\Users\USER\node_modules\express\lib\router\layer.js:95:5)
    at C:\Users\USER\node_modules\express\lib\router\index.js:284:15
    at Function.process_params (C:\Users\USER\node_modules\express\lib\router\index.js:346:12)
    at next (C:\Users\USER\node_modules\express\lib\router\index.js:280:10)
    at Function.handle (C:\Users\USER\node_modules\express\lib\router\index.js:175:3)
    at router (C:\Users\USER\node_modules\express\lib\router\index.js:47:12)
2025-07-29 17:57:33 [[31merror[39m]: Error: Token expired
    at createHttpError (C:\Users\USER\OneDrive\Documents\brocamb\Project 2\Backend\src\utils\http-error.util.ts:12:12)
    at C:\Users\USER\OneDrive\Documents\brocamb\Project 2\Backend\src\middleware\verify.token.middleware.ts:45:26
    at Generator.next (<anonymous>)
    at C:\Users\USER\OneDrive\Documents\brocamb\Project 2\Backend\src\middleware\verify.token.middleware.ts:8:71
    at new Promise (<anonymous>)
    at __awaiter (C:\Users\USER\OneDrive\Documents\brocamb\Project 2\Backend\src\middleware\verify.token.middleware.ts:4:12)
    at C:\Users\USER\OneDrive\Documents\brocamb\Project 2\Backend\src\middleware\verify.token.middleware.ts:20:22
    at Layer.handle [as handle_request] (C:\Users\USER\node_modules\express\lib\router\layer.js:95:5)
    at trim_prefix (C:\Users\USER\node_modules\express\lib\router\index.js:328:13)
    at C:\Users\USER\node_modules\express\lib\router\index.js:286:9
2025-07-29 18:06:20 [[31merror[39m]: Error: Invalid token version
    at createHttpError (C:\Users\USER\OneDrive\Documents\brocamb\Project 2\Backend\src\utils\http-error.util.ts:12:12)
    at AuthService.<anonymous> (C:\Users\USER\OneDrive\Documents\brocamb\Project 2\Backend\src\Services\auth\auth.service.ts:322:28)
    at Generator.next (<anonymous>)
    at fulfilled (C:\Users\USER\OneDrive\Documents\brocamb\Project 2\Backend\src\Services\auth\auth.service.ts:5:58)
    at processTicksAndRejections (node:internal/process/task_queues:105:5)
2025-07-29 18:06:32 [[31merror[39m]: Error: Invalid password
    at createHttpError (C:\Users\USER\OneDrive\Documents\brocamb\Project 2\Backend\src\utils\http-error.util.ts:12:12)
    at AuthService.<anonymous> (C:\Users\USER\OneDrive\Documents\brocamb\Project 2\Backend\src\Services\auth\auth.service.ts:69:28)
    at Generator.next (<anonymous>)
    at fulfilled (C:\Users\USER\OneDrive\Documents\brocamb\Project 2\Backend\src\Services\auth\auth.service.ts:5:58)
2025-07-29 18:34:55 [[31merror[39m]: Error: Token expired
    at createHttpError (C:\Users\USER\OneDrive\Documents\brocamb\Project 2\Backend\src\utils\http-error.util.ts:12:12)
    at C:\Users\USER\OneDrive\Documents\brocamb\Project 2\Backend\src\middleware\verify.token.middleware.ts:45:26
    at Generator.next (<anonymous>)
    at C:\Users\USER\OneDrive\Documents\brocamb\Project 2\Backend\src\middleware\verify.token.middleware.ts:8:71
    at new Promise (<anonymous>)
    at __awaiter (C:\Users\USER\OneDrive\Documents\brocamb\Project 2\Backend\src\middleware\verify.token.middleware.ts:4:12)
    at C:\Users\USER\OneDrive\Documents\brocamb\Project 2\Backend\src\middleware\verify.token.middleware.ts:20:22
    at Layer.handle [as handle_request] (C:\Users\USER\node_modules\express\lib\router\layer.js:95:5)
    at trim_prefix (C:\Users\USER\node_modules\express\lib\router\index.js:328:13)
    at C:\Users\USER\node_modules\express\lib\router\index.js:286:9
2025-07-29 18:52:11 [[31merror[39m]: Error: Token expired
    at createHttpError (C:\Users\USER\OneDrive\Documents\brocamb\Project 2\Backend\src\utils\http-error.util.ts:12:12)
    at C:\Users\USER\OneDrive\Documents\brocamb\Project 2\Backend\src\middleware\verify.token.middleware.ts:45:26
    at Generator.next (<anonymous>)
    at C:\Users\USER\OneDrive\Documents\brocamb\Project 2\Backend\src\middleware\verify.token.middleware.ts:8:71
    at new Promise (<anonymous>)
    at __awaiter (C:\Users\USER\OneDrive\Documents\brocamb\Project 2\Backend\src\middleware\verify.token.middleware.ts:4:12)
    at C:\Users\USER\OneDrive\Documents\brocamb\Project 2\Backend\src\middleware\verify.token.middleware.ts:20:22
    at Layer.handle [as handle_request] (C:\Users\USER\node_modules\express\lib\router\layer.js:95:5)
    at trim_prefix (C:\Users\USER\node_modules\express\lib\router\index.js:328:13)
    at C:\Users\USER\node_modules\express\lib\router\index.js:286:9
2025-07-29 19:28:25 [[31merror[39m]: Error: Token expired
    at createHttpError (C:\Users\USER\OneDrive\Documents\brocamb\Project 2\Backend\src\utils\http-error.util.ts:12:12)
    at C:\Users\USER\OneDrive\Documents\brocamb\Project 2\Backend\src\middleware\verify.token.middleware.ts:45:26
    at Generator.next (<anonymous>)
    at C:\Users\USER\OneDrive\Documents\brocamb\Project 2\Backend\src\middleware\verify.token.middleware.ts:8:71
    at new Promise (<anonymous>)
    at __awaiter (C:\Users\USER\OneDrive\Documents\brocamb\Project 2\Backend\src\middleware\verify.token.middleware.ts:4:12)
    at C:\Users\USER\OneDrive\Documents\brocamb\Project 2\Backend\src\middleware\verify.token.middleware.ts:20:22
    at Layer.handle [as handle_request] (C:\Users\USER\node_modules\express\lib\router\layer.js:95:5)
    at trim_prefix (C:\Users\USER\node_modules\express\lib\router\index.js:328:13)
    at C:\Users\USER\node_modules\express\lib\router\index.js:286:9
2025-07-29 19:43:49 [[31merror[39m]: Error: Token expired
    at createHttpError (C:\Users\USER\OneDrive\Documents\brocamb\Project 2\Backend\src\utils\http-error.util.ts:12:12)
    at C:\Users\USER\OneDrive\Documents\brocamb\Project 2\Backend\src\middleware\verify.token.middleware.ts:45:26
    at Generator.next (<anonymous>)
    at C:\Users\USER\OneDrive\Documents\brocamb\Project 2\Backend\src\middleware\verify.token.middleware.ts:8:71
    at new Promise (<anonymous>)
    at __awaiter (C:\Users\USER\OneDrive\Documents\brocamb\Project 2\Backend\src\middleware\verify.token.middleware.ts:4:12)
    at C:\Users\USER\OneDrive\Documents\brocamb\Project 2\Backend\src\middleware\verify.token.middleware.ts:20:22
    at Layer.handle [as handle_request] (C:\Users\USER\node_modules\express\lib\router\layer.js:95:5)
    at trim_prefix (C:\Users\USER\node_modules\express\lib\router\index.js:328:13)
    at C:\Users\USER\node_modules\express\lib\router\index.js:286:9
2025-07-29 19:43:49 [[31merror[39m]: Error: Failed to update profile
    at createHttpError (C:\Users\USER\OneDrive\Documents\brocamb\Project 2\Backend\src\utils\http-error.util.ts:12:12)
    at ClientPersonalizationService.<anonymous> (C:\Users\USER\OneDrive\Documents\brocamb\Project 2\Backend\src\Services\client\client.personalization.service.ts:181:28)
    at Generator.next (<anonymous>)
    at fulfilled (C:\Users\USER\OneDrive\Documents\brocamb\Project 2\Backend\src\Services\client\client.personalization.service.ts:38:58)
    at processTicksAndRejections (node:internal/process/task_queues:105:5)
2025-07-29 23:21:18 [[31merror[39m]: Error: Token expired
    at createHttpError (C:\Users\USER\OneDrive\Documents\brocamb\Project 2\Backend\src\utils\http-error.util.ts:12:12)
    at C:\Users\USER\OneDrive\Documents\brocamb\Project 2\Backend\src\middleware\verify.token.middleware.ts:45:26
    at Generator.next (<anonymous>)
    at C:\Users\USER\OneDrive\Documents\brocamb\Project 2\Backend\src\middleware\verify.token.middleware.ts:8:71
    at new Promise (<anonymous>)
    at __awaiter (C:\Users\USER\OneDrive\Documents\brocamb\Project 2\Backend\src\middleware\verify.token.middleware.ts:4:12)
    at C:\Users\USER\OneDrive\Documents\brocamb\Project 2\Backend\src\middleware\verify.token.middleware.ts:20:22
    at Layer.handle [as handle_request] (C:\Users\USER\node_modules\express\lib\router\layer.js:95:5)
    at trim_prefix (C:\Users\USER\node_modules\express\lib\router\index.js:328:13)
    at C:\Users\USER\node_modules\express\lib\router\index.js:286:9
2025-07-29 23:38:34 [[31merror[39m]: Error: Invalid token version
    at createHttpError (C:\Users\USER\OneDrive\Documents\brocamb\Project 2\Backend\src\utils\http-error.util.ts:12:12)
    at AuthService.<anonymous> (C:\Users\USER\OneDrive\Documents\brocamb\Project 2\Backend\src\Services\auth\auth.service.ts:322:28)
    at Generator.next (<anonymous>)
    at fulfilled (C:\Users\USER\OneDrive\Documents\brocamb\Project 2\Backend\src\Services\auth\auth.service.ts:5:58)
    at processTicksAndRejections (node:internal/process/task_queues:105:5)
2025-07-30 01:32:13 [[31merror[39m]: Error: Token not provided
    at createHttpError (C:\Users\USER\OneDrive\Documents\brocamb\Project 2\Backend\src\utils\http-error.util.ts:12:12)
    at C:\Users\USER\OneDrive\Documents\brocamb\Project 2\Backend\src\middleware\verify.token.middleware.ts:28:24
    at Generator.next (<anonymous>)
    at C:\Users\USER\OneDrive\Documents\brocamb\Project 2\Backend\src\middleware\verify.token.middleware.ts:8:71
    at new Promise (<anonymous>)
    at __awaiter (C:\Users\USER\OneDrive\Documents\brocamb\Project 2\Backend\src\middleware\verify.token.middleware.ts:4:12)
    at C:\Users\USER\OneDrive\Documents\brocamb\Project 2\Backend\src\middleware\verify.token.middleware.ts:20:22
    at Layer.handle [as handle_request] (C:\Users\USER\node_modules\express\lib\router\layer.js:95:5)
    at trim_prefix (C:\Users\USER\node_modules\express\lib\router\index.js:328:13)
    at C:\Users\USER\node_modules\express\lib\router\index.js:286:9
2025-07-30 01:43:38 [[31merror[39m]: ApiError: {"error":{"code":503,"message":"The model is overloaded. Please try again later.","status":"UNAVAILABLE"}}
    at throwErrorIfNotOK (C:\Users\USER\OneDrive\Documents\brocamb\Project 2\Backend\node_modules\@google\genai\dist\node\index.cjs:13404:30)
    at processTicksAndRejections (node:internal/process/task_queues:105:5)
    at C:\Users\USER\OneDrive\Documents\brocamb\Project 2\Backend\node_modules\@google\genai\dist\node\index.cjs:13180:13
    at Models.generateContent (C:\Users\USER\OneDrive\Documents\brocamb\Project 2\Backend\node_modules\@google\genai\dist\node\index.cjs:14448:24)
2025-07-30 11:42:42 [[31merror[39m]: Error: Token expired
    at createHttpError (C:\Users\USER\OneDrive\Documents\brocamb\Project 2\Backend\src\utils\http-error.util.ts:12:12)
    at C:\Users\USER\OneDrive\Documents\brocamb\Project 2\Backend\src\middleware\verify.token.middleware.ts:45:26
    at Generator.next (<anonymous>)
    at C:\Users\USER\OneDrive\Documents\brocamb\Project 2\Backend\src\middleware\verify.token.middleware.ts:8:71
    at new Promise (<anonymous>)
    at __awaiter (C:\Users\USER\OneDrive\Documents\brocamb\Project 2\Backend\src\middleware\verify.token.middleware.ts:4:12)
    at C:\Users\USER\OneDrive\Documents\brocamb\Project 2\Backend\src\middleware\verify.token.middleware.ts:20:22
    at Layer.handle [as handle_request] (C:\Users\USER\node_modules\express\lib\router\layer.js:95:5)
    at trim_prefix (C:\Users\USER\node_modules\express\lib\router\index.js:328:13)
    at C:\Users\USER\node_modules\express\lib\router\index.js:286:9
2025-07-30 14:18:37 [[31merror[39m]: Error: Token expired
    at createHttpError (C:\Users\USER\OneDrive\Documents\brocamb\Project 2\Backend\src\utils\http-error.util.ts:12:12)
    at C:\Users\USER\OneDrive\Documents\brocamb\Project 2\Backend\src\middleware\verify.token.middleware.ts:45:26
    at Generator.next (<anonymous>)
    at C:\Users\USER\OneDrive\Documents\brocamb\Project 2\Backend\src\middleware\verify.token.middleware.ts:8:71
    at new Promise (<anonymous>)
    at __awaiter (C:\Users\USER\OneDrive\Documents\brocamb\Project 2\Backend\src\middleware\verify.token.middleware.ts:4:12)
    at C:\Users\USER\OneDrive\Documents\brocamb\Project 2\Backend\src\middleware\verify.token.middleware.ts:20:22
    at Layer.handle [as handle_request] (C:\Users\USER\node_modules\express\lib\router\layer.js:95:5)
    at trim_prefix (C:\Users\USER\node_modules\express\lib\router\index.js:328:13)
    at C:\Users\USER\node_modules\express\lib\router\index.js:286:9
2025-07-30 14:47:38 [[31merror[39m]: Error: Token expired
    at createHttpError (C:\Users\USER\OneDrive\Documents\brocamb\Project 2\Backend\src\utils\http-error.util.ts:12:12)
    at C:\Users\USER\OneDrive\Documents\brocamb\Project 2\Backend\src\middleware\verify.token.middleware.ts:45:26
    at Generator.next (<anonymous>)
    at C:\Users\USER\OneDrive\Documents\brocamb\Project 2\Backend\src\middleware\verify.token.middleware.ts:8:71
    at new Promise (<anonymous>)
    at __awaiter (C:\Users\USER\OneDrive\Documents\brocamb\Project 2\Backend\src\middleware\verify.token.middleware.ts:4:12)
    at C:\Users\USER\OneDrive\Documents\brocamb\Project 2\Backend\src\middleware\verify.token.middleware.ts:20:22
    at Layer.handle [as handle_request] (C:\Users\USER\node_modules\express\lib\router\layer.js:95:5)
    at trim_prefix (C:\Users\USER\node_modules\express\lib\router\index.js:328:13)
    at C:\Users\USER\node_modules\express\lib\router\index.js:286:9
2025-07-30 15:08:39 [[31merror[39m]: Error: Token expired
    at createHttpError (C:\Users\USER\OneDrive\Documents\brocamb\Project 2\Backend\src\utils\http-error.util.ts:12:12)
    at C:\Users\USER\OneDrive\Documents\brocamb\Project 2\Backend\src\middleware\verify.token.middleware.ts:45:26
    at Generator.next (<anonymous>)
    at C:\Users\USER\OneDrive\Documents\brocamb\Project 2\Backend\src\middleware\verify.token.middleware.ts:8:71
    at new Promise (<anonymous>)
    at __awaiter (C:\Users\USER\OneDrive\Documents\brocamb\Project 2\Backend\src\middleware\verify.token.middleware.ts:4:12)
    at C:\Users\USER\OneDrive\Documents\brocamb\Project 2\Backend\src\middleware\verify.token.middleware.ts:20:22
    at Layer.handle [as handle_request] (C:\Users\USER\node_modules\express\lib\router\layer.js:95:5)
    at trim_prefix (C:\Users\USER\node_modules\express\lib\router\index.js:328:13)
    at C:\Users\USER\node_modules\express\lib\router\index.js:286:9
2025-07-30 23:14:51 [[31merror[39m]: Error: Invalid token version
    at createHttpError (C:\Users\USER\OneDrive\Documents\brocamb\Project 2\Backend\src\utils\http-error.util.ts:12:12)
    at AuthService.<anonymous> (C:\Users\USER\OneDrive\Documents\brocamb\Project 2\Backend\src\Services\auth\auth.service.ts:322:28)
    at Generator.next (<anonymous>)
    at fulfilled (C:\Users\USER\OneDrive\Documents\brocamb\Project 2\Backend\src\Services\auth\auth.service.ts:5:58)
    at processTicksAndRejections (node:internal/process/task_queues:105:5)
2025-07-30 23:16:21 [[31merror[39m]: Error: Invalid token version
    at createHttpError (C:\Users\USER\OneDrive\Documents\brocamb\Project 2\Backend\src\utils\http-error.util.ts:12:12)
    at AuthService.<anonymous> (C:\Users\USER\OneDrive\Documents\brocamb\Project 2\Backend\src\Services\auth\auth.service.ts:322:28)
    at Generator.next (<anonymous>)
    at fulfilled (C:\Users\USER\OneDrive\Documents\brocamb\Project 2\Backend\src\Services\auth\auth.service.ts:5:58)
    at processTicksAndRejections (node:internal/process/task_queues:105:5)
2025-07-30 23:16:26 [[31merror[39m]: Error: Token not provided
    at createHttpError (C:\Users\USER\OneDrive\Documents\brocamb\Project 2\Backend\src\utils\http-error.util.ts:12:12)
    at C:\Users\USER\OneDrive\Documents\brocamb\Project 2\Backend\src\middleware\verify.token.middleware.ts:28:24
    at Generator.next (<anonymous>)
    at C:\Users\USER\OneDrive\Documents\brocamb\Project 2\Backend\src\middleware\verify.token.middleware.ts:8:71
    at new Promise (<anonymous>)
    at __awaiter (C:\Users\USER\OneDrive\Documents\brocamb\Project 2\Backend\src\middleware\verify.token.middleware.ts:4:12)
    at C:\Users\USER\OneDrive\Documents\brocamb\Project 2\Backend\src\middleware\verify.token.middleware.ts:20:22
    at Layer.handle [as handle_request] (C:\Users\USER\node_modules\express\lib\router\layer.js:95:5)
    at trim_prefix (C:\Users\USER\node_modules\express\lib\router\index.js:328:13)
    at C:\Users\USER\node_modules\express\lib\router\index.js:286:9
2025-07-30 23:16:26 [[31merror[39m]: Error: Refresh token not found
    at createHttpError (C:\Users\USER\OneDrive\Documents\brocamb\Project 2\Backend\src\utils\http-error.util.ts:12:12)
    at AuthController.<anonymous> (C:\Users\USER\OneDrive\Documents\brocamb\Project 2\Backend\src\Controller\auth\auth.controller.ts:189:30)
    at Generator.next (<anonymous>)
    at C:\Users\USER\OneDrive\Documents\brocamb\Project 2\Backend\src\Controller\auth\auth.controller.ts:8:71
    at new Promise (<anonymous>)
    at __awaiter (C:\Users\USER\OneDrive\Documents\brocamb\Project 2\Backend\src\Controller\auth\auth.controller.ts:4:12)
    at AuthController.refreshToken (C:\Users\USER\OneDrive\Documents\brocamb\Project 2\Backend\src\Controller\auth\auth.controller.ts:163:16)
    at Layer.handle [as handle_request] (C:\Users\USER\node_modules\express\lib\router\layer.js:95:5)
    at next (C:\Users\USER\node_modules\express\lib\router\route.js:149:13)
    at Route.dispatch (C:\Users\USER\node_modules\express\lib\router\route.js:119:3)
2025-07-30 23:32:49 [[31merror[39m]: MulterError: Unexpected field
    at wrappedFileFilter (C:\Users\USER\node_modules\multer\index.js:40:19)
    at Multipart.<anonymous> (C:\Users\USER\node_modules\multer\lib\make-middleware.js:107:7)
    at Multipart.emit (node:events:507:28)
    at HeaderParser.cb (C:\Users\USER\node_modules\busboy\lib\types\multipart.js:358:14)
    at HeaderParser.push (C:\Users\USER\node_modules\busboy\lib\types\multipart.js:162:20)
    at SBMH.ssCb [as _cb] (C:\Users\USER\node_modules\busboy\lib\types\multipart.js:394:37)
    at feed (C:\Users\USER\node_modules\streamsearch\lib\sbmh.js:248:10)
    at SBMH.push (C:\Users\USER\node_modules\streamsearch\lib\sbmh.js:104:16)
    at Multipart._write (C:\Users\USER\node_modules\busboy\lib\types\multipart.js:567:19)
    at writeOrBuffer (node:internal/streams/writable:570:12)
2025-07-30 23:52:24 [[31merror[39m]: Error: Token expired
    at createHttpError (C:\Users\USER\OneDrive\Documents\brocamb\Project 2\Backend\src\utils\http-error.util.ts:12:12)
    at C:\Users\USER\OneDrive\Documents\brocamb\Project 2\Backend\src\middleware\verify.token.middleware.ts:45:26
    at Generator.next (<anonymous>)
    at C:\Users\USER\OneDrive\Documents\brocamb\Project 2\Backend\src\middleware\verify.token.middleware.ts:8:71
    at new Promise (<anonymous>)
    at __awaiter (C:\Users\USER\OneDrive\Documents\brocamb\Project 2\Backend\src\middleware\verify.token.middleware.ts:4:12)
    at C:\Users\USER\OneDrive\Documents\brocamb\Project 2\Backend\src\middleware\verify.token.middleware.ts:20:22
    at Layer.handle [as handle_request] (C:\Users\USER\node_modules\express\lib\router\layer.js:95:5)
    at trim_prefix (C:\Users\USER\node_modules\express\lib\router\index.js:328:13)
    at C:\Users\USER\node_modules\express\lib\router\index.js:286:9
2025-07-31 12:57:36 [[31merror[39m]: ValidationError: UserFile validation failed: userId: Path `userId` is required.
    at model.Document.invalidate (C:\Users\USER\node_modules\mongoose\lib\document.js:3334:32)
    at C:\Users\USER\node_modules\mongoose\lib\document.js:3095:17
    at C:\Users\USER\node_modules\mongoose\lib\schemaType.js:1407:9
    at processTicksAndRejections (node:internal/process/task_queues:85:11)
2025-07-31 13:01:10 [[31merror[39m]: ValidationError: UserFile validation failed: userId: Path `userId` is required.
    at model.Document.invalidate (C:\Users\USER\node_modules\mongoose\lib\document.js:3334:32)
    at C:\Users\USER\node_modules\mongoose\lib\document.js:3095:17
    at C:\Users\USER\node_modules\mongoose\lib\schemaType.js:1407:9
    at processTicksAndRejections (node:internal/process/task_queues:85:11)
2025-07-31 13:03:08 [[31merror[39m]: ValidationError: UserFile validation failed: userId: Path `userId` is required.
    at model.Document.invalidate (C:\Users\USER\node_modules\mongoose\lib\document.js:3334:32)
    at C:\Users\USER\node_modules\mongoose\lib\document.js:3095:17
    at C:\Users\USER\node_modules\mongoose\lib\schemaType.js:1407:9
    at processTicksAndRejections (node:internal/process/task_queues:85:11)
2025-07-31 13:03:58 [[31merror[39m]: ValidationError: UserFile validation failed: userId: Path `userId` is required.
    at model.Document.invalidate (C:\Users\USER\node_modules\mongoose\lib\document.js:3334:32)
    at C:\Users\USER\node_modules\mongoose\lib\document.js:3095:17
    at C:\Users\USER\node_modules\mongoose\lib\schemaType.js:1407:9
    at processTicksAndRejections (node:internal/process/task_queues:85:11)
2025-07-31 14:46:38 [[31merror[39m]: Error: Token expired
    at createHttpError (C:\Users\USER\OneDrive\Documents\brocamb\Project 2\Backend\src\utils\http-error.util.ts:12:12)
    at C:\Users\USER\OneDrive\Documents\brocamb\Project 2\Backend\src\middleware\verify.token.middleware.ts:45:26
    at Generator.next (<anonymous>)
    at C:\Users\USER\OneDrive\Documents\brocamb\Project 2\Backend\src\middleware\verify.token.middleware.ts:8:71
    at new Promise (<anonymous>)
    at __awaiter (C:\Users\USER\OneDrive\Documents\brocamb\Project 2\Backend\src\middleware\verify.token.middleware.ts:4:12)
    at C:\Users\USER\OneDrive\Documents\brocamb\Project 2\Backend\src\middleware\verify.token.middleware.ts:20:22
    at Layer.handle [as handle_request] (C:\Users\USER\node_modules\express\lib\router\layer.js:95:5)
    at trim_prefix (C:\Users\USER\node_modules\express\lib\router\index.js:328:13)
    at C:\Users\USER\node_modules\express\lib\router\index.js:286:9
2025-08-01 06:18:48 [[31merror[39m]: Error: Invalid token version
    at createHttpError (C:\Users\USER\OneDrive\Documents\brocamb\Project 2\Backend\src\utils\http-error.util.ts:12:12)
    at AuthService.<anonymous> (C:\Users\USER\OneDrive\Documents\brocamb\Project 2\Backend\src\Services\auth\auth.service.ts:322:28)
    at Generator.next (<anonymous>)
    at fulfilled (C:\Users\USER\OneDrive\Documents\brocamb\Project 2\Backend\src\Services\auth\auth.service.ts:5:58)
    at processTicksAndRejections (node:internal/process/task_queues:105:5)
2025-08-01 06:21:17 [[31merror[39m]: Error: Invalid token version
    at createHttpError (C:\Users\USER\OneDrive\Documents\brocamb\Project 2\Backend\src\utils\http-error.util.ts:12:12)
    at AuthService.<anonymous> (C:\Users\USER\OneDrive\Documents\brocamb\Project 2\Backend\src\Services\auth\auth.service.ts:322:28)
    at Generator.next (<anonymous>)
    at fulfilled (C:\Users\USER\OneDrive\Documents\brocamb\Project 2\Backend\src\Services\auth\auth.service.ts:5:58)
    at processTicksAndRejections (node:internal/process/task_queues:105:5)
2025-08-01 06:21:46 [[31merror[39m]: Error: Invalid password
    at createHttpError (C:\Users\USER\OneDrive\Documents\brocamb\Project 2\Backend\src\utils\http-error.util.ts:12:12)
    at AuthService.<anonymous> (C:\Users\USER\OneDrive\Documents\brocamb\Project 2\Backend\src\Services\auth\auth.service.ts:69:28)
    at Generator.next (<anonymous>)
    at fulfilled (C:\Users\USER\OneDrive\Documents\brocamb\Project 2\Backend\src\Services\auth\auth.service.ts:5:58)
2025-08-01 11:29:57 [[31merror[39m]: Error: Invalid password
    at createHttpError (C:\Users\USER\OneDrive\Documents\brocamb\Project 2\Backend\src\utils\http-error.util.ts:12:12)
    at AuthService.<anonymous> (C:\Users\USER\OneDrive\Documents\brocamb\Project 2\Backend\src\Services\auth\auth.service.ts:69:28)
    at Generator.next (<anonymous>)
    at fulfilled (C:\Users\USER\OneDrive\Documents\brocamb\Project 2\Backend\src\Services\auth\auth.service.ts:5:58)
2025-08-01 13:53:28 [[31merror[39m]: Error: Invalid token version
    at createHttpError (C:\Users\USER\OneDrive\Documents\brocamb\Project 2\Backend\src\utils\http-error.util.ts:12:12)
    at AuthService.<anonymous> (C:\Users\USER\OneDrive\Documents\brocamb\Project 2\Backend\src\Services\auth\auth.service.ts:322:28)
    at Generator.next (<anonymous>)
    at fulfilled (C:\Users\USER\OneDrive\Documents\brocamb\Project 2\Backend\src\Services\auth\auth.service.ts:5:58)
    at processTicksAndRejections (node:internal/process/task_queues:105:5)
2025-08-01 14:46:31 [[31merror[39m]: Error: Invalid token version
    at createHttpError (C:\Users\USER\OneDrive\Documents\brocamb\Project 2\Backend\src\utils\http-error.util.ts:12:12)
    at AuthService.<anonymous> (C:\Users\USER\OneDrive\Documents\brocamb\Project 2\Backend\src\Services\auth\auth.service.ts:322:28)
    at Generator.next (<anonymous>)
    at fulfilled (C:\Users\USER\OneDrive\Documents\brocamb\Project 2\Backend\src\Services\auth\auth.service.ts:5:58)
    at processTicksAndRejections (node:internal/process/task_queues:105:5)
2025-08-01 16:51:45 [[31merror[39m]: Error: Invalid token version
    at createHttpError (C:\Users\USER\OneDrive\Documents\brocamb\Project 2\Backend\src\utils\http-error.util.ts:12:12)
    at AuthService.<anonymous> (C:\Users\USER\OneDrive\Documents\brocamb\Project 2\Backend\src\Services\auth\auth.service.ts:322:28)
    at Generator.next (<anonymous>)
    at fulfilled (C:\Users\USER\OneDrive\Documents\brocamb\Project 2\Backend\src\Services\auth\auth.service.ts:5:58)
    at processTicksAndRejections (node:internal/process/task_queues:105:5)
2025-08-01 22:42:11 [[31merror[39m]: Error: Invalid token version
    at createHttpError (C:\Users\USER\OneDrive\Documents\brocamb\Project 2\Backend\src\utils\http-error.util.ts:12:12)
    at AuthService.<anonymous> (C:\Users\USER\OneDrive\Documents\brocamb\Project 2\Backend\src\Services\auth\auth.service.ts:322:28)
    at Generator.next (<anonymous>)
    at fulfilled (C:\Users\USER\OneDrive\Documents\brocamb\Project 2\Backend\src\Services\auth\auth.service.ts:5:58)
    at processTicksAndRejections (node:internal/process/task_queues:105:5)
2025-08-02 20:51:13 [[31merror[39m]: StrictPopulateError: Cannot populate path `personalization` because it is not in your schema. Set the `strictPopulate` option to false to override.
    at getModelsMapForPopulate (C:\Users\USER\node_modules\mongoose\lib\helpers\populate\getModelsMapForPopulate.js:50:12)
    at _populatePath (C:\Users\USER\node_modules\mongoose\lib\model.js:4312:21)
    at Function.populate (C:\Users\USER\node_modules\mongoose\lib\model.js:4280:19)
    at model.Query._find (C:\Users\USER\node_modules\mongoose\lib\query.js:2389:20)
    at processTicksAndRejections (node:internal/process/task_queues:105:5)
    at model.Query.exec (C:\Users\USER\node_modules\mongoose\lib\query.js:4438:63)
2025-08-03 15:03:38 [[31merror[39m]: MongoServerError: $regex has to be a string
    at Connection.sendCommand (C:\Users\USER\node_modules\mongodb\src\cmap\connection.ts:545:17)
    at processTicksAndRejections (node:internal/process/task_queues:105:5)
    at Connection.command (C:\Users\USER\node_modules\mongodb\src\cmap\connection.ts:617:22)
    at Server.command (C:\Users\USER\node_modules\mongodb\src\sdam\server.ts:337:21)
    at AggregateOperation.executeCommand (C:\Users\USER\node_modules\mongodb\src\operations\command.ts:179:12)
    at AggregateOperation.execute (C:\Users\USER\node_modules\mongodb\src\operations\aggregate.ts:156:12)
    at tryOperation (C:\Users\USER\node_modules\mongodb\src\operations\execute_operation.ts:278:14)
    at executeOperation (C:\Users\USER\node_modules\mongodb\src\operations\execute_operation.ts:112:12)
    at AggregationCursor._initialize (C:\Users\USER\node_modules\mongodb\src\cursor\aggregation_cursor.ts:90:22)
    at AggregationCursor.cursorInit (C:\Users\USER\node_modules\mongodb\src\cursor\abstract_cursor.ts:896:21)
2025-08-03 15:05:00 [[31merror[39m]: MongoServerError: $regex has to be a string
    at Connection.sendCommand (C:\Users\USER\node_modules\mongodb\src\cmap\connection.ts:545:17)
    at processTicksAndRejections (node:internal/process/task_queues:105:5)
    at Connection.command (C:\Users\USER\node_modules\mongodb\src\cmap\connection.ts:617:22)
    at Server.command (C:\Users\USER\node_modules\mongodb\src\sdam\server.ts:337:21)
    at AggregateOperation.executeCommand (C:\Users\USER\node_modules\mongodb\src\operations\command.ts:179:12)
    at AggregateOperation.execute (C:\Users\USER\node_modules\mongodb\src\operations\aggregate.ts:156:12)
    at tryOperation (C:\Users\USER\node_modules\mongodb\src\operations\execute_operation.ts:278:14)
    at executeOperation (C:\Users\USER\node_modules\mongodb\src\operations\execute_operation.ts:112:12)
    at AggregationCursor._initialize (C:\Users\USER\node_modules\mongodb\src\cursor\aggregation_cursor.ts:90:22)
    at AggregationCursor.cursorInit (C:\Users\USER\node_modules\mongodb\src\cursor\abstract_cursor.ts:896:21)
2025-08-03 15:05:49 [[31merror[39m]: Error: Token expired
    at createHttpError (C:\Users\USER\OneDrive\Documents\brocamb\Project 2\Backend\src\utils\http-error.util.ts:12:12)
    at C:\Users\USER\OneDrive\Documents\brocamb\Project 2\Backend\src\middleware\verify.token.middleware.ts:45:26
    at Generator.next (<anonymous>)
    at C:\Users\USER\OneDrive\Documents\brocamb\Project 2\Backend\src\middleware\verify.token.middleware.ts:8:71
    at new Promise (<anonymous>)
    at __awaiter (C:\Users\USER\OneDrive\Documents\brocamb\Project 2\Backend\src\middleware\verify.token.middleware.ts:4:12)
    at C:\Users\USER\OneDrive\Documents\brocamb\Project 2\Backend\src\middleware\verify.token.middleware.ts:20:22
    at Layer.handle [as handle_request] (C:\Users\USER\node_modules\express\lib\router\layer.js:95:5)
    at trim_prefix (C:\Users\USER\node_modules\express\lib\router\index.js:328:13)
    at C:\Users\USER\node_modules\express\lib\router\index.js:286:9
2025-08-03 15:05:50 [[31merror[39m]: MongoServerError: $regex has to be a string
    at Connection.sendCommand (C:\Users\USER\node_modules\mongodb\src\cmap\connection.ts:545:17)
    at processTicksAndRejections (node:internal/process/task_queues:105:5)
    at Connection.command (C:\Users\USER\node_modules\mongodb\src\cmap\connection.ts:617:22)
    at Server.command (C:\Users\USER\node_modules\mongodb\src\sdam\server.ts:337:21)
    at AggregateOperation.executeCommand (C:\Users\USER\node_modules\mongodb\src\operations\command.ts:179:12)
    at AggregateOperation.execute (C:\Users\USER\node_modules\mongodb\src\operations\aggregate.ts:156:12)
    at tryOperation (C:\Users\USER\node_modules\mongodb\src\operations\execute_operation.ts:278:14)
    at executeOperation (C:\Users\USER\node_modules\mongodb\src\operations\execute_operation.ts:112:12)
    at AggregationCursor._initialize (C:\Users\USER\node_modules\mongodb\src\cursor\aggregation_cursor.ts:90:22)
    at AggregationCursor.cursorInit (C:\Users\USER\node_modules\mongodb\src\cursor\abstract_cursor.ts:896:21)
2025-08-03 15:09:51 [[31merror[39m]: TypeError: Cannot read properties of undefined (reading '0')
    at TrainerPersonalizationRepository.<anonymous> (C:\Users\USER\OneDrive\Documents\brocamb\Project 2\Backend\src\Repository\Trainer.personalization.repository.ts:32:45)
    at Generator.next (<anonymous>)
    at fulfilled (C:\Users\USER\OneDrive\Documents\brocamb\Project 2\Backend\src\Repository\Trainer.personalization.repository.ts:5:58)
    at processTicksAndRejections (node:internal/process/task_queues:105:5)
2025-08-03 15:11:57 [[31merror[39m]: MongoServerError: $regex has to be a string
    at Connection.sendCommand (C:\Users\USER\node_modules\mongodb\src\cmap\connection.ts:545:17)
    at processTicksAndRejections (node:internal/process/task_queues:105:5)
    at Connection.command (C:\Users\USER\node_modules\mongodb\src\cmap\connection.ts:617:22)
    at Server.command (C:\Users\USER\node_modules\mongodb\src\sdam\server.ts:337:21)
    at AggregateOperation.executeCommand (C:\Users\USER\node_modules\mongodb\src\operations\command.ts:179:12)
    at AggregateOperation.execute (C:\Users\USER\node_modules\mongodb\src\operations\aggregate.ts:156:12)
    at tryOperation (C:\Users\USER\node_modules\mongodb\src\operations\execute_operation.ts:278:14)
    at executeOperation (C:\Users\USER\node_modules\mongodb\src\operations\execute_operation.ts:112:12)
    at AggregationCursor._initialize (C:\Users\USER\node_modules\mongodb\src\cursor\aggregation_cursor.ts:90:22)
    at AggregationCursor.cursorInit (C:\Users\USER\node_modules\mongodb\src\cursor\abstract_cursor.ts:896:21)
2025-08-03 15:12:16 [[31merror[39m]: MongoServerError: $regex has to be a string
    at Connection.sendCommand (C:\Users\USER\node_modules\mongodb\src\cmap\connection.ts:545:17)
    at processTicksAndRejections (node:internal/process/task_queues:105:5)
    at Connection.command (C:\Users\USER\node_modules\mongodb\src\cmap\connection.ts:617:22)
    at Server.command (C:\Users\USER\node_modules\mongodb\src\sdam\server.ts:337:21)
    at AggregateOperation.executeCommand (C:\Users\USER\node_modules\mongodb\src\operations\command.ts:179:12)
    at AggregateOperation.execute (C:\Users\USER\node_modules\mongodb\src\operations\aggregate.ts:156:12)
    at tryOperation (C:\Users\USER\node_modules\mongodb\src\operations\execute_operation.ts:278:14)
    at executeOperation (C:\Users\USER\node_modules\mongodb\src\operations\execute_operation.ts:112:12)
    at AggregationCursor._initialize (C:\Users\USER\node_modules\mongodb\src\cursor\aggregation_cursor.ts:90:22)
    at AggregationCursor.cursorInit (C:\Users\USER\node_modules\mongodb\src\cursor\abstract_cursor.ts:896:21)
2025-08-03 15:32:06 [[31merror[39m]: Error: Token expired
    at createHttpError (C:\Users\USER\OneDrive\Documents\brocamb\Project 2\Backend\src\utils\http-error.util.ts:12:12)
    at C:\Users\USER\OneDrive\Documents\brocamb\Project 2\Backend\src\middleware\verify.token.middleware.ts:45:26
    at Generator.next (<anonymous>)
    at C:\Users\USER\OneDrive\Documents\brocamb\Project 2\Backend\src\middleware\verify.token.middleware.ts:8:71
    at new Promise (<anonymous>)
    at __awaiter (C:\Users\USER\OneDrive\Documents\brocamb\Project 2\Backend\src\middleware\verify.token.middleware.ts:4:12)
    at C:\Users\USER\OneDrive\Documents\brocamb\Project 2\Backend\src\middleware\verify.token.middleware.ts:20:22
    at Layer.handle [as handle_request] (C:\Users\USER\node_modules\express\lib\router\layer.js:95:5)
    at trim_prefix (C:\Users\USER\node_modules\express\lib\router\index.js:328:13)
    at C:\Users\USER\node_modules\express\lib\router\index.js:286:9
2025-08-03 15:52:43 [[31merror[39m]: Error: Token expired
    at createHttpError (C:\Users\USER\OneDrive\Documents\brocamb\Project 2\Backend\src\utils\http-error.util.ts:12:12)
    at C:\Users\USER\OneDrive\Documents\brocamb\Project 2\Backend\src\middleware\verify.token.middleware.ts:45:26
    at Generator.next (<anonymous>)
    at C:\Users\USER\OneDrive\Documents\brocamb\Project 2\Backend\src\middleware\verify.token.middleware.ts:8:71
    at new Promise (<anonymous>)
    at __awaiter (C:\Users\USER\OneDrive\Documents\brocamb\Project 2\Backend\src\middleware\verify.token.middleware.ts:4:12)
    at C:\Users\USER\OneDrive\Documents\brocamb\Project 2\Backend\src\middleware\verify.token.middleware.ts:20:22
    at Layer.handle [as handle_request] (C:\Users\USER\node_modules\express\lib\router\layer.js:95:5)
    at trim_prefix (C:\Users\USER\node_modules\express\lib\router\index.js:328:13)
    at C:\Users\USER\node_modules\express\lib\router\index.js:286:9
2025-08-03 16:07:53 [[31merror[39m]: Error: Token expired
    at createHttpError (C:\Users\USER\OneDrive\Documents\brocamb\Project 2\Backend\src\utils\http-error.util.ts:12:12)
    at C:\Users\USER\OneDrive\Documents\brocamb\Project 2\Backend\src\middleware\verify.token.middleware.ts:45:26
    at Generator.next (<anonymous>)
    at C:\Users\USER\OneDrive\Documents\brocamb\Project 2\Backend\src\middleware\verify.token.middleware.ts:8:71
    at new Promise (<anonymous>)
    at __awaiter (C:\Users\USER\OneDrive\Documents\brocamb\Project 2\Backend\src\middleware\verify.token.middleware.ts:4:12)
    at C:\Users\USER\OneDrive\Documents\brocamb\Project 2\Backend\src\middleware\verify.token.middleware.ts:20:22
    at Layer.handle [as handle_request] (C:\Users\USER\node_modules\express\lib\router\layer.js:95:5)
    at trim_prefix (C:\Users\USER\node_modules\express\lib\router\index.js:328:13)
    at C:\Users\USER\node_modules\express\lib\router\index.js:286:9
2025-08-03 16:49:32 [[31merror[39m]: Error: Token expired
    at createHttpError (C:\Users\USER\OneDrive\Documents\brocamb\Project 2\Backend\src\utils\http-error.util.ts:12:12)
    at C:\Users\USER\OneDrive\Documents\brocamb\Project 2\Backend\src\middleware\verify.token.middleware.ts:45:26
    at Generator.next (<anonymous>)
    at C:\Users\USER\OneDrive\Documents\brocamb\Project 2\Backend\src\middleware\verify.token.middleware.ts:8:71
    at new Promise (<anonymous>)
    at __awaiter (C:\Users\USER\OneDrive\Documents\brocamb\Project 2\Backend\src\middleware\verify.token.middleware.ts:4:12)
    at C:\Users\USER\OneDrive\Documents\brocamb\Project 2\Backend\src\middleware\verify.token.middleware.ts:20:22
    at Layer.handle [as handle_request] (C:\Users\USER\node_modules\express\lib\router\layer.js:95:5)
    at trim_prefix (C:\Users\USER\node_modules\express\lib\router\index.js:328:13)
    at C:\Users\USER\node_modules\express\lib\router\index.js:286:9
2025-08-03 17:15:43 [[31merror[39m]: Error: Token expired
    at createHttpError (C:\Users\USER\OneDrive\Documents\brocamb\Project 2\Backend\src\utils\http-error.util.ts:12:12)
    at C:\Users\USER\OneDrive\Documents\brocamb\Project 2\Backend\src\middleware\verify.token.middleware.ts:45:26
    at Generator.next (<anonymous>)
    at C:\Users\USER\OneDrive\Documents\brocamb\Project 2\Backend\src\middleware\verify.token.middleware.ts:8:71
    at new Promise (<anonymous>)
    at __awaiter (C:\Users\USER\OneDrive\Documents\brocamb\Project 2\Backend\src\middleware\verify.token.middleware.ts:4:12)
    at C:\Users\USER\OneDrive\Documents\brocamb\Project 2\Backend\src\middleware\verify.token.middleware.ts:20:22
    at Layer.handle [as handle_request] (C:\Users\USER\node_modules\express\lib\router\layer.js:95:5)
    at trim_prefix (C:\Users\USER\node_modules\express\lib\router\index.js:328:13)
    at C:\Users\USER\node_modules\express\lib\router\index.js:286:9
2025-08-03 17:44:49 [[31merror[39m]: Error: Token expired
    at createHttpError (C:\Users\USER\OneDrive\Documents\brocamb\Project 2\Backend\src\utils\http-error.util.ts:12:12)
    at C:\Users\USER\OneDrive\Documents\brocamb\Project 2\Backend\src\middleware\verify.token.middleware.ts:45:26
    at Generator.next (<anonymous>)
    at C:\Users\USER\OneDrive\Documents\brocamb\Project 2\Backend\src\middleware\verify.token.middleware.ts:8:71
    at new Promise (<anonymous>)
    at __awaiter (C:\Users\USER\OneDrive\Documents\brocamb\Project 2\Backend\src\middleware\verify.token.middleware.ts:4:12)
    at C:\Users\USER\OneDrive\Documents\brocamb\Project 2\Backend\src\middleware\verify.token.middleware.ts:20:22
    at Layer.handle [as handle_request] (C:\Users\USER\node_modules\express\lib\router\layer.js:95:5)
    at trim_prefix (C:\Users\USER\node_modules\express\lib\router\index.js:328:13)
    at C:\Users\USER\node_modules\express\lib\router\index.js:286:9
2025-08-03 18:09:35 [[31merror[39m]: MongoServerError: invalid argument to $skip stage: Expected an integer, but found NaN in: $skip: nan.0
    at Connection.sendCommand (C:\Users\USER\node_modules\mongodb\src\cmap\connection.ts:545:17)
    at processTicksAndRejections (node:internal/process/task_queues:105:5)
    at Connection.command (C:\Users\USER\node_modules\mongodb\src\cmap\connection.ts:617:22)
    at Server.command (C:\Users\USER\node_modules\mongodb\src\sdam\server.ts:337:21)
    at AggregateOperation.executeCommand (C:\Users\USER\node_modules\mongodb\src\operations\command.ts:179:12)
    at AggregateOperation.execute (C:\Users\USER\node_modules\mongodb\src\operations\aggregate.ts:156:12)
    at tryOperation (C:\Users\USER\node_modules\mongodb\src\operations\execute_operation.ts:278:14)
    at executeOperation (C:\Users\USER\node_modules\mongodb\src\operations\execute_operation.ts:112:12)
    at AggregationCursor._initialize (C:\Users\USER\node_modules\mongodb\src\cursor\aggregation_cursor.ts:90:22)
    at AggregationCursor.cursorInit (C:\Users\USER\node_modules\mongodb\src\cursor\abstract_cursor.ts:896:21)
2025-08-03 20:51:44 [[31merror[39m]: MongoServerError: invalid argument to $skip stage: Expected an integer, but found NaN in: $skip: nan.0
    at Connection.sendCommand (C:\Users\USER\node_modules\mongodb\src\cmap\connection.ts:545:17)
    at processTicksAndRejections (node:internal/process/task_queues:105:5)
    at Connection.command (C:\Users\USER\node_modules\mongodb\src\cmap\connection.ts:617:22)
    at Server.command (C:\Users\USER\node_modules\mongodb\src\sdam\server.ts:337:21)
    at AggregateOperation.executeCommand (C:\Users\USER\node_modules\mongodb\src\operations\command.ts:179:12)
    at AggregateOperation.execute (C:\Users\USER\node_modules\mongodb\src\operations\aggregate.ts:156:12)
    at tryOperation (C:\Users\USER\node_modules\mongodb\src\operations\execute_operation.ts:278:14)
    at executeOperation (C:\Users\USER\node_modules\mongodb\src\operations\execute_operation.ts:112:12)
    at AggregationCursor._initialize (C:\Users\USER\node_modules\mongodb\src\cursor\aggregation_cursor.ts:90:22)
    at AggregationCursor.cursorInit (C:\Users\USER\node_modules\mongodb\src\cursor\abstract_cursor.ts:896:21)
2025-08-03 20:52:24 [[31merror[39m]: ValidationError: TrainerInterview validation failed: roomId: Path `roomId` is required., trainerId: Path `trainerId` is required., adminId: Path `adminId` is required., result.communicationSkills: Path `communicationSkills` (0) is less than minimum allowed value (1)., result.technicalKnowledge: Path `technicalKnowledge` (0) is less than minimum allowed value (1)., result.coachingStyle: Path `coachingStyle` (0) is less than minimum allowed value (1)., result.confidencePresence: Path `confidencePresence` (0) is less than minimum allowed value (1)., result.brandAlignment: Path `brandAlignment` (0) is less than minimum allowed value (1)., result.equipmentQuality: Path `equipmentQuality` (0) is less than minimum allowed value (1).
    at model.Document.invalidate (C:\Users\USER\node_modules\mongoose\lib\document.js:3334:32)
    at C:\Users\USER\node_modules\mongoose\lib\document.js:3095:17
    at C:\Users\USER\node_modules\mongoose\lib\schemaType.js:1407:9
    at processTicksAndRejections (node:internal/process/task_queues:85:11)
2025-08-03 20:53:43 [[31merror[39m]: ValidationError: TrainerInterview validation failed: roomId: Path `roomId` is required., trainerId: Path `trainerId` is required., adminId: Path `adminId` is required., result.communicationSkills: Path `communicationSkills` (0) is less than minimum allowed value (1)., result.technicalKnowledge: Path `technicalKnowledge` (0) is less than minimum allowed value (1)., result.coachingStyle: Path `coachingStyle` (0) is less than minimum allowed value (1)., result.confidencePresence: Path `confidencePresence` (0) is less than minimum allowed value (1)., result.brandAlignment: Path `brandAlignment` (0) is less than minimum allowed value (1)., result.equipmentQuality: Path `equipmentQuality` (0) is less than minimum allowed value (1).
    at model.Document.invalidate (C:\Users\USER\node_modules\mongoose\lib\document.js:3334:32)
    at C:\Users\USER\node_modules\mongoose\lib\document.js:3095:17
    at C:\Users\USER\node_modules\mongoose\lib\schemaType.js:1407:9
    at processTicksAndRejections (node:internal/process/task_queues:85:11)
2025-08-03 20:55:18 [[31merror[39m]: ValidationError: TrainerInterview validation failed: roomId: Path `roomId` is required., trainerId: Path `trainerId` is required., adminId: Path `adminId` is required., result.communicationSkills: Path `communicationSkills` (0) is less than minimum allowed value (1)., result.technicalKnowledge: Path `technicalKnowledge` (0) is less than minimum allowed value (1)., result.coachingStyle: Path `coachingStyle` (0) is less than minimum allowed value (1)., result.confidencePresence: Path `confidencePresence` (0) is less than minimum allowed value (1)., result.brandAlignment: Path `brandAlignment` (0) is less than minimum allowed value (1)., result.equipmentQuality: Path `equipmentQuality` (0) is less than minimum allowed value (1).
    at model.Document.invalidate (C:\Users\USER\node_modules\mongoose\lib\document.js:3334:32)
    at C:\Users\USER\node_modules\mongoose\lib\document.js:3095:17
    at C:\Users\USER\node_modules\mongoose\lib\schemaType.js:1407:9
    at processTicksAndRejections (node:internal/process/task_queues:85:11)
2025-08-03 20:56:31 [[31merror[39m]: ValidationError: TrainerInterview validation failed: roomId: Path `roomId` is required., trainerId: Path `trainerId` is required., adminId: Path `adminId` is required.
    at model.Document.invalidate (C:\Users\USER\node_modules\mongoose\lib\document.js:3334:32)
    at C:\Users\USER\node_modules\mongoose\lib\document.js:3095:17
    at C:\Users\USER\node_modules\mongoose\lib\schemaType.js:1407:9
    at processTicksAndRejections (node:internal/process/task_queues:85:11)
2025-08-03 20:57:29 [[31merror[39m]: TypeError: Cannot read properties of null (reading 'email')
    at AdminTrainerSerice.<anonymous> (C:\Users\USER\OneDrive\Documents\brocamb\Project 2\Backend\src\Services\admin\admin.trainer.service.ts:95:12)
    at Generator.next (<anonymous>)
    at fulfilled (C:\Users\USER\OneDrive\Documents\brocamb\Project 2\Backend\src\Services\admin\admin.trainer.service.ts:5:58)
    at processTicksAndRejections (node:internal/process/task_queues:105:5)
2025-08-03 20:58:00 [[31merror[39m]: TypeError: Cannot read properties of null (reading 'email')
    at AdminTrainerSerice.<anonymous> (C:\Users\USER\OneDrive\Documents\brocamb\Project 2\Backend\src\Services\admin\admin.trainer.service.ts:96:12)
    at Generator.next (<anonymous>)
    at fulfilled (C:\Users\USER\OneDrive\Documents\brocamb\Project 2\Backend\src\Services\admin\admin.trainer.service.ts:5:58)
    at processTicksAndRejections (node:internal/process/task_queues:105:5)
2025-08-03 21:00:17 [[31merror[39m]: TypeError: Cannot read properties of null (reading 'email')
    at AdminTrainerSerice.<anonymous> (C:\Users\USER\OneDrive\Documents\brocamb\Project 2\Backend\src\Services\admin\admin.trainer.service.ts:94:12)
    at Generator.next (<anonymous>)
    at fulfilled (C:\Users\USER\OneDrive\Documents\brocamb\Project 2\Backend\src\Services\admin\admin.trainer.service.ts:5:58)
    at processTicksAndRejections (node:internal/process/task_queues:105:5)
2025-08-03 21:00:40 [[31merror[39m]: TypeError: Cannot read properties of null (reading 'email')
    at AdminTrainerSerice.<anonymous> (C:\Users\USER\OneDrive\Documents\brocamb\Project 2\Backend\src\Services\admin\admin.trainer.service.ts:95:12)
    at Generator.next (<anonymous>)
    at fulfilled (C:\Users\USER\OneDrive\Documents\brocamb\Project 2\Backend\src\Services\admin\admin.trainer.service.ts:5:58)
    at processTicksAndRejections (node:internal/process/task_queues:105:5)
2025-08-03 21:04:56 [[31merror[39m]: TypeError: Cannot read properties of null (reading 'email')
    at AdminTrainerSerice.<anonymous> (C:\Users\USER\OneDrive\Documents\brocamb\Project 2\Backend\src\Services\admin\admin.trainer.service.ts:95:12)
    at Generator.next (<anonymous>)
    at fulfilled (C:\Users\USER\OneDrive\Documents\brocamb\Project 2\Backend\src\Services\admin\admin.trainer.service.ts:5:58)
    at processTicksAndRejections (node:internal/process/task_queues:105:5)
2025-08-03 21:07:14 [[31merror[39m]: Error: Token expired
    at createHttpError (C:\Users\USER\OneDrive\Documents\brocamb\Project 2\Backend\src\utils\http-error.util.ts:12:12)
    at C:\Users\USER\OneDrive\Documents\brocamb\Project 2\Backend\src\middleware\verify.token.middleware.ts:45:26
    at Generator.next (<anonymous>)
    at C:\Users\USER\OneDrive\Documents\brocamb\Project 2\Backend\src\middleware\verify.token.middleware.ts:8:71
    at new Promise (<anonymous>)
    at __awaiter (C:\Users\USER\OneDrive\Documents\brocamb\Project 2\Backend\src\middleware\verify.token.middleware.ts:4:12)
    at C:\Users\USER\OneDrive\Documents\brocamb\Project 2\Backend\src\middleware\verify.token.middleware.ts:20:22
    at Layer.handle [as handle_request] (C:\Users\USER\node_modules\express\lib\router\layer.js:95:5)
    at trim_prefix (C:\Users\USER\node_modules\express\lib\router\index.js:328:13)
    at C:\Users\USER\node_modules\express\lib\router\index.js:286:9
2025-08-03 21:26:27 [[31merror[39m]: Error: Token expired
    at createHttpError (C:\Users\USER\OneDrive\Documents\brocamb\Project 2\Backend\src\utils\http-error.util.ts:12:12)
    at C:\Users\USER\OneDrive\Documents\brocamb\Project 2\Backend\src\middleware\verify.token.middleware.ts:45:26
    at Generator.next (<anonymous>)
    at C:\Users\USER\OneDrive\Documents\brocamb\Project 2\Backend\src\middleware\verify.token.middleware.ts:8:71
    at new Promise (<anonymous>)
    at __awaiter (C:\Users\USER\OneDrive\Documents\brocamb\Project 2\Backend\src\middleware\verify.token.middleware.ts:4:12)
    at C:\Users\USER\OneDrive\Documents\brocamb\Project 2\Backend\src\middleware\verify.token.middleware.ts:20:22
    at Layer.handle [as handle_request] (C:\Users\USER\node_modules\express\lib\router\layer.js:95:5)
    at trim_prefix (C:\Users\USER\node_modules\express\lib\router\index.js:328:13)
    at C:\Users\USER\node_modules\express\lib\router\index.js:286:9
2025-08-03 21:26:27 [[31merror[39m]: Error: Token expired
    at createHttpError (C:\Users\USER\OneDrive\Documents\brocamb\Project 2\Backend\src\utils\http-error.util.ts:12:12)
    at C:\Users\USER\OneDrive\Documents\brocamb\Project 2\Backend\src\middleware\verify.token.middleware.ts:45:26
    at Generator.next (<anonymous>)
    at C:\Users\USER\OneDrive\Documents\brocamb\Project 2\Backend\src\middleware\verify.token.middleware.ts:8:71
    at new Promise (<anonymous>)
    at __awaiter (C:\Users\USER\OneDrive\Documents\brocamb\Project 2\Backend\src\middleware\verify.token.middleware.ts:4:12)
    at C:\Users\USER\OneDrive\Documents\brocamb\Project 2\Backend\src\middleware\verify.token.middleware.ts:20:22
    at Layer.handle [as handle_request] (C:\Users\USER\node_modules\express\lib\router\layer.js:95:5)
    at trim_prefix (C:\Users\USER\node_modules\express\lib\router\index.js:328:13)
    at C:\Users\USER\node_modules\express\lib\router\index.js:286:9
2025-08-03 21:26:27 [[31merror[39m]: Error: Token expired
    at createHttpError (C:\Users\USER\OneDrive\Documents\brocamb\Project 2\Backend\src\utils\http-error.util.ts:12:12)
    at C:\Users\USER\OneDrive\Documents\brocamb\Project 2\Backend\src\middleware\verify.token.middleware.ts:45:26
    at Generator.next (<anonymous>)
    at C:\Users\USER\OneDrive\Documents\brocamb\Project 2\Backend\src\middleware\verify.token.middleware.ts:8:71
    at new Promise (<anonymous>)
    at __awaiter (C:\Users\USER\OneDrive\Documents\brocamb\Project 2\Backend\src\middleware\verify.token.middleware.ts:4:12)
    at C:\Users\USER\OneDrive\Documents\brocamb\Project 2\Backend\src\middleware\verify.token.middleware.ts:20:22
    at Layer.handle [as handle_request] (C:\Users\USER\node_modules\express\lib\router\layer.js:95:5)
    at trim_prefix (C:\Users\USER\node_modules\express\lib\router\index.js:328:13)
    at C:\Users\USER\node_modules\express\lib\router\index.js:286:9
2025-08-03 21:26:27 [[31merror[39m]: Error: Token expired
    at createHttpError (C:\Users\USER\OneDrive\Documents\brocamb\Project 2\Backend\src\utils\http-error.util.ts:12:12)
    at C:\Users\USER\OneDrive\Documents\brocamb\Project 2\Backend\src\middleware\verify.token.middleware.ts:45:26
    at Generator.next (<anonymous>)
    at C:\Users\USER\OneDrive\Documents\brocamb\Project 2\Backend\src\middleware\verify.token.middleware.ts:8:71
    at new Promise (<anonymous>)
    at __awaiter (C:\Users\USER\OneDrive\Documents\brocamb\Project 2\Backend\src\middleware\verify.token.middleware.ts:4:12)
    at C:\Users\USER\OneDrive\Documents\brocamb\Project 2\Backend\src\middleware\verify.token.middleware.ts:20:22
    at Layer.handle [as handle_request] (C:\Users\USER\node_modules\express\lib\router\layer.js:95:5)
    at trim_prefix (C:\Users\USER\node_modules\express\lib\router\index.js:328:13)
    at C:\Users\USER\node_modules\express\lib\router\index.js:286:9
2025-08-03 21:34:43 [[31merror[39m]: Error: Invalid password
    at createHttpError (C:\Users\USER\OneDrive\Documents\brocamb\Project 2\Backend\src\utils\http-error.util.ts:12:12)
    at AuthService.<anonymous> (C:\Users\USER\OneDrive\Documents\brocamb\Project 2\Backend\src\Services\auth\auth.service.ts:69:28)
    at Generator.next (<anonymous>)
    at fulfilled (C:\Users\USER\OneDrive\Documents\brocamb\Project 2\Backend\src\Services\auth\auth.service.ts:5:58)
2025-08-03 21:37:48 [[31merror[39m]: Error: Invalid token version
    at createHttpError (C:\Users\USER\OneDrive\Documents\brocamb\Project 2\Backend\src\utils\http-error.util.ts:12:12)
    at C:\Users\USER\OneDrive\Documents\brocamb\Project 2\Backend\src\middleware\verify.token.middleware.ts:108:26
    at Generator.next (<anonymous>)
    at fulfilled (C:\Users\USER\OneDrive\Documents\brocamb\Project 2\Backend\src\middleware\verify.token.middleware.ts:5:58)
    at processTicksAndRejections (node:internal/process/task_queues:105:5)
2025-08-03 21:40:04 [[31merror[39m]: Error: Invalid token version
    at createHttpError (C:\Users\USER\OneDrive\Documents\brocamb\Project 2\Backend\src\utils\http-error.util.ts:12:12)
    at AuthService.<anonymous> (C:\Users\USER\OneDrive\Documents\brocamb\Project 2\Backend\src\Services\auth\auth.service.ts:322:28)
    at Generator.next (<anonymous>)
    at fulfilled (C:\Users\USER\OneDrive\Documents\brocamb\Project 2\Backend\src\Services\auth\auth.service.ts:5:58)
    at processTicksAndRejections (node:internal/process/task_queues:105:5)
2025-08-03 21:57:58 [[31merror[39m]: Error: Token expired
    at createHttpError (C:\Users\USER\OneDrive\Documents\brocamb\Project 2\Backend\src\utils\http-error.util.ts:12:12)
    at C:\Users\USER\OneDrive\Documents\brocamb\Project 2\Backend\src\middleware\verify.token.middleware.ts:45:26
    at Generator.next (<anonymous>)
    at C:\Users\USER\OneDrive\Documents\brocamb\Project 2\Backend\src\middleware\verify.token.middleware.ts:8:71
    at new Promise (<anonymous>)
    at __awaiter (C:\Users\USER\OneDrive\Documents\brocamb\Project 2\Backend\src\middleware\verify.token.middleware.ts:4:12)
    at C:\Users\USER\OneDrive\Documents\brocamb\Project 2\Backend\src\middleware\verify.token.middleware.ts:20:22
    at Layer.handle [as handle_request] (C:\Users\USER\node_modules\express\lib\router\layer.js:95:5)
    at trim_prefix (C:\Users\USER\node_modules\express\lib\router\index.js:328:13)
    at C:\Users\USER\node_modules\express\lib\router\index.js:286:9
2025-08-03 22:14:11 [[31merror[39m]: Error: Token expired
    at createHttpError (C:\Users\USER\OneDrive\Documents\brocamb\Project 2\Backend\src\utils\http-error.util.ts:12:12)
    at C:\Users\USER\OneDrive\Documents\brocamb\Project 2\Backend\src\middleware\verify.token.middleware.ts:45:26
    at Generator.next (<anonymous>)
    at C:\Users\USER\OneDrive\Documents\brocamb\Project 2\Backend\src\middleware\verify.token.middleware.ts:8:71
    at new Promise (<anonymous>)
    at __awaiter (C:\Users\USER\OneDrive\Documents\brocamb\Project 2\Backend\src\middleware\verify.token.middleware.ts:4:12)
    at C:\Users\USER\OneDrive\Documents\brocamb\Project 2\Backend\src\middleware\verify.token.middleware.ts:20:22
    at Layer.handle [as handle_request] (C:\Users\USER\node_modules\express\lib\router\layer.js:95:5)
    at trim_prefix (C:\Users\USER\node_modules\express\lib\router\index.js:328:13)
    at C:\Users\USER\node_modules\express\lib\router\index.js:286:9
2025-08-03 22:14:31 [[31merror[39m]: Error: Invalid token version
    at createHttpError (C:\Users\USER\OneDrive\Documents\brocamb\Project 2\Backend\src\utils\http-error.util.ts:12:12)
    at AuthService.<anonymous> (C:\Users\USER\OneDrive\Documents\brocamb\Project 2\Backend\src\Services\auth\auth.service.ts:322:28)
    at Generator.next (<anonymous>)
    at fulfilled (C:\Users\USER\OneDrive\Documents\brocamb\Project 2\Backend\src\Services\auth\auth.service.ts:5:58)
    at processTicksAndRejections (node:internal/process/task_queues:105:5)
2025-08-03 22:19:54 [[31merror[39m]: TypeError: Cannot read properties of null (reading 'communicationSkills')
    at Function.<anonymous> (C:\Users\USER\OneDrive\Documents\brocamb\Project 2\Backend\src\dtos\admin\TrainerDTO.ts:159:63)
    at Generator.next (<anonymous>)
    at fulfilled (C:\Users\USER\OneDrive\Documents\brocamb\Project 2\Backend\src\dtos\admin\TrainerDTO.ts:5:58)
    at processTicksAndRejections (node:internal/process/task_queues:105:5)
2025-08-03 22:27:22 [[31merror[39m]: Error: Invalid token version
    at createHttpError (C:\Users\USER\OneDrive\Documents\brocamb\Project 2\Backend\src\utils\http-error.util.ts:12:12)
    at AuthService.<anonymous> (C:\Users\USER\OneDrive\Documents\brocamb\Project 2\Backend\src\Services\auth\auth.service.ts:322:28)
    at Generator.next (<anonymous>)
    at fulfilled (C:\Users\USER\OneDrive\Documents\brocamb\Project 2\Backend\src\Services\auth\auth.service.ts:5:58)
    at processTicksAndRejections (node:internal/process/task_queues:105:5)
2025-08-03 22:50:14 [[31merror[39m]: Error: Token expired
    at createHttpError (C:\Users\USER\OneDrive\Documents\brocamb\Project 2\Backend\src\utils\http-error.util.ts:12:12)
    at C:\Users\USER\OneDrive\Documents\brocamb\Project 2\Backend\src\middleware\verify.token.middleware.ts:45:26
    at Generator.next (<anonymous>)
    at C:\Users\USER\OneDrive\Documents\brocamb\Project 2\Backend\src\middleware\verify.token.middleware.ts:8:71
    at new Promise (<anonymous>)
    at __awaiter (C:\Users\USER\OneDrive\Documents\brocamb\Project 2\Backend\src\middleware\verify.token.middleware.ts:4:12)
    at C:\Users\USER\OneDrive\Documents\brocamb\Project 2\Backend\src\middleware\verify.token.middleware.ts:20:22
    at Layer.handle [as handle_request] (C:\Users\USER\node_modules\express\lib\router\layer.js:95:5)
    at trim_prefix (C:\Users\USER\node_modules\express\lib\router\index.js:328:13)
    at C:\Users\USER\node_modules\express\lib\router\index.js:286:9
2025-08-03 23:05:56 [[31merror[39m]: Error: Token expired
    at createHttpError (C:\Users\USER\OneDrive\Documents\brocamb\Project 2\Backend\src\utils\http-error.util.ts:12:12)
    at C:\Users\USER\OneDrive\Documents\brocamb\Project 2\Backend\src\middleware\verify.token.middleware.ts:45:26
    at Generator.next (<anonymous>)
    at C:\Users\USER\OneDrive\Documents\brocamb\Project 2\Backend\src\middleware\verify.token.middleware.ts:8:71
    at new Promise (<anonymous>)
    at __awaiter (C:\Users\USER\OneDrive\Documents\brocamb\Project 2\Backend\src\middleware\verify.token.middleware.ts:4:12)
    at C:\Users\USER\OneDrive\Documents\brocamb\Project 2\Backend\src\middleware\verify.token.middleware.ts:20:22
    at Layer.handle [as handle_request] (C:\Users\USER\node_modules\express\lib\router\layer.js:95:5)
    at trim_prefix (C:\Users\USER\node_modules\express\lib\router\index.js:328:13)
    at C:\Users\USER\node_modules\express\lib\router\index.js:286:9
2025-08-04 00:16:25 [[31merror[39m]: Error: Token expired
    at createHttpError (C:\Users\USER\OneDrive\Documents\brocamb\Project 2\Backend\src\utils\http-error.util.ts:12:12)
    at C:\Users\USER\OneDrive\Documents\brocamb\Project 2\Backend\src\middleware\verify.token.middleware.ts:45:26
    at Generator.next (<anonymous>)
    at C:\Users\USER\OneDrive\Documents\brocamb\Project 2\Backend\src\middleware\verify.token.middleware.ts:8:71
    at new Promise (<anonymous>)
    at __awaiter (C:\Users\USER\OneDrive\Documents\brocamb\Project 2\Backend\src\middleware\verify.token.middleware.ts:4:12)
    at C:\Users\USER\OneDrive\Documents\brocamb\Project 2\Backend\src\middleware\verify.token.middleware.ts:20:22
    at Layer.handle [as handle_request] (C:\Users\USER\node_modules\express\lib\router\layer.js:95:5)
    at trim_prefix (C:\Users\USER\node_modules\express\lib\router\index.js:328:13)
    at C:\Users\USER\node_modules\express\lib\router\index.js:286:9
2025-08-04 10:52:15 [[31merror[39m]: Error: Invalid token version
    at createHttpError (C:\Users\USER\OneDrive\Documents\brocamb\Project 2\Backend\src\utils\http-error.util.ts:12:12)
    at AuthService.<anonymous> (C:\Users\USER\OneDrive\Documents\brocamb\Project 2\Backend\src\Services\auth\auth.service.ts:322:28)
    at Generator.next (<anonymous>)
    at fulfilled (C:\Users\USER\OneDrive\Documents\brocamb\Project 2\Backend\src\Services\auth\auth.service.ts:5:58)
    at processTicksAndRejections (node:internal/process/task_queues:105:5)
2025-08-04 10:52:15 [[31merror[39m]: Error: Token not provided
    at createHttpError (C:\Users\USER\OneDrive\Documents\brocamb\Project 2\Backend\src\utils\http-error.util.ts:12:12)
    at C:\Users\USER\OneDrive\Documents\brocamb\Project 2\Backend\src\middleware\verify.token.middleware.ts:28:24
    at Generator.next (<anonymous>)
    at C:\Users\USER\OneDrive\Documents\brocamb\Project 2\Backend\src\middleware\verify.token.middleware.ts:8:71
    at new Promise (<anonymous>)
    at __awaiter (C:\Users\USER\OneDrive\Documents\brocamb\Project 2\Backend\src\middleware\verify.token.middleware.ts:4:12)
    at C:\Users\USER\OneDrive\Documents\brocamb\Project 2\Backend\src\middleware\verify.token.middleware.ts:20:22
    at Layer.handle [as handle_request] (C:\Users\USER\node_modules\express\lib\router\layer.js:95:5)
    at trim_prefix (C:\Users\USER\node_modules\express\lib\router\index.js:328:13)
    at C:\Users\USER\node_modules\express\lib\router\index.js:286:9
2025-08-04 10:52:15 [[31merror[39m]: Error: Refresh token not found
    at createHttpError (C:\Users\USER\OneDrive\Documents\brocamb\Project 2\Backend\src\utils\http-error.util.ts:12:12)
    at AuthController.<anonymous> (C:\Users\USER\OneDrive\Documents\brocamb\Project 2\Backend\src\Controller\auth\auth.controller.ts:189:30)
    at Generator.next (<anonymous>)
    at C:\Users\USER\OneDrive\Documents\brocamb\Project 2\Backend\src\Controller\auth\auth.controller.ts:8:71
    at new Promise (<anonymous>)
    at __awaiter (C:\Users\USER\OneDrive\Documents\brocamb\Project 2\Backend\src\Controller\auth\auth.controller.ts:4:12)
    at AuthController.refreshToken (C:\Users\USER\OneDrive\Documents\brocamb\Project 2\Backend\src\Controller\auth\auth.controller.ts:163:16)
    at Layer.handle [as handle_request] (C:\Users\USER\node_modules\express\lib\router\layer.js:95:5)
    at next (C:\Users\USER\node_modules\express\lib\router\route.js:149:13)
    at Route.dispatch (C:\Users\USER\node_modules\express\lib\router\route.js:119:3)
2025-08-04 11:07:17 [[31merror[39m]: Error: Invalid token version
    at createHttpError (C:\Users\USER\OneDrive\Documents\brocamb\Project 2\Backend\src\utils\http-error.util.ts:12:12)
    at AuthService.<anonymous> (C:\Users\USER\OneDrive\Documents\brocamb\Project 2\Backend\src\Services\auth\auth.service.ts:322:28)
    at Generator.next (<anonymous>)
    at fulfilled (C:\Users\USER\OneDrive\Documents\brocamb\Project 2\Backend\src\Services\auth\auth.service.ts:5:58)
    at processTicksAndRejections (node:internal/process/task_queues:105:5)
2025-08-04 11:10:51 [[31merror[39m]: Error: Invalid token version
    at createHttpError (C:\Users\USER\OneDrive\Documents\brocamb\Project 2\Backend\src\utils\http-error.util.ts:12:12)
    at AuthService.<anonymous> (C:\Users\USER\OneDrive\Documents\brocamb\Project 2\Backend\src\Services\auth\auth.service.ts:322:28)
    at Generator.next (<anonymous>)
    at fulfilled (C:\Users\USER\OneDrive\Documents\brocamb\Project 2\Backend\src\Services\auth\auth.service.ts:5:58)
    at processTicksAndRejections (node:internal/process/task_queues:105:5)
2025-08-04 11:42:22 [[31merror[39m]: Error: Token expired
    at createHttpError (C:\Users\USER\OneDrive\Documents\brocamb\Project 2\Backend\src\utils\http-error.util.ts:12:12)
    at C:\Users\USER\OneDrive\Documents\brocamb\Project 2\Backend\src\middleware\verify.token.middleware.ts:45:26
    at Generator.next (<anonymous>)
    at C:\Users\USER\OneDrive\Documents\brocamb\Project 2\Backend\src\middleware\verify.token.middleware.ts:8:71
    at new Promise (<anonymous>)
    at __awaiter (C:\Users\USER\OneDrive\Documents\brocamb\Project 2\Backend\src\middleware\verify.token.middleware.ts:4:12)
    at C:\Users\USER\OneDrive\Documents\brocamb\Project 2\Backend\src\middleware\verify.token.middleware.ts:20:22
    at Layer.handle [as handle_request] (C:\Users\USER\node_modules\express\lib\router\layer.js:95:5)
    at trim_prefix (C:\Users\USER\node_modules\express\lib\router\index.js:328:13)
    at C:\Users\USER\node_modules\express\lib\router\index.js:286:9
2025-08-04 12:06:38 [[31merror[39m]: Error: Token expired
    at createHttpError (C:\Users\USER\OneDrive\Documents\brocamb\Project 2\Backend\src\utils\http-error.util.ts:12:12)
    at C:\Users\USER\OneDrive\Documents\brocamb\Project 2\Backend\src\middleware\verify.token.middleware.ts:45:26
    at Generator.next (<anonymous>)
    at C:\Users\USER\OneDrive\Documents\brocamb\Project 2\Backend\src\middleware\verify.token.middleware.ts:8:71
    at new Promise (<anonymous>)
    at __awaiter (C:\Users\USER\OneDrive\Documents\brocamb\Project 2\Backend\src\middleware\verify.token.middleware.ts:4:12)
    at C:\Users\USER\OneDrive\Documents\brocamb\Project 2\Backend\src\middleware\verify.token.middleware.ts:20:22
    at Layer.handle [as handle_request] (C:\Users\USER\node_modules\express\lib\router\layer.js:95:5)
    at trim_prefix (C:\Users\USER\node_modules\express\lib\router\index.js:328:13)
    at C:\Users\USER\node_modules\express\lib\router\index.js:286:9
2025-08-04 14:19:09 [[31merror[39m]: ValidationError: Personalization validation failed: data: Invalid personalization data for the specified role.
    at model.Document.invalidate (C:\Users\USER\node_modules\mongoose\lib\document.js:3334:32)
    at C:\Users\USER\node_modules\mongoose\lib\document.js:3095:17
    at C:\Users\USER\node_modules\mongoose\lib\schemaType.js:1407:9
    at processTicksAndRejections (node:internal/process/task_queues:85:11)
2025-08-04 14:21:10 [[31merror[39m]: ValidationError: Personalization validation failed: data: Invalid personalization data for the specified role.
    at model.Document.invalidate (C:\Users\USER\node_modules\mongoose\lib\document.js:3334:32)
    at C:\Users\USER\node_modules\mongoose\lib\document.js:3095:17
    at C:\Users\USER\node_modules\mongoose\lib\schemaType.js:1407:9
    at processTicksAndRejections (node:internal/process/task_queues:85:11)
2025-08-04 14:22:25 [[31merror[39m]: Error: Invalid token version
    at createHttpError (C:\Users\USER\OneDrive\Documents\brocamb\Project 2\Backend\src\utils\http-error.util.ts:12:12)
    at AuthService.<anonymous> (C:\Users\USER\OneDrive\Documents\brocamb\Project 2\Backend\src\Services\auth\auth.service.ts:322:28)
    at Generator.next (<anonymous>)
    at fulfilled (C:\Users\USER\OneDrive\Documents\brocamb\Project 2\Backend\src\Services\auth\auth.service.ts:5:58)
    at processTicksAndRejections (node:internal/process/task_queues:105:5)
2025-08-04 18:49:51 [[31merror[39m]: Error: Token expired
    at createHttpError (C:\Users\USER\OneDrive\Documents\brocamb\Project 2\Backend\src\utils\http-error.util.ts:12:12)
    at C:\Users\USER\OneDrive\Documents\brocamb\Project 2\Backend\src\middleware\verify.token.middleware.ts:45:26
    at Generator.next (<anonymous>)
    at C:\Users\USER\OneDrive\Documents\brocamb\Project 2\Backend\src\middleware\verify.token.middleware.ts:8:71
    at new Promise (<anonymous>)
    at __awaiter (C:\Users\USER\OneDrive\Documents\brocamb\Project 2\Backend\src\middleware\verify.token.middleware.ts:4:12)
    at C:\Users\USER\OneDrive\Documents\brocamb\Project 2\Backend\src\middleware\verify.token.middleware.ts:20:22
    at Layer.handle [as handle_request] (C:\Users\USER\node_modules\express\lib\router\layer.js:95:5)
    at trim_prefix (C:\Users\USER\node_modules\express\lib\router\index.js:328:13)
    at C:\Users\USER\node_modules\express\lib\router\index.js:286:9
2025-08-04 22:16:44 [[31merror[39m]: Error: Token expired
    at createHttpError (C:\Users\USER\OneDrive\Documents\brocamb\Project 2\Backend\src\utils\http-error.util.ts:12:12)
    at C:\Users\USER\OneDrive\Documents\brocamb\Project 2\Backend\src\middleware\verify.token.middleware.ts:45:26
    at Generator.next (<anonymous>)
    at C:\Users\USER\OneDrive\Documents\brocamb\Project 2\Backend\src\middleware\verify.token.middleware.ts:8:71
    at new Promise (<anonymous>)
    at __awaiter (C:\Users\USER\OneDrive\Documents\brocamb\Project 2\Backend\src\middleware\verify.token.middleware.ts:4:12)
    at C:\Users\USER\OneDrive\Documents\brocamb\Project 2\Backend\src\middleware\verify.token.middleware.ts:20:22
    at Layer.handle [as handle_request] (C:\Users\USER\node_modules\express\lib\router\layer.js:95:5)
    at trim_prefix (C:\Users\USER\node_modules\express\lib\router\index.js:328:13)
    at C:\Users\USER\node_modules\express\lib\router\index.js:286:9
2025-08-04 22:16:44 [[31merror[39m]: Error: Failed to update interview feedback
    at createHttpError (C:\Users\USER\OneDrive\Documents\brocamb\Project 2\Backend\src\utils\http-error.util.ts:12:12)
    at AdminTrainerSerice.<anonymous> (C:\Users\USER\OneDrive\Documents\brocamb\Project 2\Backend\src\Services\admin\admin.trainer.service.ts:114:28)
    at Generator.next (<anonymous>)
    at fulfilled (C:\Users\USER\OneDrive\Documents\brocamb\Project 2\Backend\src\Services\admin\admin.trainer.service.ts:5:58)
    at processTicksAndRejections (node:internal/process/task_queues:105:5)
2025-08-04 22:47:14 [[31merror[39m]: Error: Token expired
    at createHttpError (C:\Users\USER\OneDrive\Documents\brocamb\Project 2\Backend\src\utils\http-error.util.ts:12:12)
    at C:\Users\USER\OneDrive\Documents\brocamb\Project 2\Backend\src\middleware\verify.token.middleware.ts:45:26
    at Generator.next (<anonymous>)
    at C:\Users\USER\OneDrive\Documents\brocamb\Project 2\Backend\src\middleware\verify.token.middleware.ts:8:71
    at new Promise (<anonymous>)
    at __awaiter (C:\Users\USER\OneDrive\Documents\brocamb\Project 2\Backend\src\middleware\verify.token.middleware.ts:4:12)
    at C:\Users\USER\OneDrive\Documents\brocamb\Project 2\Backend\src\middleware\verify.token.middleware.ts:20:22
    at Layer.handle [as handle_request] (C:\Users\USER\node_modules\express\lib\router\layer.js:95:5)
    at trim_prefix (C:\Users\USER\node_modules\express\lib\router\index.js:328:13)
    at C:\Users\USER\node_modules\express\lib\router\index.js:286:9
2025-08-04 22:48:15 [[31merror[39m]: Error: Error sending trainer approval email
    at C:\Users\USER\OneDrive\Documents\brocamb\Project 2\Backend\src\utils\send-email.util.ts:799:11
    at Generator.throw (<anonymous>)
    at rejected (C:\Users\USER\OneDrive\Documents\brocamb\Project 2\Backend\src\utils\send-email.util.ts:6:65)
2025-08-04 23:14:14 [[31merror[39m]: Error: Token expired
    at createHttpError (C:\Users\USER\OneDrive\Documents\brocamb\Project 2\Backend\src\utils\http-error.util.ts:12:12)
    at C:\Users\USER\OneDrive\Documents\brocamb\Project 2\Backend\src\middleware\verify.token.middleware.ts:45:26
    at Generator.next (<anonymous>)
    at C:\Users\USER\OneDrive\Documents\brocamb\Project 2\Backend\src\middleware\verify.token.middleware.ts:8:71
    at new Promise (<anonymous>)
    at __awaiter (C:\Users\USER\OneDrive\Documents\brocamb\Project 2\Backend\src\middleware\verify.token.middleware.ts:4:12)
    at C:\Users\USER\OneDrive\Documents\brocamb\Project 2\Backend\src\middleware\verify.token.middleware.ts:20:22
    at Layer.handle [as handle_request] (C:\Users\USER\node_modules\express\lib\router\layer.js:95:5)
    at trim_prefix (C:\Users\USER\node_modules\express\lib\router\index.js:328:13)
    at C:\Users\USER\node_modules\express\lib\router\index.js:286:9
2025-08-05 09:54:30 [[31merror[39m]: Error: Token expired
    at createHttpError (C:\Users\USER\OneDrive\Documents\brocamb\Project 2\Backend\src\utils\http-error.util.ts:12:12)
    at C:\Users\USER\OneDrive\Documents\brocamb\Project 2\Backend\src\middleware\verify.token.middleware.ts:45:26
    at Generator.next (<anonymous>)
    at C:\Users\USER\OneDrive\Documents\brocamb\Project 2\Backend\src\middleware\verify.token.middleware.ts:8:71
    at new Promise (<anonymous>)
    at __awaiter (C:\Users\USER\OneDrive\Documents\brocamb\Project 2\Backend\src\middleware\verify.token.middleware.ts:4:12)
    at C:\Users\USER\OneDrive\Documents\brocamb\Project 2\Backend\src\middleware\verify.token.middleware.ts:20:22
    at Layer.handle [as handle_request] (C:\Users\USER\node_modules\express\lib\router\layer.js:95:5)
    at trim_prefix (C:\Users\USER\node_modules\express\lib\router\index.js:328:13)
    at C:\Users\USER\node_modules\express\lib\router\index.js:286:9
2025-08-05 11:35:22 [[31merror[39m]: Error: Token expired
    at createHttpError (C:\Users\USER\OneDrive\Documents\brocamb\Project 2\Backend\src\utils\http-error.util.ts:12:12)
    at C:\Users\USER\OneDrive\Documents\brocamb\Project 2\Backend\src\middleware\verify.token.middleware.ts:45:26
    at Generator.next (<anonymous>)
    at C:\Users\USER\OneDrive\Documents\brocamb\Project 2\Backend\src\middleware\verify.token.middleware.ts:8:71
    at new Promise (<anonymous>)
    at __awaiter (C:\Users\USER\OneDrive\Documents\brocamb\Project 2\Backend\src\middleware\verify.token.middleware.ts:4:12)
    at C:\Users\USER\OneDrive\Documents\brocamb\Project 2\Backend\src\middleware\verify.token.middleware.ts:20:22
    at Layer.handle [as handle_request] (C:\Users\USER\node_modules\express\lib\router\layer.js:95:5)
    at trim_prefix (C:\Users\USER\node_modules\express\lib\router\index.js:328:13)
    at C:\Users\USER\node_modules\express\lib\router\index.js:286:9
2025-08-05 11:35:22 [[31merror[39m]: Error: Token expired
    at createHttpError (C:\Users\USER\OneDrive\Documents\brocamb\Project 2\Backend\src\utils\http-error.util.ts:12:12)
    at C:\Users\USER\OneDrive\Documents\brocamb\Project 2\Backend\src\middleware\verify.token.middleware.ts:45:26
    at Generator.next (<anonymous>)
    at C:\Users\USER\OneDrive\Documents\brocamb\Project 2\Backend\src\middleware\verify.token.middleware.ts:8:71
    at new Promise (<anonymous>)
    at __awaiter (C:\Users\USER\OneDrive\Documents\brocamb\Project 2\Backend\src\middleware\verify.token.middleware.ts:4:12)
    at C:\Users\USER\OneDrive\Documents\brocamb\Project 2\Backend\src\middleware\verify.token.middleware.ts:20:22
    at Layer.handle [as handle_request] (C:\Users\USER\node_modules\express\lib\router\layer.js:95:5)
    at trim_prefix (C:\Users\USER\node_modules\express\lib\router\index.js:328:13)
    at C:\Users\USER\node_modules\express\lib\router\index.js:286:9
2025-08-05 11:37:23 [[31merror[39m]: Error: User not found
    at createHttpError (C:\Users\USER\OneDrive\Documents\brocamb\Project 2\Backend\src\utils\http-error.util.ts:12:12)
    at UserRepository.<anonymous> (C:\Users\USER\OneDrive\Documents\brocamb\Project 2\Backend\src\Repository\user.Repository.ts:36:28)
    at Generator.next (<anonymous>)
    at fulfilled (C:\Users\USER\OneDrive\Documents\brocamb\Project 2\Backend\src\Repository\user.Repository.ts:5:58)
    at processTicksAndRejections (node:internal/process/task_queues:105:5)
2025-08-05 11:40:08 [[31merror[39m]: BSONError: input must be a 24 character hex string, 12 byte Uint8Array, or an integer
    at new ObjectId (C:\Users\USER\node_modules\bson\src\objectid.ts:120:15)
    at UserRepository.<anonymous> (C:\Users\USER\OneDrive\Documents\brocamb\Project 2\Backend\src\Repository\user.Repository.ts:34:38)
    at Generator.next (<anonymous>)
    at C:\Users\USER\OneDrive\Documents\brocamb\Project 2\Backend\src\Repository\user.Repository.ts:8:71
    at new Promise (<anonymous>)
    at __awaiter (C:\Users\USER\OneDrive\Documents\brocamb\Project 2\Backend\src\Repository\user.Repository.ts:4:12)
    at UserRepository.blockOrUnblockUser (C:\Users\USER\OneDrive\Documents\brocamb\Project 2\Backend\src\Repository\user.Repository.ts:37:16)
    at AdminCommonService.<anonymous> (C:\Users\USER\OneDrive\Documents\brocamb\Project 2\Backend\src\Services\admin\admin.common.service.ts:10:36)
    at Generator.next (<anonymous>)
    at C:\Users\USER\OneDrive\Documents\brocamb\Project 2\Backend\src\Services\admin\admin.common.service.ts:8:71
2025-08-05 11:43:20 [[31merror[39m]: Error: User is Blocked
    at createHttpError (C:\Users\USER\OneDrive\Documents\brocamb\Project 2\Backend\src\utils\http-error.util.ts:12:12)
    at AuthService.<anonymous> (C:\Users\USER\OneDrive\Documents\brocamb\Project 2\Backend\src\Services\auth\auth.service.ts:76:28)
    at Generator.next (<anonymous>)
    at fulfilled (C:\Users\USER\OneDrive\Documents\brocamb\Project 2\Backend\src\Services\auth\auth.service.ts:5:58)
2025-08-05 11:43:56 [[31merror[39m]: Error: User is Blocked
    at createHttpError (C:\Users\USER\OneDrive\Documents\brocamb\Project 2\Backend\src\utils\http-error.util.ts:12:12)
    at C:\Users\USER\OneDrive\Documents\brocamb\Project 2\Backend\src\middleware\verify.token.middleware.ts:99:26
    at Generator.next (<anonymous>)
    at fulfilled (C:\Users\USER\OneDrive\Documents\brocamb\Project 2\Backend\src\middleware\verify.token.middleware.ts:5:58)
    at processTicksAndRejections (node:internal/process/task_queues:105:5)
2025-08-05 11:47:34 [[31merror[39m]: Error: User is Blocked
    at createHttpError (C:\Users\USER\OneDrive\Documents\brocamb\Project 2\Backend\src\utils\http-error.util.ts:12:12)
    at AuthService.<anonymous> (C:\Users\USER\OneDrive\Documents\brocamb\Project 2\Backend\src\Services\auth\auth.service.ts:76:28)
    at Generator.next (<anonymous>)
    at fulfilled (C:\Users\USER\OneDrive\Documents\brocamb\Project 2\Backend\src\Services\auth\auth.service.ts:5:58)
2025-08-05 11:56:29 [[31merror[39m]: Error: Invalid password
    at createHttpError (C:\Users\USER\OneDrive\Documents\brocamb\Project 2\Backend\src\utils\http-error.util.ts:12:12)
    at AuthService.<anonymous> (C:\Users\USER\OneDrive\Documents\brocamb\Project 2\Backend\src\Services\auth\auth.service.ts:69:28)
    at Generator.next (<anonymous>)
    at fulfilled (C:\Users\USER\OneDrive\Documents\brocamb\Project 2\Backend\src\Services\auth\auth.service.ts:5:58)
2025-08-05 15:52:20 [[31merror[39m]: Error: Token expired
    at createHttpError (C:\Users\USER\OneDrive\Documents\brocamb\Project 2\Backend\src\utils\http-error.util.ts:12:12)
    at C:\Users\USER\OneDrive\Documents\brocamb\Project 2\Backend\src\middleware\verify.token.middleware.ts:45:26
    at Generator.next (<anonymous>)
    at C:\Users\USER\OneDrive\Documents\brocamb\Project 2\Backend\src\middleware\verify.token.middleware.ts:8:71
    at new Promise (<anonymous>)
    at __awaiter (C:\Users\USER\OneDrive\Documents\brocamb\Project 2\Backend\src\middleware\verify.token.middleware.ts:4:12)
    at C:\Users\USER\OneDrive\Documents\brocamb\Project 2\Backend\src\middleware\verify.token.middleware.ts:20:22
    at Layer.handle [as handle_request] (C:\Users\USER\node_modules\express\lib\router\layer.js:95:5)
    at trim_prefix (C:\Users\USER\node_modules\express\lib\router\index.js:328:13)
    at C:\Users\USER\node_modules\express\lib\router\index.js:286:9
2025-08-05 15:52:20 [[31merror[39m]: Error: Failed to get profile data
    at createHttpError (C:\Users\USER\OneDrive\Documents\brocamb\Project 2\Backend\src\utils\http-error.util.ts:12:12)
    at TrainerPersonalizationService.<anonymous> (C:\Users\USER\OneDrive\Documents\brocamb\Project 2\Backend\src\Services\trainer\trainer.personalization.service.ts:205:28)
    at Generator.next (<anonymous>)
    at fulfilled (C:\Users\USER\OneDrive\Documents\brocamb\Project 2\Backend\src\Services\trainer\trainer.personalization.service.ts:5:58)
    at processTicksAndRejections (node:internal/process/task_queues:105:5)
2025-08-05 16:42:09 [[31merror[39m]: Error: Token expired
    at createHttpError (C:\Users\USER\OneDrive\Documents\brocamb\Project 2\Backend\src\utils\http-error.util.ts:12:12)
    at C:\Users\USER\OneDrive\Documents\brocamb\Project 2\Backend\src\middleware\verify.token.middleware.ts:45:26
    at Generator.next (<anonymous>)
    at C:\Users\USER\OneDrive\Documents\brocamb\Project 2\Backend\src\middleware\verify.token.middleware.ts:8:71
    at new Promise (<anonymous>)
    at __awaiter (C:\Users\USER\OneDrive\Documents\brocamb\Project 2\Backend\src\middleware\verify.token.middleware.ts:4:12)
    at C:\Users\USER\OneDrive\Documents\brocamb\Project 2\Backend\src\middleware\verify.token.middleware.ts:20:22
    at Layer.handle [as handle_request] (C:\Users\USER\node_modules\express\lib\router\layer.js:95:5)
    at trim_prefix (C:\Users\USER\node_modules\express\lib\router\index.js:328:13)
    at C:\Users\USER\node_modules\express\lib\router\index.js:286:9
2025-08-05 16:42:09 [[31merror[39m]: Error: Failed to get profile data
    at createHttpError (C:\Users\USER\OneDrive\Documents\brocamb\Project 2\Backend\src\utils\http-error.util.ts:12:12)
    at TrainerPersonalizationService.<anonymous> (C:\Users\USER\OneDrive\Documents\brocamb\Project 2\Backend\src\Services\trainer\trainer.personalization.service.ts:205:28)
    at Generator.next (<anonymous>)
    at fulfilled (C:\Users\USER\OneDrive\Documents\brocamb\Project 2\Backend\src\Services\trainer\trainer.personalization.service.ts:5:58)
    at processTicksAndRejections (node:internal/process/task_queues:105:5)
2025-08-05 16:44:15 [[31merror[39m]: Error: Failed to get profile data
    at createHttpError (C:\Users\USER\OneDrive\Documents\brocamb\Project 2\Backend\src\utils\http-error.util.ts:12:12)
    at TrainerPersonalizationService.<anonymous> (C:\Users\USER\OneDrive\Documents\brocamb\Project 2\Backend\src\Services\trainer\trainer.personalization.service.ts:205:28)
    at Generator.next (<anonymous>)
    at fulfilled (C:\Users\USER\OneDrive\Documents\brocamb\Project 2\Backend\src\Services\trainer\trainer.personalization.service.ts:5:58)
    at processTicksAndRejections (node:internal/process/task_queues:105:5)
2025-08-05 16:45:11 [[31merror[39m]: Error: Failed to get profile data
    at createHttpError (C:\Users\USER\OneDrive\Documents\brocamb\Project 2\Backend\src\utils\http-error.util.ts:12:12)
    at TrainerPersonalizationService.<anonymous> (C:\Users\USER\OneDrive\Documents\brocamb\Project 2\Backend\src\Services\trainer\trainer.personalization.service.ts:205:28)
    at Generator.next (<anonymous>)
    at fulfilled (C:\Users\USER\OneDrive\Documents\brocamb\Project 2\Backend\src\Services\trainer\trainer.personalization.service.ts:5:58)
    at processTicksAndRejections (node:internal/process/task_queues:105:5)
2025-08-05 16:48:56 [[31merror[39m]: Error: Failed to get profile data
    at createHttpError (C:\Users\USER\OneDrive\Documents\brocamb\Project 2\Backend\src\utils\http-error.util.ts:12:12)
    at TrainerPersonalizationService.<anonymous> (C:\Users\USER\OneDrive\Documents\brocamb\Project 2\Backend\src\Services\trainer\trainer.personalization.service.ts:205:28)
    at Generator.next (<anonymous>)
    at fulfilled (C:\Users\USER\OneDrive\Documents\brocamb\Project 2\Backend\src\Services\trainer\trainer.personalization.service.ts:5:58)
    at processTicksAndRejections (node:internal/process/task_queues:105:5)
2025-08-05 16:50:53 [[31merror[39m]: TypeError: Cannot read properties of undefined (reading 'data')
    at Function.mapTrainerProfileToDTO (C:\Users\USER\OneDrive\Documents\brocamb\Project 2\Backend\src\dtos\trainer\TrainerDTO.ts:45:46)
    at TrainerPersonalizationService.<anonymous> (C:\Users\USER\OneDrive\Documents\brocamb\Project 2\Backend\src\Services\trainer\trainer.personalization.service.ts:211:23)
    at Generator.next (<anonymous>)
    at fulfilled (C:\Users\USER\OneDrive\Documents\brocamb\Project 2\Backend\src\Services\trainer\trainer.personalization.service.ts:5:58)
    at processTicksAndRejections (node:internal/process/task_queues:105:5)
2025-08-05 16:52:34 [[31merror[39m]: TypeError: Cannot read properties of undefined (reading 'data')
    at Function.mapTrainerProfileToDTO (C:\Users\USER\OneDrive\Documents\brocamb\Project 2\Backend\src\dtos\trainer\TrainerDTO.ts:45:46)
    at TrainerPersonalizationService.<anonymous> (C:\Users\USER\OneDrive\Documents\brocamb\Project 2\Backend\src\Services\trainer\trainer.personalization.service.ts:211:23)
    at Generator.next (<anonymous>)
    at fulfilled (C:\Users\USER\OneDrive\Documents\brocamb\Project 2\Backend\src\Services\trainer\trainer.personalization.service.ts:5:58)
    at processTicksAndRejections (node:internal/process/task_queues:105:5)
2025-08-05 16:53:25 [[31merror[39m]: TypeError: Cannot read properties of undefined (reading 'data')
    at Function.mapTrainerProfileToDTO (C:\Users\USER\OneDrive\Documents\brocamb\Project 2\Backend\src\dtos\trainer\TrainerDTO.ts:45:46)
    at TrainerPersonalizationService.<anonymous> (C:\Users\USER\OneDrive\Documents\brocamb\Project 2\Backend\src\Services\trainer\trainer.personalization.service.ts:212:23)
    at Generator.next (<anonymous>)
    at fulfilled (C:\Users\USER\OneDrive\Documents\brocamb\Project 2\Backend\src\Services\trainer\trainer.personalization.service.ts:5:58)
    at processTicksAndRejections (node:internal/process/task_queues:105:5)
2025-08-05 16:54:06 [[31merror[39m]: TypeError: Cannot read properties of undefined (reading 'data')
    at Function.mapTrainerProfileToDTO (C:\Users\USER\OneDrive\Documents\brocamb\Project 2\Backend\src\dtos\trainer\TrainerDTO.ts:45:46)
    at TrainerPersonalizationService.<anonymous> (C:\Users\USER\OneDrive\Documents\brocamb\Project 2\Backend\src\Services\trainer\trainer.personalization.service.ts:212:23)
    at Generator.next (<anonymous>)
    at fulfilled (C:\Users\USER\OneDrive\Documents\brocamb\Project 2\Backend\src\Services\trainer\trainer.personalization.service.ts:5:58)
    at processTicksAndRejections (node:internal/process/task_queues:105:5)
2025-08-05 16:58:16 [[31merror[39m]: Error: Token expired
    at createHttpError (C:\Users\USER\OneDrive\Documents\brocamb\Project 2\Backend\src\utils\http-error.util.ts:12:12)
    at C:\Users\USER\OneDrive\Documents\brocamb\Project 2\Backend\src\middleware\verify.token.middleware.ts:45:26
    at Generator.next (<anonymous>)
    at C:\Users\USER\OneDrive\Documents\brocamb\Project 2\Backend\src\middleware\verify.token.middleware.ts:8:71
    at new Promise (<anonymous>)
    at __awaiter (C:\Users\USER\OneDrive\Documents\brocamb\Project 2\Backend\src\middleware\verify.token.middleware.ts:4:12)
    at C:\Users\USER\OneDrive\Documents\brocamb\Project 2\Backend\src\middleware\verify.token.middleware.ts:20:22
    at Layer.handle [as handle_request] (C:\Users\USER\node_modules\express\lib\router\layer.js:95:5)
    at trim_prefix (C:\Users\USER\node_modules\express\lib\router\index.js:328:13)
    at C:\Users\USER\node_modules\express\lib\router\index.js:286:9
2025-08-05 18:05:03 [[31merror[39m]: Error: Token expired
    at createHttpError (C:\Users\USER\OneDrive\Documents\brocamb\Project 2\Backend\src\utils\http-error.util.ts:12:12)
    at C:\Users\USER\OneDrive\Documents\brocamb\Project 2\Backend\src\middleware\verify.token.middleware.ts:45:26
    at Generator.next (<anonymous>)
    at C:\Users\USER\OneDrive\Documents\brocamb\Project 2\Backend\src\middleware\verify.token.middleware.ts:8:71
    at new Promise (<anonymous>)
    at __awaiter (C:\Users\USER\OneDrive\Documents\brocamb\Project 2\Backend\src\middleware\verify.token.middleware.ts:4:12)
    at C:\Users\USER\OneDrive\Documents\brocamb\Project 2\Backend\src\middleware\verify.token.middleware.ts:20:22
    at Layer.handle [as handle_request] (C:\Users\USER\node_modules\express\lib\router\layer.js:95:5)
    at trim_prefix (C:\Users\USER\node_modules\express\lib\router\index.js:328:13)
    at C:\Users\USER\node_modules\express\lib\router\index.js:286:9
2025-08-06 13:53:56 [[31merror[39m]: Error: User not found
    at createHttpError (C:\Users\USER\OneDrive\Documents\brocamb\Project 2\Backend\src\utils\http-error.util.ts:12:12)
    at UserFileService.<anonymous> (C:\Users\USER\OneDrive\Documents\brocamb\Project 2\Backend\src\Services\common\userFile.service.ts:43:28)
    at Generator.next (<anonymous>)
    at fulfilled (C:\Users\USER\OneDrive\Documents\brocamb\Project 2\Backend\src\Services\common\userFile.service.ts:5:58)
    at processTicksAndRejections (node:internal/process/task_queues:105:5)
2025-08-06 13:57:09 [[31merror[39m]: Error: User not found
    at createHttpError (C:\Users\USER\OneDrive\Documents\brocamb\Project 2\Backend\src\utils\http-error.util.ts:12:12)
    at UserFileService.<anonymous> (C:\Users\USER\OneDrive\Documents\brocamb\Project 2\Backend\src\Services\common\userFile.service.ts:43:28)
    at Generator.next (<anonymous>)
    at fulfilled (C:\Users\USER\OneDrive\Documents\brocamb\Project 2\Backend\src\Services\common\userFile.service.ts:5:58)
    at processTicksAndRejections (node:internal/process/task_queues:105:5)
2025-08-06 13:58:31 [[31merror[39m]: Error: User not found
    at createHttpError (C:\Users\USER\OneDrive\Documents\brocamb\Project 2\Backend\src\utils\http-error.util.ts:12:12)
    at UserFileService.<anonymous> (C:\Users\USER\OneDrive\Documents\brocamb\Project 2\Backend\src\Services\common\userFile.service.ts:44:28)
    at Generator.next (<anonymous>)
    at fulfilled (C:\Users\USER\OneDrive\Documents\brocamb\Project 2\Backend\src\Services\common\userFile.service.ts:5:58)
    at processTicksAndRejections (node:internal/process/task_queues:105:5)
2025-08-06 13:59:16 [[31merror[39m]: Error: User not found
    at createHttpError (C:\Users\USER\OneDrive\Documents\brocamb\Project 2\Backend\src\utils\http-error.util.ts:12:12)
    at UserFileService.<anonymous> (C:\Users\USER\OneDrive\Documents\brocamb\Project 2\Backend\src\Services\common\userFile.service.ts:44:28)
    at Generator.next (<anonymous>)
    at fulfilled (C:\Users\USER\OneDrive\Documents\brocamb\Project 2\Backend\src\Services\common\userFile.service.ts:5:58)
    at processTicksAndRejections (node:internal/process/task_queues:105:5)
2025-08-06 14:00:30 [[31merror[39m]: Error: User not found
    at createHttpError (C:\Users\USER\OneDrive\Documents\brocamb\Project 2\Backend\src\utils\http-error.util.ts:12:12)
    at UserFileService.<anonymous> (C:\Users\USER\OneDrive\Documents\brocamb\Project 2\Backend\src\Services\common\userFile.service.ts:44:28)
    at Generator.next (<anonymous>)
    at fulfilled (C:\Users\USER\OneDrive\Documents\brocamb\Project 2\Backend\src\Services\common\userFile.service.ts:5:58)
    at processTicksAndRejections (node:internal/process/task_queues:105:5)
2025-08-06 14:01:38 [[31merror[39m]: Error: User not found
    at createHttpError (C:\Users\USER\OneDrive\Documents\brocamb\Project 2\Backend\src\utils\http-error.util.ts:12:12)
    at UserFileService.<anonymous> (C:\Users\USER\OneDrive\Documents\brocamb\Project 2\Backend\src\Services\common\userFile.service.ts:45:28)
    at Generator.next (<anonymous>)
    at fulfilled (C:\Users\USER\OneDrive\Documents\brocamb\Project 2\Backend\src\Services\common\userFile.service.ts:5:58)
    at processTicksAndRejections (node:internal/process/task_queues:105:5)
2025-08-06 14:18:59 [[31merror[39m]: Error: Token expired
    at createHttpError (C:\Users\USER\OneDrive\Documents\brocamb\Project 2\Backend\src\utils\http-error.util.ts:12:12)
    at C:\Users\USER\OneDrive\Documents\brocamb\Project 2\Backend\src\middleware\verify.token.middleware.ts:45:26
    at Generator.next (<anonymous>)
    at C:\Users\USER\OneDrive\Documents\brocamb\Project 2\Backend\src\middleware\verify.token.middleware.ts:8:71
    at new Promise (<anonymous>)
    at __awaiter (C:\Users\USER\OneDrive\Documents\brocamb\Project 2\Backend\src\middleware\verify.token.middleware.ts:4:12)
    at C:\Users\USER\OneDrive\Documents\brocamb\Project 2\Backend\src\middleware\verify.token.middleware.ts:20:22
    at Layer.handle [as handle_request] (C:\Users\USER\node_modules\express\lib\router\layer.js:95:5)
    at trim_prefix (C:\Users\USER\node_modules\express\lib\router\index.js:328:13)
    at C:\Users\USER\node_modules\express\lib\router\index.js:286:9
2025-08-06 14:45:49 [[31merror[39m]: Error: Token expired
    at createHttpError (C:\Users\USER\OneDrive\Documents\brocamb\Project 2\Backend\src\utils\http-error.util.ts:12:12)
    at C:\Users\USER\OneDrive\Documents\brocamb\Project 2\Backend\src\middleware\verify.token.middleware.ts:45:26
    at Generator.next (<anonymous>)
    at C:\Users\USER\OneDrive\Documents\brocamb\Project 2\Backend\src\middleware\verify.token.middleware.ts:8:71
    at new Promise (<anonymous>)
    at __awaiter (C:\Users\USER\OneDrive\Documents\brocamb\Project 2\Backend\src\middleware\verify.token.middleware.ts:4:12)
    at C:\Users\USER\OneDrive\Documents\brocamb\Project 2\Backend\src\middleware\verify.token.middleware.ts:20:22
    at Layer.handle [as handle_request] (C:\Users\USER\node_modules\express\lib\router\layer.js:95:5)
    at trim_prefix (C:\Users\USER\node_modules\express\lib\router\index.js:328:13)
    at C:\Users\USER\node_modules\express\lib\router\index.js:286:9
2025-08-06 15:01:01 [[31merror[39m]: Error: Token expired
    at createHttpError (C:\Users\USER\OneDrive\Documents\brocamb\Project 2\Backend\src\utils\http-error.util.ts:12:12)
    at C:\Users\USER\OneDrive\Documents\brocamb\Project 2\Backend\src\middleware\verify.token.middleware.ts:45:26
    at Generator.next (<anonymous>)
    at C:\Users\USER\OneDrive\Documents\brocamb\Project 2\Backend\src\middleware\verify.token.middleware.ts:8:71
    at new Promise (<anonymous>)
    at __awaiter (C:\Users\USER\OneDrive\Documents\brocamb\Project 2\Backend\src\middleware\verify.token.middleware.ts:4:12)
    at C:\Users\USER\OneDrive\Documents\brocamb\Project 2\Backend\src\middleware\verify.token.middleware.ts:20:22
    at Layer.handle [as handle_request] (C:\Users\USER\node_modules\express\lib\router\layer.js:95:5)
    at trim_prefix (C:\Users\USER\node_modules\express\lib\router\index.js:328:13)
    at C:\Users\USER\node_modules\express\lib\router\index.js:286:9
2025-08-06 15:18:27 [[31merror[39m]: Error: Token expired
    at createHttpError (C:\Users\USER\OneDrive\Documents\brocamb\Project 2\Backend\src\utils\http-error.util.ts:12:12)
    at C:\Users\USER\OneDrive\Documents\brocamb\Project 2\Backend\src\middleware\verify.token.middleware.ts:45:26
    at Generator.next (<anonymous>)
    at C:\Users\USER\OneDrive\Documents\brocamb\Project 2\Backend\src\middleware\verify.token.middleware.ts:8:71
    at new Promise (<anonymous>)
    at __awaiter (C:\Users\USER\OneDrive\Documents\brocamb\Project 2\Backend\src\middleware\verify.token.middleware.ts:4:12)
    at C:\Users\USER\OneDrive\Documents\brocamb\Project 2\Backend\src\middleware\verify.token.middleware.ts:20:22
    at Layer.handle [as handle_request] (C:\Users\USER\node_modules\express\lib\router\layer.js:95:5)
    at trim_prefix (C:\Users\USER\node_modules\express\lib\router\index.js:328:13)
    at C:\Users\USER\node_modules\express\lib\router\index.js:286:9
2025-08-06 15:18:27 [[31merror[39m]: Error: Token expired
    at createHttpError (C:\Users\USER\OneDrive\Documents\brocamb\Project 2\Backend\src\utils\http-error.util.ts:12:12)
    at C:\Users\USER\OneDrive\Documents\brocamb\Project 2\Backend\src\middleware\verify.token.middleware.ts:45:26
    at Generator.next (<anonymous>)
    at C:\Users\USER\OneDrive\Documents\brocamb\Project 2\Backend\src\middleware\verify.token.middleware.ts:8:71
    at new Promise (<anonymous>)
    at __awaiter (C:\Users\USER\OneDrive\Documents\brocamb\Project 2\Backend\src\middleware\verify.token.middleware.ts:4:12)
    at C:\Users\USER\OneDrive\Documents\brocamb\Project 2\Backend\src\middleware\verify.token.middleware.ts:20:22
    at Layer.handle [as handle_request] (C:\Users\USER\node_modules\express\lib\router\layer.js:95:5)
    at trim_prefix (C:\Users\USER\node_modules\express\lib\router\index.js:328:13)
    at C:\Users\USER\node_modules\express\lib\router\index.js:286:9
2025-08-06 15:18:27 [[31merror[39m]: Error: Token expired
    at createHttpError (C:\Users\USER\OneDrive\Documents\brocamb\Project 2\Backend\src\utils\http-error.util.ts:12:12)
    at C:\Users\USER\OneDrive\Documents\brocamb\Project 2\Backend\src\middleware\verify.token.middleware.ts:45:26
    at Generator.next (<anonymous>)
    at C:\Users\USER\OneDrive\Documents\brocamb\Project 2\Backend\src\middleware\verify.token.middleware.ts:8:71
    at new Promise (<anonymous>)
    at __awaiter (C:\Users\USER\OneDrive\Documents\brocamb\Project 2\Backend\src\middleware\verify.token.middleware.ts:4:12)
    at C:\Users\USER\OneDrive\Documents\brocamb\Project 2\Backend\src\middleware\verify.token.middleware.ts:20:22
    at Layer.handle [as handle_request] (C:\Users\USER\node_modules\express\lib\router\layer.js:95:5)
    at trim_prefix (C:\Users\USER\node_modules\express\lib\router\index.js:328:13)
    at C:\Users\USER\node_modules\express\lib\router\index.js:286:9
2025-08-06 15:48:33 [[31merror[39m]: Error: Token expired
    at createHttpError (C:\Users\USER\OneDrive\Documents\brocamb\Project 2\Backend\src\utils\http-error.util.ts:12:12)
    at C:\Users\USER\OneDrive\Documents\brocamb\Project 2\Backend\src\middleware\verify.token.middleware.ts:45:26
    at Generator.next (<anonymous>)
    at C:\Users\USER\OneDrive\Documents\brocamb\Project 2\Backend\src\middleware\verify.token.middleware.ts:8:71
    at new Promise (<anonymous>)
    at __awaiter (C:\Users\USER\OneDrive\Documents\brocamb\Project 2\Backend\src\middleware\verify.token.middleware.ts:4:12)
    at C:\Users\USER\OneDrive\Documents\brocamb\Project 2\Backend\src\middleware\verify.token.middleware.ts:20:22
    at Layer.handle [as handle_request] (C:\Users\USER\node_modules\express\lib\router\layer.js:95:5)
    at trim_prefix (C:\Users\USER\node_modules\express\lib\router\index.js:328:13)
    at C:\Users\USER\node_modules\express\lib\router\index.js:286:9
2025-08-06 17:30:59 [[31merror[39m]: ValidationError: WorkoutPlan validation failed: week1.day6.exercises.0.sets: Cast to Number failed for value "3 rounds" (type string) at path "sets"
    at model.Document.invalidate (C:\Users\USER\node_modules\mongoose\lib\document.js:3334:32)
    at SingleNested.Subdocument.invalidate (C:\Users\USER\node_modules\mongoose\lib\types\subdocument.js:229:12)
    at SingleNested.Subdocument.invalidate (C:\Users\USER\node_modules\mongoose\lib\types\subdocument.js:229:12)
    at EmbeddedDocument.Subdocument.invalidate (C:\Users\USER\node_modules\mongoose\lib\types\subdocument.js:229:12)
    at EmbeddedDocument.$set (C:\Users\USER\node_modules\mongoose\lib\document.js:1485:12)
    at EmbeddedDocument.$set (C:\Users\USER\node_modules\mongoose\lib\document.js:1137:16)
    at EmbeddedDocument.Document (C:\Users\USER\node_modules\mongoose\lib\document.js:178:12)
    at EmbeddedDocument.Subdocument (C:\Users\USER\node_modules\mongoose\lib\types\subdocument.js:34:12)
    at EmbeddedDocument.ArraySubdocument [as constructor] (C:\Users\USER\node_modules\mongoose\lib\types\arraySubdocument.js:44:15)
    at new EmbeddedDocument (C:\Users\USER\node_modules\mongoose\lib\schema\documentArray.js:130:17)
2025-08-06 18:57:31 [[31merror[39m]: Error: Invalid token version
    at createHttpError (C:\Users\USER\OneDrive\Documents\brocamb\Project 2\Backend\src\utils\http-error.util.ts:12:12)
    at AuthService.<anonymous> (C:\Users\USER\OneDrive\Documents\brocamb\Project 2\Backend\src\Services\auth\auth.service.ts:322:28)
    at Generator.next (<anonymous>)
    at fulfilled (C:\Users\USER\OneDrive\Documents\brocamb\Project 2\Backend\src\Services\auth\auth.service.ts:5:58)
    at processTicksAndRejections (node:internal/process/task_queues:105:5)
2025-08-06 18:57:41 [[31merror[39m]: Error: Invalid password
    at createHttpError (C:\Users\USER\OneDrive\Documents\brocamb\Project 2\Backend\src\utils\http-error.util.ts:12:12)
    at AuthService.<anonymous> (C:\Users\USER\OneDrive\Documents\brocamb\Project 2\Backend\src\Services\auth\auth.service.ts:69:28)
    at Generator.next (<anonymous>)
    at fulfilled (C:\Users\USER\OneDrive\Documents\brocamb\Project 2\Backend\src\Services\auth\auth.service.ts:5:58)
2025-08-06 19:03:35 [[31merror[39m]: Error: Invalid token version
    at createHttpError (C:\Users\USER\OneDrive\Documents\brocamb\Project 2\Backend\src\utils\http-error.util.ts:12:12)
    at AuthService.<anonymous> (C:\Users\USER\OneDrive\Documents\brocamb\Project 2\Backend\src\Services\auth\auth.service.ts:322:28)
    at Generator.next (<anonymous>)
    at fulfilled (C:\Users\USER\OneDrive\Documents\brocamb\Project 2\Backend\src\Services\auth\auth.service.ts:5:58)
    at processTicksAndRejections (node:internal/process/task_queues:105:5)
2025-08-06 19:08:19 [[31merror[39m]: Error: Invalid token version
    at createHttpError (C:\Users\USER\OneDrive\Documents\brocamb\Project 2\Backend\src\utils\http-error.util.ts:12:12)
    at AuthService.<anonymous> (C:\Users\USER\OneDrive\Documents\brocamb\Project 2\Backend\src\Services\auth\auth.service.ts:322:28)
    at Generator.next (<anonymous>)
    at fulfilled (C:\Users\USER\OneDrive\Documents\brocamb\Project 2\Backend\src\Services\auth\auth.service.ts:5:58)
    at processTicksAndRejections (node:internal/process/task_queues:105:5)
2025-08-07 08:56:42 [[31merror[39m]: Error: Invalid token version
    at createHttpError (C:\Users\USER\OneDrive\Documents\brocamb\Project 2\Backend\src\utils\http-error.util.ts:12:12)
    at AuthService.<anonymous> (C:\Users\USER\OneDrive\Documents\brocamb\Project 2\Backend\src\Services\auth\auth.service.ts:322:28)
    at Generator.next (<anonymous>)
    at fulfilled (C:\Users\USER\OneDrive\Documents\brocamb\Project 2\Backend\src\Services\auth\auth.service.ts:5:58)
    at processTicksAndRejections (node:internal/process/task_queues:105:5)
2025-08-07 08:56:51 [[31merror[39m]: Error: Invalid password
    at createHttpError (C:\Users\USER\OneDrive\Documents\brocamb\Project 2\Backend\src\utils\http-error.util.ts:12:12)
    at AuthService.<anonymous> (C:\Users\USER\OneDrive\Documents\brocamb\Project 2\Backend\src\Services\auth\auth.service.ts:69:28)
    at Generator.next (<anonymous>)
    at fulfilled (C:\Users\USER\OneDrive\Documents\brocamb\Project 2\Backend\src\Services\auth\auth.service.ts:5:58)
2025-08-07 08:57:39 [[31merror[39m]: Error: Invalid token version
    at createHttpError (C:\Users\USER\OneDrive\Documents\brocamb\Project 2\Backend\src\utils\http-error.util.ts:12:12)
    at AuthService.<anonymous> (C:\Users\USER\OneDrive\Documents\brocamb\Project 2\Backend\src\Services\auth\auth.service.ts:322:28)
    at Generator.next (<anonymous>)
    at fulfilled (C:\Users\USER\OneDrive\Documents\brocamb\Project 2\Backend\src\Services\auth\auth.service.ts:5:58)
    at processTicksAndRejections (node:internal/process/task_queues:105:5)
2025-08-07 08:58:23 [[31merror[39m]: Error: Invalid token version
    at createHttpError (C:\Users\USER\OneDrive\Documents\brocamb\Project 2\Backend\src\utils\http-error.util.ts:12:12)
    at AuthService.<anonymous> (C:\Users\USER\OneDrive\Documents\brocamb\Project 2\Backend\src\Services\auth\auth.service.ts:322:28)
    at Generator.next (<anonymous>)
    at fulfilled (C:\Users\USER\OneDrive\Documents\brocamb\Project 2\Backend\src\Services\auth\auth.service.ts:5:58)
    at processTicksAndRejections (node:internal/process/task_queues:105:5)
2025-08-07 11:23:01 [[31merror[39m]: Error: Token expired
    at createHttpError (C:\Users\USER\OneDrive\Documents\brocamb\Project 2\Tahtib Al Juhd\Backend\src\utils\http-error.util.ts:12:12)
    at C:\Users\USER\OneDrive\Documents\brocamb\Project 2\Tahtib Al Juhd\Backend\src\middleware\verify.token.middleware.ts:45:26
    at Generator.next (<anonymous>)
    at C:\Users\USER\OneDrive\Documents\brocamb\Project 2\Tahtib Al Juhd\Backend\src\middleware\verify.token.middleware.ts:8:71
    at new Promise (<anonymous>)
    at __awaiter (C:\Users\USER\OneDrive\Documents\brocamb\Project 2\Tahtib Al Juhd\Backend\src\middleware\verify.token.middleware.ts:4:12)
    at C:\Users\USER\OneDrive\Documents\brocamb\Project 2\Tahtib Al Juhd\Backend\src\middleware\verify.token.middleware.ts:20:22
    at Layer.handle [as handle_request] (C:\Users\USER\node_modules\express\lib\router\layer.js:95:5)
    at trim_prefix (C:\Users\USER\node_modules\express\lib\router\index.js:328:13)
    at C:\Users\USER\node_modules\express\lib\router\index.js:286:9
2025-08-07 12:03:32 [[31merror[39m]: Error: Invalid token version
    at createHttpError (C:\Users\USER\OneDrive\Documents\brocamb\Project 2\Tahtib Al Juhd\Backend\src\utils\http-error.util.ts:12:12)
    at AuthService.<anonymous> (C:\Users\USER\OneDrive\Documents\brocamb\Project 2\Tahtib Al Juhd\Backend\src\Services\auth\auth.service.ts:322:28)
    at Generator.next (<anonymous>)
    at fulfilled (C:\Users\USER\OneDrive\Documents\brocamb\Project 2\Tahtib Al Juhd\Backend\src\Services\auth\auth.service.ts:5:58)
    at processTicksAndRejections (node:internal/process/task_queues:105:5)
2025-08-07 15:05:34 [[31merror[39m]: TypeError: Cannot read properties of null (reading 'mealPlan')
    at ClientDietPlanService.<anonymous> (C:\Users\USER\OneDrive\Documents\brocamb\Project 2\Tahtib Al Juhd\Backend\src\Services\client\client.dietPlan.service.ts:18:32)
    at Generator.next (<anonymous>)
    at fulfilled (C:\Users\USER\OneDrive\Documents\brocamb\Project 2\Tahtib Al Juhd\Backend\src\Services\client\client.dietPlan.service.ts:5:58)
    at processTicksAndRejections (node:internal/process/task_queues:105:5)
2025-08-07 15:06:28 [[31merror[39m]: TypeError: Cannot read properties of null (reading 'mealPlan')
    at ClientDietPlanService.<anonymous> (C:\Users\USER\OneDrive\Documents\brocamb\Project 2\Tahtib Al Juhd\Backend\src\Services\client\client.dietPlan.service.ts:19:32)
    at Generator.next (<anonymous>)
    at fulfilled (C:\Users\USER\OneDrive\Documents\brocamb\Project 2\Tahtib Al Juhd\Backend\src\Services\client\client.dietPlan.service.ts:5:58)
    at processTicksAndRejections (node:internal/process/task_queues:105:5)
2025-08-07 15:06:48 [[31merror[39m]: TypeError: Cannot read properties of null (reading 'mealPlan')
    at ClientDietPlanService.<anonymous> (C:\Users\USER\OneDrive\Documents\brocamb\Project 2\Tahtib Al Juhd\Backend\src\Services\client\client.dietPlan.service.ts:19:32)
    at Generator.next (<anonymous>)
    at fulfilled (C:\Users\USER\OneDrive\Documents\brocamb\Project 2\Tahtib Al Juhd\Backend\src\Services\client\client.dietPlan.service.ts:5:58)
    at processTicksAndRejections (node:internal/process/task_queues:105:5)
2025-08-07 15:08:35 [[31merror[39m]: Error: Invalid password
    at createHttpError (C:\Users\USER\OneDrive\Documents\brocamb\Project 2\Tahtib Al Juhd\Backend\src\utils\http-error.util.ts:12:12)
    at AuthService.<anonymous> (C:\Users\USER\OneDrive\Documents\brocamb\Project 2\Tahtib Al Juhd\Backend\src\Services\auth\auth.service.ts:69:28)
    at Generator.next (<anonymous>)
    at fulfilled (C:\Users\USER\OneDrive\Documents\brocamb\Project 2\Tahtib Al Juhd\Backend\src\Services\auth\auth.service.ts:5:58)
2025-08-07 15:08:40 [[31merror[39m]: TypeError: Cannot read properties of null (reading 'mealPlan')
    at ClientDietPlanService.<anonymous> (C:\Users\USER\OneDrive\Documents\brocamb\Project 2\Tahtib Al Juhd\Backend\src\Services\client\client.dietPlan.service.ts:19:32)
    at Generator.next (<anonymous>)
    at fulfilled (C:\Users\USER\OneDrive\Documents\brocamb\Project 2\Tahtib Al Juhd\Backend\src\Services\client\client.dietPlan.service.ts:5:58)
    at processTicksAndRejections (node:internal/process/task_queues:105:5)
2025-08-07 15:21:25 [[31merror[39m]: Error: Invalid token version
    at createHttpError (C:\Users\USER\OneDrive\Documents\brocamb\Project 2\Tahtib Al Juhd\Backend\src\utils\http-error.util.ts:12:12)
    at AuthService.<anonymous> (C:\Users\USER\OneDrive\Documents\brocamb\Project 2\Tahtib Al Juhd\Backend\src\Services\auth\auth.service.ts:322:28)
    at Generator.next (<anonymous>)
    at fulfilled (C:\Users\USER\OneDrive\Documents\brocamb\Project 2\Tahtib Al Juhd\Backend\src\Services\auth\auth.service.ts:5:58)
    at processTicksAndRejections (node:internal/process/task_queues:105:5)
2025-08-07 16:33:02 [[31merror[39m]: Error: Token expired
    at createHttpError (C:\Users\USER\OneDrive\Documents\brocamb\Project 2\Tahtib Al Juhd\Backend\src\utils\http-error.util.ts:12:12)
    at C:\Users\USER\OneDrive\Documents\brocamb\Project 2\Tahtib Al Juhd\Backend\src\middleware\verify.token.middleware.ts:45:26
    at Generator.next (<anonymous>)
    at C:\Users\USER\OneDrive\Documents\brocamb\Project 2\Tahtib Al Juhd\Backend\src\middleware\verify.token.middleware.ts:8:71
    at new Promise (<anonymous>)
    at __awaiter (C:\Users\USER\OneDrive\Documents\brocamb\Project 2\Tahtib Al Juhd\Backend\src\middleware\verify.token.middleware.ts:4:12)
    at C:\Users\USER\OneDrive\Documents\brocamb\Project 2\Tahtib Al Juhd\Backend\src\middleware\verify.token.middleware.ts:20:22
    at Layer.handle [as handle_request] (C:\Users\USER\node_modules\express\lib\router\layer.js:95:5)
    at trim_prefix (C:\Users\USER\node_modules\express\lib\router\index.js:328:13)
    at C:\Users\USER\node_modules\express\lib\router\index.js:286:9
2025-08-08 09:18:27 [[31merror[39m]: Error: Token expired
    at createHttpError (C:\Users\USER\OneDrive\Documents\brocamb\Project 2\Tahtib Al Juhd\Backend\src\utils\http-error.util.ts:12:12)
    at C:\Users\USER\OneDrive\Documents\brocamb\Project 2\Tahtib Al Juhd\Backend\src\middleware\verify.token.middleware.ts:45:26
    at Generator.next (<anonymous>)
    at C:\Users\USER\OneDrive\Documents\brocamb\Project 2\Tahtib Al Juhd\Backend\src\middleware\verify.token.middleware.ts:8:71
    at new Promise (<anonymous>)
    at __awaiter (C:\Users\USER\OneDrive\Documents\brocamb\Project 2\Tahtib Al Juhd\Backend\src\middleware\verify.token.middleware.ts:4:12)
    at C:\Users\USER\OneDrive\Documents\brocamb\Project 2\Tahtib Al Juhd\Backend\src\middleware\verify.token.middleware.ts:20:22
    at Layer.handle [as handle_request] (C:\Users\USER\node_modules\express\lib\router\layer.js:95:5)
    at trim_prefix (C:\Users\USER\node_modules\express\lib\router\index.js:328:13)
    at C:\Users\USER\node_modules\express\lib\router\index.js:286:9
2025-08-08 09:49:46 [[31merror[39m]: Error: Token expired
    at createHttpError (C:\Users\USER\OneDrive\Documents\brocamb\Project 2\Tahtib Al Juhd\Backend\src\utils\http-error.util.ts:12:12)
    at C:\Users\USER\OneDrive\Documents\brocamb\Project 2\Tahtib Al Juhd\Backend\src\middleware\verify.token.middleware.ts:45:26
    at Generator.next (<anonymous>)
    at C:\Users\USER\OneDrive\Documents\brocamb\Project 2\Tahtib Al Juhd\Backend\src\middleware\verify.token.middleware.ts:8:71
    at new Promise (<anonymous>)
    at __awaiter (C:\Users\USER\OneDrive\Documents\brocamb\Project 2\Tahtib Al Juhd\Backend\src\middleware\verify.token.middleware.ts:4:12)
    at C:\Users\USER\OneDrive\Documents\brocamb\Project 2\Tahtib Al Juhd\Backend\src\middleware\verify.token.middleware.ts:20:22
    at Layer.handle [as handle_request] (C:\Users\USER\node_modules\express\lib\router\layer.js:95:5)
    at trim_prefix (C:\Users\USER\node_modules\express\lib\router\index.js:328:13)
    at C:\Users\USER\node_modules\express\lib\router\index.js:286:9
2025-08-08 09:52:31 [[31merror[39m]: Error: Invalid token version
    at createHttpError (C:\Users\USER\OneDrive\Documents\brocamb\Project 2\Tahtib Al Juhd\Backend\src\utils\http-error.util.ts:12:12)
    at AuthService.<anonymous> (C:\Users\USER\OneDrive\Documents\brocamb\Project 2\Tahtib Al Juhd\Backend\src\Services\auth\auth.service.ts:322:28)
    at Generator.next (<anonymous>)
    at fulfilled (C:\Users\USER\OneDrive\Documents\brocamb\Project 2\Tahtib Al Juhd\Backend\src\Services\auth\auth.service.ts:5:58)
    at processTicksAndRejections (node:internal/process/task_queues:105:5)
2025-08-08 13:33:21 [[31merror[39m]: Error: Token expired
    at createHttpError (C:\Users\USER\OneDrive\Documents\brocamb\Project 2\Tahtib Al Juhd\Backend\src\utils\http-error.util.ts:12:12)
    at C:\Users\USER\OneDrive\Documents\brocamb\Project 2\Tahtib Al Juhd\Backend\src\middleware\verify.token.middleware.ts:45:26
    at Generator.next (<anonymous>)
    at C:\Users\USER\OneDrive\Documents\brocamb\Project 2\Tahtib Al Juhd\Backend\src\middleware\verify.token.middleware.ts:8:71
    at new Promise (<anonymous>)
    at __awaiter (C:\Users\USER\OneDrive\Documents\brocamb\Project 2\Tahtib Al Juhd\Backend\src\middleware\verify.token.middleware.ts:4:12)
    at C:\Users\USER\OneDrive\Documents\brocamb\Project 2\Tahtib Al Juhd\Backend\src\middleware\verify.token.middleware.ts:20:22
    at Layer.handle [as handle_request] (C:\Users\USER\node_modules\express\lib\router\layer.js:95:5)
    at trim_prefix (C:\Users\USER\node_modules\express\lib\router\index.js:328:13)
    at C:\Users\USER\node_modules\express\lib\router\index.js:286:9
2025-08-08 19:29:53 [[31merror[39m]: Error: Token expired
    at createHttpError (C:\Users\USER\OneDrive\Documents\brocamb\Project 2\Tahtib Al Juhd\Backend\src\utils\http-error.util.ts:12:12)
    at C:\Users\USER\OneDrive\Documents\brocamb\Project 2\Tahtib Al Juhd\Backend\src\middleware\verify.token.middleware.ts:45:26
    at Generator.next (<anonymous>)
    at C:\Users\USER\OneDrive\Documents\brocamb\Project 2\Tahtib Al Juhd\Backend\src\middleware\verify.token.middleware.ts:8:71
    at new Promise (<anonymous>)
    at __awaiter (C:\Users\USER\OneDrive\Documents\brocamb\Project 2\Tahtib Al Juhd\Backend\src\middleware\verify.token.middleware.ts:4:12)
    at C:\Users\USER\OneDrive\Documents\brocamb\Project 2\Tahtib Al Juhd\Backend\src\middleware\verify.token.middleware.ts:20:22
    at Layer.handle [as handle_request] (C:\Users\USER\node_modules\express\lib\router\layer.js:95:5)
    at trim_prefix (C:\Users\USER\node_modules\express\lib\router\index.js:328:13)
    at C:\Users\USER\node_modules\express\lib\router\index.js:286:9
2025-08-08 19:51:59 [[31merror[39m]: Error: Invalid token version
    at createHttpError (C:\Users\USER\OneDrive\Documents\brocamb\Project 2\Tahtib Al Juhd\Backend\src\utils\http-error.util.ts:12:12)
    at AuthService.<anonymous> (C:\Users\USER\OneDrive\Documents\brocamb\Project 2\Tahtib Al Juhd\Backend\src\Services\auth\auth.service.ts:322:28)
    at Generator.next (<anonymous>)
    at fulfilled (C:\Users\USER\OneDrive\Documents\brocamb\Project 2\Tahtib Al Juhd\Backend\src\Services\auth\auth.service.ts:5:58)
    at processTicksAndRejections (node:internal/process/task_queues:105:5)
2025-08-08 19:58:11 [[31merror[39m]: CastError: Cast to ObjectId failed for value "session1754663291621" (type string) at path "sessionId" for model "ChatBotInteraction"
    at SchemaObjectId.cast (C:\Users\USER\node_modules\mongoose\lib\schema\objectId.js:250:11)
    at SchemaObjectId.SchemaType.applySetters (C:\Users\USER\node_modules\mongoose\lib\schemaType.js:1255:12)
    at SchemaObjectId.SchemaType.castForQuery (C:\Users\USER\node_modules\mongoose\lib\schemaType.js:1673:17)
    at cast (C:\Users\USER\node_modules\mongoose\lib\cast.js:390:32)
    at model.Query.Query.cast (C:\Users\USER\node_modules\mongoose\lib\query.js:4889:12)
    at model.Query.Query._castConditions (C:\Users\USER\node_modules\mongoose\lib\query.js:2306:10)
    at model.Query._find (C:\Users\USER\node_modules\mongoose\lib\query.js:2333:8)
    at model.Query.exec (C:\Users\USER\node_modules\mongoose\lib\query.js:4438:80)
    at processTicksAndRejections (node:internal/process/task_queues:105:5)
2025-08-08 20:00:54 [[31merror[39m]: CastError: Cast to ObjectId failed for value "session1754663454829" (type string) at path "sessionId" for model "ChatBotInteraction"
    at SchemaObjectId.cast (C:\Users\USER\node_modules\mongoose\lib\schema\objectId.js:250:11)
    at SchemaObjectId.SchemaType.applySetters (C:\Users\USER\node_modules\mongoose\lib\schemaType.js:1255:12)
    at SchemaObjectId.SchemaType.castForQuery (C:\Users\USER\node_modules\mongoose\lib\schemaType.js:1673:17)
    at cast (C:\Users\USER\node_modules\mongoose\lib\cast.js:390:32)
    at model.Query.Query.cast (C:\Users\USER\node_modules\mongoose\lib\query.js:4889:12)
    at model.Query.Query._castConditions (C:\Users\USER\node_modules\mongoose\lib\query.js:2306:10)
    at model.Query._find (C:\Users\USER\node_modules\mongoose\lib\query.js:2333:8)
    at model.Query.exec (C:\Users\USER\node_modules\mongoose\lib\query.js:4438:80)
    at processTicksAndRejections (node:internal/process/task_queues:105:5)
2025-08-09 10:10:56 [[31merror[39m]: CastError: Cast to ObjectId failed for value "session1754714456466" (type string) at path "sessionId" for model "ChatBotInteraction"
    at SchemaObjectId.cast (C:\Users\USER\node_modules\mongoose\lib\schema\objectId.js:250:11)
    at SchemaObjectId.SchemaType.applySetters (C:\Users\USER\node_modules\mongoose\lib\schemaType.js:1255:12)
    at SchemaObjectId.SchemaType.castForQuery (C:\Users\USER\node_modules\mongoose\lib\schemaType.js:1673:17)
    at cast (C:\Users\USER\node_modules\mongoose\lib\cast.js:390:32)
    at model.Query.Query.cast (C:\Users\USER\node_modules\mongoose\lib\query.js:4889:12)
    at model.Query.Query._castConditions (C:\Users\USER\node_modules\mongoose\lib\query.js:2306:10)
    at model.Query._find (C:\Users\USER\node_modules\mongoose\lib\query.js:2333:8)
    at model.Query.exec (C:\Users\USER\node_modules\mongoose\lib\query.js:4438:80)
    at processTicksAndRejections (node:internal/process/task_queues:105:5)
2025-08-09 10:32:43 [[31merror[39m]: Error: Token expired
    at createHttpError (C:\Users\USER\OneDrive\Documents\brocamb\Project 2\Tahtib Al Juhd\Backend\src\utils\http-error.util.ts:12:12)
    at C:\Users\USER\OneDrive\Documents\brocamb\Project 2\Tahtib Al Juhd\Backend\src\middleware\verify.token.middleware.ts:45:26
    at Generator.next (<anonymous>)
    at C:\Users\USER\OneDrive\Documents\brocamb\Project 2\Tahtib Al Juhd\Backend\src\middleware\verify.token.middleware.ts:8:71
    at new Promise (<anonymous>)
    at __awaiter (C:\Users\USER\OneDrive\Documents\brocamb\Project 2\Tahtib Al Juhd\Backend\src\middleware\verify.token.middleware.ts:4:12)
    at C:\Users\USER\OneDrive\Documents\brocamb\Project 2\Tahtib Al Juhd\Backend\src\middleware\verify.token.middleware.ts:20:22
    at Layer.handle [as handle_request] (C:\Users\USER\node_modules\express\lib\router\layer.js:95:5)
    at trim_prefix (C:\Users\USER\node_modules\express\lib\router\index.js:328:13)
    at C:\Users\USER\node_modules\express\lib\router\index.js:286:9
2025-08-09 10:32:45 [[31merror[39m]: CastError: Cast to ObjectId failed for value "session1754715765488" (type string) at path "sessionId" for model "ChatBotInteraction"
    at SchemaObjectId.cast (C:\Users\USER\node_modules\mongoose\lib\schema\objectId.js:250:11)
    at SchemaObjectId.SchemaType.applySetters (C:\Users\USER\node_modules\mongoose\lib\schemaType.js:1255:12)
    at SchemaObjectId.SchemaType.castForQuery (C:\Users\USER\node_modules\mongoose\lib\schemaType.js:1673:17)
    at cast (C:\Users\USER\node_modules\mongoose\lib\cast.js:390:32)
    at model.Query.Query.cast (C:\Users\USER\node_modules\mongoose\lib\query.js:4889:12)
    at model.Query.Query._castConditions (C:\Users\USER\node_modules\mongoose\lib\query.js:2306:10)
    at model.Query._find (C:\Users\USER\node_modules\mongoose\lib\query.js:2333:8)
    at model.Query.exec (C:\Users\USER\node_modules\mongoose\lib\query.js:4438:80)
    at processTicksAndRejections (node:internal/process/task_queues:105:5)
2025-08-09 10:33:41 [[31merror[39m]: ValidationError: ChatBotSession validation failed: _id: Cast to ObjectId failed for value "cbf48aee-f530-4d7e-836a-e20cdf167c25" (type string) at path "_id" because of "BSONError"
    at model.Document.invalidate (C:\Users\USER\node_modules\mongoose\lib\document.js:3334:32)
    at model.$set (C:\Users\USER\node_modules\mongoose\lib\document.js:1485:12)
    at model.$set (C:\Users\USER\node_modules\mongoose\lib\document.js:1137:16)
    at model.Document (C:\Users\USER\node_modules\mongoose\lib\document.js:178:12)
    at model.Model (C:\Users\USER\node_modules\mongoose\lib\model.js:129:12)
    at new model (C:\Users\USER\node_modules\mongoose\lib\model.js:4656:15)
    at C:\Users\USER\node_modules\mongoose\lib\model.js:2691:20
    at Array.map (<anonymous>)
    at Function.create (C:\Users\USER\node_modules\mongoose\lib\model.js:2679:34)
    at ChatBotSessionRepository.<anonymous> (C:\Users\USER\OneDrive\Documents\brocamb\Project 2\Tahtib Al Juhd\Backend\src\Repository\base.repository.ts:14:29)
2025-08-09 10:34:27 [[31merror[39m]: ValidationError: ChatBotSession validation failed: _id: Cast to ObjectId failed for value "4300141e-3b16-472e-8590-73116c2d8e81" (type string) at path "_id" because of "BSONError"
    at model.Document.invalidate (C:\Users\USER\node_modules\mongoose\lib\document.js:3334:32)
    at model.$set (C:\Users\USER\node_modules\mongoose\lib\document.js:1485:12)
    at model.$set (C:\Users\USER\node_modules\mongoose\lib\document.js:1137:16)
    at model.Document (C:\Users\USER\node_modules\mongoose\lib\document.js:178:12)
    at model.Model (C:\Users\USER\node_modules\mongoose\lib\model.js:129:12)
    at new model (C:\Users\USER\node_modules\mongoose\lib\model.js:4656:15)
    at C:\Users\USER\node_modules\mongoose\lib\model.js:2691:20
    at Array.map (<anonymous>)
    at Function.create (C:\Users\USER\node_modules\mongoose\lib\model.js:2679:34)
    at ChatBotSessionRepository.<anonymous> (C:\Users\USER\OneDrive\Documents\brocamb\Project 2\Tahtib Al Juhd\Backend\src\Repository\base.repository.ts:14:29)
2025-08-09 10:35:45 [[31merror[39m]: ValidationError: ChatBotSession validation failed: _id: Cast to ObjectId failed for value "57c188e4-65d0-4206-9912-3ffefdd31ae1" (type string) at path "_id" because of "BSONError"
    at model.Document.invalidate (C:\Users\USER\node_modules\mongoose\lib\document.js:3334:32)
    at model.$set (C:\Users\USER\node_modules\mongoose\lib\document.js:1485:12)
    at model.$set (C:\Users\USER\node_modules\mongoose\lib\document.js:1137:16)
    at model.Document (C:\Users\USER\node_modules\mongoose\lib\document.js:178:12)
    at model.Model (C:\Users\USER\node_modules\mongoose\lib\model.js:129:12)
    at new model (C:\Users\USER\node_modules\mongoose\lib\model.js:4656:15)
    at C:\Users\USER\node_modules\mongoose\lib\model.js:2691:20
    at Array.map (<anonymous>)
    at Function.create (C:\Users\USER\node_modules\mongoose\lib\model.js:2679:34)
    at ChatBotSessionRepository.<anonymous> (C:\Users\USER\OneDrive\Documents\brocamb\Project 2\Tahtib Al Juhd\Backend\src\Repository\base.repository.ts:14:29)
2025-08-09 10:41:47 [[31merror[39m]: ValidationError: ChatBotInteraction validation failed: _id: Cast to ObjectId failed for value "9ecda721-2a4f-4a59-b305-3311ea0621bf" (type string) at path "_id" because of "BSONError"
    at model.Document.invalidate (C:\Users\USER\node_modules\mongoose\lib\document.js:3334:32)
    at model.$set (C:\Users\USER\node_modules\mongoose\lib\document.js:1485:12)
    at model.$set (C:\Users\USER\node_modules\mongoose\lib\document.js:1137:16)
    at model.Document (C:\Users\USER\node_modules\mongoose\lib\document.js:178:12)
    at model.Model (C:\Users\USER\node_modules\mongoose\lib\model.js:129:12)
    at new model (C:\Users\USER\node_modules\mongoose\lib\model.js:4656:15)
    at ChatBotInteractionRepository.<anonymous> (C:\Users\USER\OneDrive\Documents\brocamb\Project 2\Tahtib Al Juhd\Backend\src\Repository\ChatBotInteraction.repository.ts:16:28)
    at Generator.next (<anonymous>)
    at C:\Users\USER\OneDrive\Documents\brocamb\Project 2\Tahtib Al Juhd\Backend\src\Repository\ChatBotInteraction.repository.ts:8:71
    at new Promise (<anonymous>)
2025-08-09 10:48:31 [[31merror[39m]: ValidationError: ChatBotInteraction validation failed: _id: Cast to ObjectId failed for value "f5c1b785-9c4b-4a6f-9be5-0eff81fac110" (type string) at path "_id" because of "BSONError"
    at model.Document.invalidate (C:\Users\USER\node_modules\mongoose\lib\document.js:3334:32)
    at model.$set (C:\Users\USER\node_modules\mongoose\lib\document.js:1485:12)
    at model.$set (C:\Users\USER\node_modules\mongoose\lib\document.js:1137:16)
    at model.Document (C:\Users\USER\node_modules\mongoose\lib\document.js:178:12)
    at model.Model (C:\Users\USER\node_modules\mongoose\lib\model.js:129:12)
    at new model (C:\Users\USER\node_modules\mongoose\lib\model.js:4656:15)
    at ChatBotInteractionRepository.<anonymous> (C:\Users\USER\OneDrive\Documents\brocamb\Project 2\Tahtib Al Juhd\Backend\src\Repository\ChatBotInteraction.repository.ts:16:28)
    at Generator.next (<anonymous>)
    at C:\Users\USER\OneDrive\Documents\brocamb\Project 2\Tahtib Al Juhd\Backend\src\Repository\ChatBotInteraction.repository.ts:8:71
    at new Promise (<anonymous>)
2025-08-09 10:49:58 [[31merror[39m]: ValidationError: ChatBotInteraction validation failed: _id: Cast to ObjectId failed for value "152dfabb-eae3-4605-94e8-f1202a6f2659" (type string) at path "_id" because of "BSONError"
    at model.Document.invalidate (C:\Users\USER\node_modules\mongoose\lib\document.js:3334:32)
    at model.$set (C:\Users\USER\node_modules\mongoose\lib\document.js:1485:12)
    at model.$set (C:\Users\USER\node_modules\mongoose\lib\document.js:1137:16)
    at model.Document (C:\Users\USER\node_modules\mongoose\lib\document.js:178:12)
    at model.Model (C:\Users\USER\node_modules\mongoose\lib\model.js:129:12)
    at new model (C:\Users\USER\node_modules\mongoose\lib\model.js:4656:15)
    at ChatBotInteractionRepository.<anonymous> (C:\Users\USER\OneDrive\Documents\brocamb\Project 2\Tahtib Al Juhd\Backend\src\Repository\ChatBotInteraction.repository.ts:16:28)
    at Generator.next (<anonymous>)
    at C:\Users\USER\OneDrive\Documents\brocamb\Project 2\Tahtib Al Juhd\Backend\src\Repository\ChatBotInteraction.repository.ts:8:71
    at new Promise (<anonymous>)
2025-08-09 11:26:24 [[31merror[39m]: ValidationError: ChatBotInteraction validation failed: _id: Cast to ObjectId failed for value "acd2010d-6ac0-4d83-97d8-30b32e08e71f" (type string) at path "_id" because of "BSONError"
    at model.Document.invalidate (C:\Users\USER\node_modules\mongoose\lib\document.js:3334:32)
    at model.$set (C:\Users\USER\node_modules\mongoose\lib\document.js:1485:12)
    at model.$set (C:\Users\USER\node_modules\mongoose\lib\document.js:1137:16)
    at model.Document (C:\Users\USER\node_modules\mongoose\lib\document.js:178:12)
    at model.Model (C:\Users\USER\node_modules\mongoose\lib\model.js:129:12)
    at new model (C:\Users\USER\node_modules\mongoose\lib\model.js:4656:15)
    at ChatBotInteractionRepository.<anonymous> (C:\Users\USER\OneDrive\Documents\brocamb\Project 2\Tahtib Al Juhd\Backend\src\Repository\ChatBotInteraction.repository.ts:16:28)
    at Generator.next (<anonymous>)
    at C:\Users\USER\OneDrive\Documents\brocamb\Project 2\Tahtib Al Juhd\Backend\src\Repository\ChatBotInteraction.repository.ts:8:71
    at new Promise (<anonymous>)
2025-08-09 13:25:28 [[31merror[39m]: Error: Invalid token version
    at createHttpError (C:\Users\USER\OneDrive\Documents\brocamb\Project 2\Tahtib Al Juhd\Backend\src\utils\http-error.util.ts:12:12)
    at AuthService.<anonymous> (C:\Users\USER\OneDrive\Documents\brocamb\Project 2\Tahtib Al Juhd\Backend\src\Services\auth\auth.service.ts:322:28)
    at Generator.next (<anonymous>)
    at fulfilled (C:\Users\USER\OneDrive\Documents\brocamb\Project 2\Tahtib Al Juhd\Backend\src\Services\auth\auth.service.ts:5:58)
    at processTicksAndRejections (node:internal/process/task_queues:105:5)
2025-08-09 13:31:15 [[31merror[39m]: Error: Invalid token version
    at createHttpError (C:\Users\USER\OneDrive\Documents\brocamb\Project 2\Tahtib Al Juhd\Backend\src\utils\http-error.util.ts:12:12)
    at AuthService.<anonymous> (C:\Users\USER\OneDrive\Documents\brocamb\Project 2\Tahtib Al Juhd\Backend\src\Services\auth\auth.service.ts:322:28)
    at Generator.next (<anonymous>)
    at fulfilled (C:\Users\USER\OneDrive\Documents\brocamb\Project 2\Tahtib Al Juhd\Backend\src\Services\auth\auth.service.ts:5:58)
    at processTicksAndRejections (node:internal/process/task_queues:105:5)
2025-08-09 13:36:02 [[31merror[39m]: ValidationError: ChatBotInteraction validation failed: content: Path `content` is required.
    at model.Document.invalidate (C:\Users\USER\node_modules\mongoose\lib\document.js:3334:32)
    at C:\Users\USER\node_modules\mongoose\lib\document.js:3095:17
    at C:\Users\USER\node_modules\mongoose\lib\schemaType.js:1407:9
    at processTicksAndRejections (node:internal/process/task_queues:85:11)
2025-08-09 13:38:48 [[31merror[39m]: Error: Invalid token version
    at createHttpError (C:\Users\USER\OneDrive\Documents\brocamb\Project 2\Tahtib Al Juhd\Backend\src\utils\http-error.util.ts:12:12)
    at AuthService.<anonymous> (C:\Users\USER\OneDrive\Documents\brocamb\Project 2\Tahtib Al Juhd\Backend\src\Services\auth\auth.service.ts:322:28)
    at Generator.next (<anonymous>)
    at fulfilled (C:\Users\USER\OneDrive\Documents\brocamb\Project 2\Tahtib Al Juhd\Backend\src\Services\auth\auth.service.ts:5:58)
    at processTicksAndRejections (node:internal/process/task_queues:105:5)
2025-08-09 13:39:07 [[31merror[39m]: ValidationError: ChatBotInteraction validation failed: content: Path `content` is required.
    at model.Document.invalidate (C:\Users\USER\node_modules\mongoose\lib\document.js:3334:32)
    at C:\Users\USER\node_modules\mongoose\lib\document.js:3095:17
    at C:\Users\USER\node_modules\mongoose\lib\schemaType.js:1407:9
    at processTicksAndRejections (node:internal/process/task_queues:85:11)
2025-08-09 14:06:40 [[31merror[39m]: Error: Token expired
    at createHttpError (C:\Users\USER\OneDrive\Documents\brocamb\Project 2\Tahtib Al Juhd\Backend\src\utils\http-error.util.ts:12:12)
    at C:\Users\USER\OneDrive\Documents\brocamb\Project 2\Tahtib Al Juhd\Backend\src\middleware\verify.token.middleware.ts:45:26
    at Generator.next (<anonymous>)
    at C:\Users\USER\OneDrive\Documents\brocamb\Project 2\Tahtib Al Juhd\Backend\src\middleware\verify.token.middleware.ts:8:71
    at new Promise (<anonymous>)
    at __awaiter (C:\Users\USER\OneDrive\Documents\brocamb\Project 2\Tahtib Al Juhd\Backend\src\middleware\verify.token.middleware.ts:4:12)
    at C:\Users\USER\OneDrive\Documents\brocamb\Project 2\Tahtib Al Juhd\Backend\src\middleware\verify.token.middleware.ts:20:22
    at Layer.handle [as handle_request] (C:\Users\USER\node_modules\express\lib\router\layer.js:95:5)
    at trim_prefix (C:\Users\USER\node_modules\express\lib\router\index.js:328:13)
    at C:\Users\USER\node_modules\express\lib\router\index.js:286:9
2025-08-09 14:06:40 [[31merror[39m]: Error: Token expired
    at createHttpError (C:\Users\USER\OneDrive\Documents\brocamb\Project 2\Tahtib Al Juhd\Backend\src\utils\http-error.util.ts:12:12)
    at C:\Users\USER\OneDrive\Documents\brocamb\Project 2\Tahtib Al Juhd\Backend\src\middleware\verify.token.middleware.ts:45:26
    at Generator.next (<anonymous>)
    at C:\Users\USER\OneDrive\Documents\brocamb\Project 2\Tahtib Al Juhd\Backend\src\middleware\verify.token.middleware.ts:8:71
    at new Promise (<anonymous>)
    at __awaiter (C:\Users\USER\OneDrive\Documents\brocamb\Project 2\Tahtib Al Juhd\Backend\src\middleware\verify.token.middleware.ts:4:12)
    at C:\Users\USER\OneDrive\Documents\brocamb\Project 2\Tahtib Al Juhd\Backend\src\middleware\verify.token.middleware.ts:20:22
    at Layer.handle [as handle_request] (C:\Users\USER\node_modules\express\lib\router\layer.js:95:5)
    at trim_prefix (C:\Users\USER\node_modules\express\lib\router\index.js:328:13)
    at C:\Users\USER\node_modules\express\lib\router\index.js:286:9
2025-08-09 14:51:47 [[31merror[39m]: Error: Token expired
    at createHttpError (C:\Users\USER\OneDrive\Documents\brocamb\Project 2\Tahtib Al Juhd\Backend\src\utils\http-error.util.ts:12:12)
    at C:\Users\USER\OneDrive\Documents\brocamb\Project 2\Tahtib Al Juhd\Backend\src\middleware\verify.token.middleware.ts:45:26
    at Generator.next (<anonymous>)
    at C:\Users\USER\OneDrive\Documents\brocamb\Project 2\Tahtib Al Juhd\Backend\src\middleware\verify.token.middleware.ts:8:71
    at new Promise (<anonymous>)
    at __awaiter (C:\Users\USER\OneDrive\Documents\brocamb\Project 2\Tahtib Al Juhd\Backend\src\middleware\verify.token.middleware.ts:4:12)
    at C:\Users\USER\OneDrive\Documents\brocamb\Project 2\Tahtib Al Juhd\Backend\src\middleware\verify.token.middleware.ts:20:22
    at Layer.handle [as handle_request] (C:\Users\USER\node_modules\express\lib\router\layer.js:95:5)
    at trim_prefix (C:\Users\USER\node_modules\express\lib\router\index.js:328:13)
    at C:\Users\USER\node_modules\express\lib\router\index.js:286:9
2025-08-09 14:51:47 [[31merror[39m]: Error: Token expired
    at createHttpError (C:\Users\USER\OneDrive\Documents\brocamb\Project 2\Tahtib Al Juhd\Backend\src\utils\http-error.util.ts:12:12)
    at C:\Users\USER\OneDrive\Documents\brocamb\Project 2\Tahtib Al Juhd\Backend\src\middleware\verify.token.middleware.ts:45:26
    at Generator.next (<anonymous>)
    at C:\Users\USER\OneDrive\Documents\brocamb\Project 2\Tahtib Al Juhd\Backend\src\middleware\verify.token.middleware.ts:8:71
    at new Promise (<anonymous>)
    at __awaiter (C:\Users\USER\OneDrive\Documents\brocamb\Project 2\Tahtib Al Juhd\Backend\src\middleware\verify.token.middleware.ts:4:12)
    at C:\Users\USER\OneDrive\Documents\brocamb\Project 2\Tahtib Al Juhd\Backend\src\middleware\verify.token.middleware.ts:20:22
    at Layer.handle [as handle_request] (C:\Users\USER\node_modules\express\lib\router\layer.js:95:5)
    at trim_prefix (C:\Users\USER\node_modules\express\lib\router\index.js:328:13)
    at C:\Users\USER\node_modules\express\lib\router\index.js:286:9
2025-08-09 16:43:21 [[31merror[39m]: Error: Token expired
    at createHttpError (C:\Users\USER\OneDrive\Documents\brocamb\Project 2\Tahtib Al Juhd\Backend\src\utils\http-error.util.ts:12:12)
    at C:\Users\USER\OneDrive\Documents\brocamb\Project 2\Tahtib Al Juhd\Backend\src\middleware\verify.token.middleware.ts:45:26
    at Generator.next (<anonymous>)
    at C:\Users\USER\OneDrive\Documents\brocamb\Project 2\Tahtib Al Juhd\Backend\src\middleware\verify.token.middleware.ts:8:71
    at new Promise (<anonymous>)
    at __awaiter (C:\Users\USER\OneDrive\Documents\brocamb\Project 2\Tahtib Al Juhd\Backend\src\middleware\verify.token.middleware.ts:4:12)
    at C:\Users\USER\OneDrive\Documents\brocamb\Project 2\Tahtib Al Juhd\Backend\src\middleware\verify.token.middleware.ts:20:22
    at Layer.handle [as handle_request] (C:\Users\USER\node_modules\express\lib\router\layer.js:95:5)
    at trim_prefix (C:\Users\USER\node_modules\express\lib\router\index.js:328:13)
    at C:\Users\USER\node_modules\express\lib\router\index.js:286:9
2025-08-09 16:43:25 [[31merror[39m]: TypeError: history.map is not a function
    at C:\Users\USER\OneDrive\Documents\brocamb\Project 2\Tahtib Al Juhd\Backend\src\utils\ChatBot.gemini.ts:16:53
    at Generator.next (<anonymous>)
    at C:\Users\USER\OneDrive\Documents\brocamb\Project 2\Tahtib Al Juhd\Backend\src\utils\ChatBot.gemini.ts:8:71
    at new Promise (<anonymous>)
    at __awaiter (C:\Users\USER\OneDrive\Documents\brocamb\Project 2\Tahtib Al Juhd\Backend\src\utils\ChatBot.gemini.ts:4:12)
    at PromtMaker (C:\Users\USER\OneDrive\Documents\brocamb\Project 2\Tahtib Al Juhd\Backend\src\utils\ChatBot.gemini.ts:15:45)
    at C:\Users\USER\OneDrive\Documents\brocamb\Project 2\Tahtib Al Juhd\Backend\src\utils\ChatBot.gemini.ts:6:25
    at Generator.next (<anonymous>)
    at C:\Users\USER\OneDrive\Documents\brocamb\Project 2\Tahtib Al Juhd\Backend\src\utils\ChatBot.gemini.ts:8:71
    at new Promise (<anonymous>)
2025-08-09 16:44:28 [[31merror[39m]: TypeError: history.map is not a function
    at C:\Users\USER\OneDrive\Documents\brocamb\Project 2\Tahtib Al Juhd\Backend\src\utils\ChatBot.gemini.ts:16:53
    at Generator.next (<anonymous>)
    at C:\Users\USER\OneDrive\Documents\brocamb\Project 2\Tahtib Al Juhd\Backend\src\utils\ChatBot.gemini.ts:8:71
    at new Promise (<anonymous>)
    at __awaiter (C:\Users\USER\OneDrive\Documents\brocamb\Project 2\Tahtib Al Juhd\Backend\src\utils\ChatBot.gemini.ts:4:12)
    at PromtMaker (C:\Users\USER\OneDrive\Documents\brocamb\Project 2\Tahtib Al Juhd\Backend\src\utils\ChatBot.gemini.ts:15:45)
    at C:\Users\USER\OneDrive\Documents\brocamb\Project 2\Tahtib Al Juhd\Backend\src\utils\ChatBot.gemini.ts:6:25
    at Generator.next (<anonymous>)
    at C:\Users\USER\OneDrive\Documents\brocamb\Project 2\Tahtib Al Juhd\Backend\src\utils\ChatBot.gemini.ts:8:71
    at new Promise (<anonymous>)
2025-08-09 16:44:48 [[31merror[39m]: Error: Could not load the default credentials. Browse to https://cloud.google.com/docs/authentication/getting-started for more information.
    at GoogleAuth.getApplicationDefaultAsync (C:\Users\USER\OneDrive\Documents\brocamb\Project 2\Tahtib Al Juhd\Backend\node_modules\google-auth-library\build\src\auth\googleauth.js:287:15)
    at processTicksAndRejections (node:internal/process/task_queues:105:5)
    at GoogleAuth._GoogleAuth_determineClient (C:\Users\USER\OneDrive\Documents\brocamb\Project 2\Tahtib Al Juhd\Backend\node_modules\google-auth-library\build\src\auth\googleauth.js:834:32)
    at GoogleAuth.getClient (C:\Users\USER\OneDrive\Documents\brocamb\Project 2\Tahtib Al Juhd\Backend\node_modules\google-auth-library\build\src\auth\googleauth.js:698:20)
    at GoogleAuth.getRequestHeaders (C:\Users\USER\OneDrive\Documents\brocamb\Project 2\Tahtib Al Juhd\Backend\node_modules\google-auth-library\build\src\auth\googleauth.js:730:24)
    at NodeAuth.addGoogleAuthHeaders (C:\Users\USER\OneDrive\Documents\brocamb\Project 2\Tahtib Al Juhd\Backend\node_modules\@google\genai\dist\node\index.cjs:16860:29)
    at ApiClient.getHeadersInternal (C:\Users\USER\OneDrive\Documents\brocamb\Project 2\Tahtib Al Juhd\Backend\node_modules\@google\genai\dist\node\index.cjs:13299:9)
    at ApiClient.includeExtraHttpOptionsToRequestInit (C:\Users\USER\OneDrive\Documents\brocamb\Project 2\Tahtib Al Juhd\Backend\node_modules\@google\genai\dist\node\index.cjs:13174:31)
    at ApiClient.request (C:\Users\USER\OneDrive\Documents\brocamb\Project 2\Tahtib Al Juhd\Backend\node_modules\@google\genai\dist\node\index.cjs:13113:23)
    at Models.generateContent (C:\Users\USER\OneDrive\Documents\brocamb\Project 2\Tahtib Al Juhd\Backend\node_modules\@google\genai\dist\node\index.cjs:14448:24)
2025-08-09 16:48:58 [[31merror[39m]: Error: Could not load the default credentials. Browse to https://cloud.google.com/docs/authentication/getting-started for more information.
    at GoogleAuth.getApplicationDefaultAsync (C:\Users\USER\OneDrive\Documents\brocamb\Project 2\Tahtib Al Juhd\Backend\node_modules\google-auth-library\build\src\auth\googleauth.js:287:15)
    at processTicksAndRejections (node:internal/process/task_queues:105:5)
    at GoogleAuth._GoogleAuth_determineClient (C:\Users\USER\OneDrive\Documents\brocamb\Project 2\Tahtib Al Juhd\Backend\node_modules\google-auth-library\build\src\auth\googleauth.js:834:32)
    at GoogleAuth.getClient (C:\Users\USER\OneDrive\Documents\brocamb\Project 2\Tahtib Al Juhd\Backend\node_modules\google-auth-library\build\src\auth\googleauth.js:698:20)
    at GoogleAuth.getRequestHeaders (C:\Users\USER\OneDrive\Documents\brocamb\Project 2\Tahtib Al Juhd\Backend\node_modules\google-auth-library\build\src\auth\googleauth.js:730:24)
    at NodeAuth.addGoogleAuthHeaders (C:\Users\USER\OneDrive\Documents\brocamb\Project 2\Tahtib Al Juhd\Backend\node_modules\@google\genai\dist\node\index.cjs:16860:29)
    at ApiClient.getHeadersInternal (C:\Users\USER\OneDrive\Documents\brocamb\Project 2\Tahtib Al Juhd\Backend\node_modules\@google\genai\dist\node\index.cjs:13299:9)
    at ApiClient.includeExtraHttpOptionsToRequestInit (C:\Users\USER\OneDrive\Documents\brocamb\Project 2\Tahtib Al Juhd\Backend\node_modules\@google\genai\dist\node\index.cjs:13174:31)
    at ApiClient.request (C:\Users\USER\OneDrive\Documents\brocamb\Project 2\Tahtib Al Juhd\Backend\node_modules\@google\genai\dist\node\index.cjs:13113:23)
    at Models.generateContent (C:\Users\USER\OneDrive\Documents\brocamb\Project 2\Tahtib Al Juhd\Backend\node_modules\@google\genai\dist\node\index.cjs:14448:24)
2025-08-09 17:54:29 [[31merror[39m]: ApiError: {"error":{"code":400,"message":"Please use a valid role: user, model.","status":"INVALID_ARGUMENT"}}
    at throwErrorIfNotOK (C:\Users\USER\OneDrive\Documents\brocamb\Project 2\Tahtib Al Juhd\Backend\node_modules\@google\genai\dist\node\index.cjs:13404:30)
    at processTicksAndRejections (node:internal/process/task_queues:105:5)
    at C:\Users\USER\OneDrive\Documents\brocamb\Project 2\Tahtib Al Juhd\Backend\node_modules\@google\genai\dist\node\index.cjs:13180:13
    at Models.generateContent (C:\Users\USER\OneDrive\Documents\brocamb\Project 2\Tahtib Al Juhd\Backend\node_modules\@google\genai\dist\node\index.cjs:14448:24)
2025-08-09 17:55:31 [[31merror[39m]: ApiError: {"error":{"code":400,"message":"Please use a valid role: user, model.","status":"INVALID_ARGUMENT"}}
    at throwErrorIfNotOK (C:\Users\USER\OneDrive\Documents\brocamb\Project 2\Tahtib Al Juhd\Backend\node_modules\@google\genai\dist\node\index.cjs:13404:30)
    at processTicksAndRejections (node:internal/process/task_queues:105:5)
    at C:\Users\USER\OneDrive\Documents\brocamb\Project 2\Tahtib Al Juhd\Backend\node_modules\@google\genai\dist\node\index.cjs:13180:13
    at Models.generateContent (C:\Users\USER\OneDrive\Documents\brocamb\Project 2\Tahtib Al Juhd\Backend\node_modules\@google\genai\dist\node\index.cjs:14448:24)
2025-08-09 18:08:11 [[31merror[39m]: Error: Invalid token version
    at createHttpError (C:\Users\USER\OneDrive\Documents\brocamb\Project 2\Tahtib Al Juhd\Backend\src\utils\http-error.util.ts:12:12)
    at AuthService.<anonymous> (C:\Users\USER\OneDrive\Documents\brocamb\Project 2\Tahtib Al Juhd\Backend\src\Services\auth\auth.service.ts:322:28)
    at Generator.next (<anonymous>)
    at fulfilled (C:\Users\USER\OneDrive\Documents\brocamb\Project 2\Tahtib Al Juhd\Backend\src\Services\auth\auth.service.ts:5:58)
    at processTicksAndRejections (node:internal/process/task_queues:105:5)
2025-08-09 18:11:14 [[31merror[39m]: Error: Invalid token version
    at createHttpError (C:\Users\USER\OneDrive\Documents\brocamb\Project 2\Tahtib Al Juhd\Backend\src\utils\http-error.util.ts:12:12)
    at C:\Users\USER\OneDrive\Documents\brocamb\Project 2\Tahtib Al Juhd\Backend\src\middleware\verify.token.middleware.ts:108:26
    at Generator.next (<anonymous>)
    at fulfilled (C:\Users\USER\OneDrive\Documents\brocamb\Project 2\Tahtib Al Juhd\Backend\src\middleware\verify.token.middleware.ts:5:58)
    at processTicksAndRejections (node:internal/process/task_queues:105:5)
2025-08-09 19:27:35 [[31merror[39m]: Error: Token expired
    at createHttpError (C:\Users\USER\OneDrive\Documents\brocamb\Project 2\Tahtib Al Juhd\Backend\src\utils\http-error.util.ts:12:12)
    at C:\Users\USER\OneDrive\Documents\brocamb\Project 2\Tahtib Al Juhd\Backend\src\middleware\verify.token.middleware.ts:45:26
    at Generator.next (<anonymous>)
    at C:\Users\USER\OneDrive\Documents\brocamb\Project 2\Tahtib Al Juhd\Backend\src\middleware\verify.token.middleware.ts:8:71
    at new Promise (<anonymous>)
    at __awaiter (C:\Users\USER\OneDrive\Documents\brocamb\Project 2\Tahtib Al Juhd\Backend\src\middleware\verify.token.middleware.ts:4:12)
    at C:\Users\USER\OneDrive\Documents\brocamb\Project 2\Tahtib Al Juhd\Backend\src\middleware\verify.token.middleware.ts:20:22
    at Layer.handle [as handle_request] (C:\Users\USER\node_modules\express\lib\router\layer.js:95:5)
    at trim_prefix (C:\Users\USER\node_modules\express\lib\router\index.js:328:13)
    at C:\Users\USER\node_modules\express\lib\router\index.js:286:9
2025-08-10 15:04:02 [[31merror[39m]: Error: Token expired
    at createHttpError (C:\Users\USER\OneDrive\Documents\brocamb\Project 2\Tahtib Al Juhd\Backend\src\utils\http-error.util.ts:12:12)
    at C:\Users\USER\OneDrive\Documents\brocamb\Project 2\Tahtib Al Juhd\Backend\src\middleware\verify.token.middleware.ts:45:26
    at Generator.next (<anonymous>)
    at C:\Users\USER\OneDrive\Documents\brocamb\Project 2\Tahtib Al Juhd\Backend\src\middleware\verify.token.middleware.ts:8:71
    at new Promise (<anonymous>)
    at __awaiter (C:\Users\USER\OneDrive\Documents\brocamb\Project 2\Tahtib Al Juhd\Backend\src\middleware\verify.token.middleware.ts:4:12)
    at C:\Users\USER\OneDrive\Documents\brocamb\Project 2\Tahtib Al Juhd\Backend\src\middleware\verify.token.middleware.ts:20:22
    at Layer.handle [as handle_request] (C:\Users\USER\node_modules\express\lib\router\layer.js:95:5)
    at trim_prefix (C:\Users\USER\node_modules\express\lib\router\index.js:328:13)
    at C:\Users\USER\node_modules\express\lib\router\index.js:286:9
2025-08-10 15:24:34 [[31merror[39m]: Error: Token expired
    at createHttpError (C:\Users\USER\OneDrive\Documents\brocamb\Project 2\Tahtib Al Juhd\Backend\src\utils\http-error.util.ts:12:12)
    at C:\Users\USER\OneDrive\Documents\brocamb\Project 2\Tahtib Al Juhd\Backend\src\middleware\verify.token.middleware.ts:45:26
    at Generator.next (<anonymous>)
    at C:\Users\USER\OneDrive\Documents\brocamb\Project 2\Tahtib Al Juhd\Backend\src\middleware\verify.token.middleware.ts:8:71
    at new Promise (<anonymous>)
    at __awaiter (C:\Users\USER\OneDrive\Documents\brocamb\Project 2\Tahtib Al Juhd\Backend\src\middleware\verify.token.middleware.ts:4:12)
    at C:\Users\USER\OneDrive\Documents\brocamb\Project 2\Tahtib Al Juhd\Backend\src\middleware\verify.token.middleware.ts:20:22
    at Layer.handle [as handle_request] (C:\Users\USER\node_modules\express\lib\router\layer.js:95:5)
    at trim_prefix (C:\Users\USER\node_modules\express\lib\router\index.js:328:13)
    at C:\Users\USER\node_modules\express\lib\router\index.js:286:9
2025-08-10 16:29:24 [[31merror[39m]: Error: Token expired
    at createHttpError (C:\Users\USER\OneDrive\Documents\brocamb\Project 2\Tahtib Al Juhd\Backend\src\utils\http-error.util.ts:12:12)
    at C:\Users\USER\OneDrive\Documents\brocamb\Project 2\Tahtib Al Juhd\Backend\src\middleware\verify.token.middleware.ts:45:26
    at Generator.next (<anonymous>)
    at C:\Users\USER\OneDrive\Documents\brocamb\Project 2\Tahtib Al Juhd\Backend\src\middleware\verify.token.middleware.ts:8:71
    at new Promise (<anonymous>)
    at __awaiter (C:\Users\USER\OneDrive\Documents\brocamb\Project 2\Tahtib Al Juhd\Backend\src\middleware\verify.token.middleware.ts:4:12)
    at C:\Users\USER\OneDrive\Documents\brocamb\Project 2\Tahtib Al Juhd\Backend\src\middleware\verify.token.middleware.ts:20:22
    at Layer.handle [as handle_request] (C:\Users\USER\node_modules\express\lib\router\layer.js:95:5)
    at trim_prefix (C:\Users\USER\node_modules\express\lib\router\index.js:328:13)
    at C:\Users\USER\node_modules\express\lib\router\index.js:286:9
2025-08-10 20:35:38 [[31merror[39m]: Error: Token expired
    at createHttpError (C:\Users\USER\OneDrive\Documents\brocamb\Project 2\Tahtib Al Juhd\Backend\src\utils\http-error.util.ts:12:12)
    at C:\Users\USER\OneDrive\Documents\brocamb\Project 2\Tahtib Al Juhd\Backend\src\middleware\verify.token.middleware.ts:45:26
    at Generator.next (<anonymous>)
    at C:\Users\USER\OneDrive\Documents\brocamb\Project 2\Tahtib Al Juhd\Backend\src\middleware\verify.token.middleware.ts:8:71
    at new Promise (<anonymous>)
    at __awaiter (C:\Users\USER\OneDrive\Documents\brocamb\Project 2\Tahtib Al Juhd\Backend\src\middleware\verify.token.middleware.ts:4:12)
    at C:\Users\USER\OneDrive\Documents\brocamb\Project 2\Tahtib Al Juhd\Backend\src\middleware\verify.token.middleware.ts:20:22
    at Layer.handle [as handle_request] (C:\Users\USER\node_modules\express\lib\router\layer.js:95:5)
    at trim_prefix (C:\Users\USER\node_modules\express\lib\router\index.js:328:13)
    at C:\Users\USER\node_modules\express\lib\router\index.js:286:9
2025-08-10 20:35:44 [[31merror[39m]: Error: Invalid token version
    at createHttpError (C:\Users\USER\OneDrive\Documents\brocamb\Project 2\Tahtib Al Juhd\Backend\src\utils\http-error.util.ts:12:12)
    at C:\Users\USER\OneDrive\Documents\brocamb\Project 2\Tahtib Al Juhd\Backend\src\middleware\verify.token.middleware.ts:108:26
    at Generator.next (<anonymous>)
    at fulfilled (C:\Users\USER\OneDrive\Documents\brocamb\Project 2\Tahtib Al Juhd\Backend\src\middleware\verify.token.middleware.ts:5:58)
    at processTicksAndRejections (node:internal/process/task_queues:105:5)
2025-08-10 20:35:58 [[31merror[39m]: TypeError: Cannot read properties of null (reading 'adminId')
    at TrainerPersonalizationService.<anonymous> (C:\Users\USER\OneDrive\Documents\brocamb\Project 2\Tahtib Al Juhd\Backend\src\Services\trainer\trainer.personalization.service.ts:191:28)
    at Generator.next (<anonymous>)
    at fulfilled (C:\Users\USER\OneDrive\Documents\brocamb\Project 2\Tahtib Al Juhd\Backend\src\Services\trainer\trainer.personalization.service.ts:5:58)
    at processTicksAndRejections (node:internal/process/task_queues:105:5)
2025-08-10 20:36:12 [[31merror[39m]: TypeError: Cannot read properties of null (reading 'adminId')
    at TrainerPersonalizationService.<anonymous> (C:\Users\USER\OneDrive\Documents\brocamb\Project 2\Tahtib Al Juhd\Backend\src\Services\trainer\trainer.personalization.service.ts:191:28)
    at Generator.next (<anonymous>)
    at fulfilled (C:\Users\USER\OneDrive\Documents\brocamb\Project 2\Tahtib Al Juhd\Backend\src\Services\trainer\trainer.personalization.service.ts:5:58)
    at processTicksAndRejections (node:internal/process/task_queues:105:5)
2025-08-10 20:40:54 [[31merror[39m]: TypeError: Cannot read properties of undefined (reading 'result')
    at Function.<anonymous> (C:\Users\USER\OneDrive\Documents\brocamb\Project 2\Tahtib Al Juhd\Backend\src\dtos\admin\TrainerDTO.ts:134:41)
    at Generator.next (<anonymous>)
    at C:\Users\USER\OneDrive\Documents\brocamb\Project 2\Tahtib Al Juhd\Backend\src\dtos\admin\TrainerDTO.ts:8:71
    at new Promise (<anonymous>)
    at __awaiter (C:\Users\USER\OneDrive\Documents\brocamb\Project 2\Tahtib Al Juhd\Backend\src\dtos\admin\TrainerDTO.ts:4:12)
    at Function.toTrainerDTO (C:\Users\USER\OneDrive\Documents\brocamb\Project 2\Tahtib Al Juhd\Backend\src\dtos\admin\TrainerDTO.ts:16:16)
    at C:\Users\USER\OneDrive\Documents\brocamb\Project 2\Tahtib Al Juhd\Backend\src\dtos\admin\TrainerDTO.ts:194:75
    at Array.map (<anonymous>)
    at Function.<anonymous> (C:\Users\USER\OneDrive\Documents\brocamb\Project 2\Tahtib Al Juhd\Backend\src\dtos\admin\TrainerDTO.ts:194:53)
    at Generator.next (<anonymous>)
2025-08-10 20:41:16 [[31merror[39m]: TypeError: Cannot read properties of undefined (reading 'result')
    at Function.<anonymous> (C:\Users\USER\OneDrive\Documents\brocamb\Project 2\Tahtib Al Juhd\Backend\src\dtos\admin\TrainerDTO.ts:134:41)
    at Generator.next (<anonymous>)
    at C:\Users\USER\OneDrive\Documents\brocamb\Project 2\Tahtib Al Juhd\Backend\src\dtos\admin\TrainerDTO.ts:8:71
    at new Promise (<anonymous>)
    at __awaiter (C:\Users\USER\OneDrive\Documents\brocamb\Project 2\Tahtib Al Juhd\Backend\src\dtos\admin\TrainerDTO.ts:4:12)
    at Function.toTrainerDTO (C:\Users\USER\OneDrive\Documents\brocamb\Project 2\Tahtib Al Juhd\Backend\src\dtos\admin\TrainerDTO.ts:16:16)
    at C:\Users\USER\OneDrive\Documents\brocamb\Project 2\Tahtib Al Juhd\Backend\src\dtos\admin\TrainerDTO.ts:194:75
    at Array.map (<anonymous>)
    at Function.<anonymous> (C:\Users\USER\OneDrive\Documents\brocamb\Project 2\Tahtib Al Juhd\Backend\src\dtos\admin\TrainerDTO.ts:194:53)
    at Generator.next (<anonymous>)
2025-08-10 20:45:03 [[31merror[39m]: TypeError: Cannot read properties of undefined (reading 'result')
    at Function.<anonymous> (C:\Users\USER\OneDrive\Documents\brocamb\Project 2\Tahtib Al Juhd\Backend\src\dtos\admin\TrainerDTO.ts:134:41)
    at Generator.next (<anonymous>)
    at C:\Users\USER\OneDrive\Documents\brocamb\Project 2\Tahtib Al Juhd\Backend\src\dtos\admin\TrainerDTO.ts:8:71
    at new Promise (<anonymous>)
    at __awaiter (C:\Users\USER\OneDrive\Documents\brocamb\Project 2\Tahtib Al Juhd\Backend\src\dtos\admin\TrainerDTO.ts:4:12)
    at Function.toTrainerDTO (C:\Users\USER\OneDrive\Documents\brocamb\Project 2\Tahtib Al Juhd\Backend\src\dtos\admin\TrainerDTO.ts:16:16)
    at C:\Users\USER\OneDrive\Documents\brocamb\Project 2\Tahtib Al Juhd\Backend\src\dtos\admin\TrainerDTO.ts:194:75
    at Array.map (<anonymous>)
    at Function.<anonymous> (C:\Users\USER\OneDrive\Documents\brocamb\Project 2\Tahtib Al Juhd\Backend\src\dtos\admin\TrainerDTO.ts:194:53)
    at Generator.next (<anonymous>)
2025-08-10 20:45:59 [[31merror[39m]: TypeError: Cannot read properties of undefined (reading 'result')
    at Function.<anonymous> (C:\Users\USER\OneDrive\Documents\brocamb\Project 2\Tahtib Al Juhd\Backend\src\dtos\admin\TrainerDTO.ts:134:41)
    at Generator.next (<anonymous>)
    at C:\Users\USER\OneDrive\Documents\brocamb\Project 2\Tahtib Al Juhd\Backend\src\dtos\admin\TrainerDTO.ts:8:71
    at new Promise (<anonymous>)
    at __awaiter (C:\Users\USER\OneDrive\Documents\brocamb\Project 2\Tahtib Al Juhd\Backend\src\dtos\admin\TrainerDTO.ts:4:12)
    at Function.toTrainerDTO (C:\Users\USER\OneDrive\Documents\brocamb\Project 2\Tahtib Al Juhd\Backend\src\dtos\admin\TrainerDTO.ts:16:16)
    at C:\Users\USER\OneDrive\Documents\brocamb\Project 2\Tahtib Al Juhd\Backend\src\dtos\admin\TrainerDTO.ts:194:75
    at Array.map (<anonymous>)
    at Function.<anonymous> (C:\Users\USER\OneDrive\Documents\brocamb\Project 2\Tahtib Al Juhd\Backend\src\dtos\admin\TrainerDTO.ts:194:53)
    at Generator.next (<anonymous>)
2025-08-10 20:47:04 [[31merror[39m]: TypeError: Cannot read properties of undefined (reading 'adminId')
    at Function.<anonymous> (C:\Users\USER\OneDrive\Documents\brocamb\Project 2\Tahtib Al Juhd\Backend\src\dtos\admin\TrainerDTO.ts:171:42)
    at Generator.next (<anonymous>)
    at fulfilled (C:\Users\USER\OneDrive\Documents\brocamb\Project 2\Tahtib Al Juhd\Backend\src\dtos\admin\TrainerDTO.ts:5:58)
    at processTicksAndRejections (node:internal/process/task_queues:105:5)
2025-08-10 22:05:36 [[31merror[39m]: Error: Token expired
    at createHttpError (C:\Users\USER\OneDrive\Documents\brocamb\Project 2\Tahtib Al Juhd\Backend\src\utils\http-error.util.ts:12:12)
    at C:\Users\USER\OneDrive\Documents\brocamb\Project 2\Tahtib Al Juhd\Backend\src\middleware\verify.token.middleware.ts:45:26
    at Generator.next (<anonymous>)
    at C:\Users\USER\OneDrive\Documents\brocamb\Project 2\Tahtib Al Juhd\Backend\src\middleware\verify.token.middleware.ts:8:71
    at new Promise (<anonymous>)
    at __awaiter (C:\Users\USER\OneDrive\Documents\brocamb\Project 2\Tahtib Al Juhd\Backend\src\middleware\verify.token.middleware.ts:4:12)
    at C:\Users\USER\OneDrive\Documents\brocamb\Project 2\Tahtib Al Juhd\Backend\src\middleware\verify.token.middleware.ts:20:22
    at Layer.handle [as handle_request] (C:\Users\USER\node_modules\express\lib\router\layer.js:95:5)
    at trim_prefix (C:\Users\USER\node_modules\express\lib\router\index.js:328:13)
    at C:\Users\USER\node_modules\express\lib\router\index.js:286:9
2025-08-11 11:06:53 [[31merror[39m]: Error: Token expired
    at createHttpError (C:\Users\USER\OneDrive\Documents\brocamb\Project 2\Tahtib Al Juhd\Backend\src\utils\http-error.util.ts:12:12)
    at C:\Users\USER\OneDrive\Documents\brocamb\Project 2\Tahtib Al Juhd\Backend\src\middleware\verify.token.middleware.ts:45:26
    at Generator.next (<anonymous>)
    at C:\Users\USER\OneDrive\Documents\brocamb\Project 2\Tahtib Al Juhd\Backend\src\middleware\verify.token.middleware.ts:8:71
    at new Promise (<anonymous>)
    at __awaiter (C:\Users\USER\OneDrive\Documents\brocamb\Project 2\Tahtib Al Juhd\Backend\src\middleware\verify.token.middleware.ts:4:12)
    at C:\Users\USER\OneDrive\Documents\brocamb\Project 2\Tahtib Al Juhd\Backend\src\middleware\verify.token.middleware.ts:20:22
    at Layer.handle [as handle_request] (C:\Users\USER\node_modules\express\lib\router\layer.js:95:5)
    at trim_prefix (C:\Users\USER\node_modules\express\lib\router\index.js:328:13)
    at C:\Users\USER\node_modules\express\lib\router\index.js:286:9
2025-08-11 12:19:13 [[31merror[39m]: Error: Token expired
    at createHttpError (C:\Users\USER\OneDrive\Documents\brocamb\Project 2\Tahtib Al Juhd\Backend\src\utils\http-error.util.ts:12:12)
    at C:\Users\USER\OneDrive\Documents\brocamb\Project 2\Tahtib Al Juhd\Backend\src\middleware\verify.token.middleware.ts:45:26
    at Generator.next (<anonymous>)
    at C:\Users\USER\OneDrive\Documents\brocamb\Project 2\Tahtib Al Juhd\Backend\src\middleware\verify.token.middleware.ts:8:71
    at new Promise (<anonymous>)
    at __awaiter (C:\Users\USER\OneDrive\Documents\brocamb\Project 2\Tahtib Al Juhd\Backend\src\middleware\verify.token.middleware.ts:4:12)
    at C:\Users\USER\OneDrive\Documents\brocamb\Project 2\Tahtib Al Juhd\Backend\src\middleware\verify.token.middleware.ts:20:22
    at Layer.handle [as handle_request] (C:\Users\USER\node_modules\express\lib\router\layer.js:95:5)
    at trim_prefix (C:\Users\USER\node_modules\express\lib\router\index.js:328:13)
    at C:\Users\USER\node_modules\express\lib\router\index.js:286:9
2025-08-11 14:52:02 [[31merror[39m]: Error: Token expired
    at createHttpError (C:\Users\USER\OneDrive\Documents\brocamb\Project 2\Tahtib Al Juhd\Backend\src\utils\http-error.util.ts:12:12)
    at C:\Users\USER\OneDrive\Documents\brocamb\Project 2\Tahtib Al Juhd\Backend\src\middleware\verify.token.middleware.ts:45:26
    at Generator.next (<anonymous>)
    at C:\Users\USER\OneDrive\Documents\brocamb\Project 2\Tahtib Al Juhd\Backend\src\middleware\verify.token.middleware.ts:8:71
    at new Promise (<anonymous>)
    at __awaiter (C:\Users\USER\OneDrive\Documents\brocamb\Project 2\Tahtib Al Juhd\Backend\src\middleware\verify.token.middleware.ts:4:12)
    at C:\Users\USER\OneDrive\Documents\brocamb\Project 2\Tahtib Al Juhd\Backend\src\middleware\verify.token.middleware.ts:20:22
    at Layer.handle [as handle_request] (C:\Users\USER\node_modules\express\lib\router\layer.js:95:5)
    at trim_prefix (C:\Users\USER\node_modules\express\lib\router\index.js:328:13)
    at C:\Users\USER\node_modules\express\lib\router\index.js:286:9
2025-08-11 16:55:30 [[31merror[39m]: Error: Token expired
    at createHttpError (C:\Users\USER\OneDrive\Documents\brocamb\Project 2\Tahtib Al Juhd\Backend\src\utils\http-error.util.ts:12:12)
    at C:\Users\USER\OneDrive\Documents\brocamb\Project 2\Tahtib Al Juhd\Backend\src\middleware\verify.token.middleware.ts:45:26
    at Generator.next (<anonymous>)
    at C:\Users\USER\OneDrive\Documents\brocamb\Project 2\Tahtib Al Juhd\Backend\src\middleware\verify.token.middleware.ts:8:71
    at new Promise (<anonymous>)
    at __awaiter (C:\Users\USER\OneDrive\Documents\brocamb\Project 2\Tahtib Al Juhd\Backend\src\middleware\verify.token.middleware.ts:4:12)
    at C:\Users\USER\OneDrive\Documents\brocamb\Project 2\Tahtib Al Juhd\Backend\src\middleware\verify.token.middleware.ts:20:22
    at Layer.handle [as handle_request] (C:\Users\USER\node_modules\express\lib\router\layer.js:95:5)
    at trim_prefix (C:\Users\USER\node_modules\express\lib\router\index.js:328:13)
    at C:\Users\USER\node_modules\express\lib\router\index.js:286:9
2025-08-11 19:41:31 [[31merror[39m]: Error: Token expired
    at createHttpError (C:\Users\USER\OneDrive\Documents\brocamb\Project 2\Tahtib Al Juhd\Backend\src\utils\http-error.util.ts:12:12)
    at C:\Users\USER\OneDrive\Documents\brocamb\Project 2\Tahtib Al Juhd\Backend\src\middleware\verify.token.middleware.ts:45:26
    at Generator.next (<anonymous>)
    at C:\Users\USER\OneDrive\Documents\brocamb\Project 2\Tahtib Al Juhd\Backend\src\middleware\verify.token.middleware.ts:8:71
    at new Promise (<anonymous>)
    at __awaiter (C:\Users\USER\OneDrive\Documents\brocamb\Project 2\Tahtib Al Juhd\Backend\src\middleware\verify.token.middleware.ts:4:12)
    at C:\Users\USER\OneDrive\Documents\brocamb\Project 2\Tahtib Al Juhd\Backend\src\middleware\verify.token.middleware.ts:20:22
    at Layer.handle [as handle_request] (C:\Users\USER\node_modules\express\lib\router\layer.js:95:5)
    at trim_prefix (C:\Users\USER\node_modules\express\lib\router\index.js:328:13)
    at C:\Users\USER\node_modules\express\lib\router\index.js:286:9
2025-08-11 19:56:06 [[31merror[39m]: TypeError: Cannot read properties of undefined (reading 'toString')
    at clientTrainerService.<anonymous> (C:\Users\USER\OneDrive\Documents\brocamb\Project 2\Tahtib Al Juhd\Backend\src\Services\client\client.trainer.service.ts:17:85)
    at Generator.next (<anonymous>)
    at fulfilled (C:\Users\USER\OneDrive\Documents\brocamb\Project 2\Tahtib Al Juhd\Backend\src\Services\client\client.trainer.service.ts:5:58)
    at processTicksAndRejections (node:internal/process/task_queues:105:5)
2025-08-11 19:56:52 [[31merror[39m]: Error: Token expired
    at createHttpError (C:\Users\USER\OneDrive\Documents\brocamb\Project 2\Tahtib Al Juhd\Backend\src\utils\http-error.util.ts:12:12)
    at C:\Users\USER\OneDrive\Documents\brocamb\Project 2\Tahtib Al Juhd\Backend\src\middleware\verify.token.middleware.ts:45:26
    at Generator.next (<anonymous>)
    at C:\Users\USER\OneDrive\Documents\brocamb\Project 2\Tahtib Al Juhd\Backend\src\middleware\verify.token.middleware.ts:8:71
    at new Promise (<anonymous>)
    at __awaiter (C:\Users\USER\OneDrive\Documents\brocamb\Project 2\Tahtib Al Juhd\Backend\src\middleware\verify.token.middleware.ts:4:12)
    at C:\Users\USER\OneDrive\Documents\brocamb\Project 2\Tahtib Al Juhd\Backend\src\middleware\verify.token.middleware.ts:20:22
    at Layer.handle [as handle_request] (C:\Users\USER\node_modules\express\lib\router\layer.js:95:5)
    at trim_prefix (C:\Users\USER\node_modules\express\lib\router\index.js:328:13)
    at C:\Users\USER\node_modules\express\lib\router\index.js:286:9
2025-08-11 19:56:52 [[31merror[39m]: TypeError: Cannot read properties of undefined (reading 'toString')
    at clientTrainerService.<anonymous> (C:\Users\USER\OneDrive\Documents\brocamb\Project 2\Tahtib Al Juhd\Backend\src\Services\client\client.trainer.service.ts:16:134)
    at Generator.next (<anonymous>)
    at fulfilled (C:\Users\USER\OneDrive\Documents\brocamb\Project 2\Tahtib Al Juhd\Backend\src\Services\client\client.trainer.service.ts:5:58)
    at processTicksAndRejections (node:internal/process/task_queues:105:5)
2025-08-11 19:57:06 [[31merror[39m]: BSONError: input must be a 24 character hex string, 12 byte Uint8Array, or an integer
    at new ObjectId (C:\Users\USER\node_modules\bson\src\objectid.ts:120:15)
    at TrainerPersonalizationRepository.<anonymous> (C:\Users\USER\OneDrive\Documents\brocamb\Project 2\Tahtib Al Juhd\Backend\src\Repository\Trainer.personalization.repository.ts:344:26)
    at Generator.next (<anonymous>)
    at C:\Users\USER\OneDrive\Documents\brocamb\Project 2\Tahtib Al Juhd\Backend\src\Repository\Trainer.personalization.repository.ts:8:71
    at new Promise (<anonymous>)
    at __awaiter (C:\Users\USER\OneDrive\Documents\brocamb\Project 2\Tahtib Al Juhd\Backend\src\Repository\Trainer.personalization.repository.ts:4:12)
    at TrainerPersonalizationRepository.getAvailableTrainer (C:\Users\USER\OneDrive\Documents\brocamb\Project 2\Tahtib Al Juhd\Backend\src\Repository\Trainer.personalization.repository.ts:301:16)
    at clientTrainerService.<anonymous> (C:\Users\USER\OneDrive\Documents\brocamb\Project 2\Tahtib Al Juhd\Backend\src\Services\client\client.trainer.service.ts:17:48)
    at Generator.next (<anonymous>)
    at fulfilled (C:\Users\USER\OneDrive\Documents\brocamb\Project 2\Tahtib Al Juhd\Backend\src\Services\client\client.trainer.service.ts:5:58)
2025-08-11 20:03:31 [[31merror[39m]: Error: Arguments must be aggregate pipeline operators
    at Aggregate.append (C:\Users\USER\node_modules\mongoose\lib\aggregate.js:167:11)
    at new Aggregate (C:\Users\USER\node_modules\mongoose\lib\aggregate.js:59:17)
    at Function.aggregate (C:\Users\USER\node_modules\mongoose\lib\model.js:4068:21)
    at TrainerPersonalizationRepository.<anonymous> (C:\Users\USER\OneDrive\Documents\brocamb\Project 2\Tahtib Al Juhd\Backend\src\Repository\Trainer.personalization.repository.ts:404:18)
    at Generator.next (<anonymous>)
    at C:\Users\USER\OneDrive\Documents\brocamb\Project 2\Tahtib Al Juhd\Backend\src\Repository\Trainer.personalization.repository.ts:8:71
    at new Promise (<anonymous>)
    at __awaiter (C:\Users\USER\OneDrive\Documents\brocamb\Project 2\Tahtib Al Juhd\Backend\src\Repository\Trainer.personalization.repository.ts:4:12)
    at TrainerPersonalizationRepository.getAvailableTrainer (C:\Users\USER\OneDrive\Documents\brocamb\Project 2\Tahtib Al Juhd\Backend\src\Repository\Trainer.personalization.repository.ts:301:16)
    at clientTrainerService.<anonymous> (C:\Users\USER\OneDrive\Documents\brocamb\Project 2\Tahtib Al Juhd\Backend\src\Services\client\client.trainer.service.ts:17:48)
2025-08-11 20:28:34 [[31merror[39m]: Error: Invalid token version
    at createHttpError (C:\Users\USER\OneDrive\Documents\brocamb\Project 2\Tahtib Al Juhd\Backend\src\utils\http-error.util.ts:12:12)
    at AuthService.<anonymous> (C:\Users\USER\OneDrive\Documents\brocamb\Project 2\Tahtib Al Juhd\Backend\src\Services\auth\auth.service.ts:322:28)
    at Generator.next (<anonymous>)
    at fulfilled (C:\Users\USER\OneDrive\Documents\brocamb\Project 2\Tahtib Al Juhd\Backend\src\Services\auth\auth.service.ts:5:58)
    at processTicksAndRejections (node:internal/process/task_queues:105:5)
2025-08-11 20:40:37 [[31merror[39m]: TypeError: result.map is not a function
    at clientTrainerService.<anonymous> (C:\Users\USER\OneDrive\Documents\brocamb\Project 2\Tahtib Al Juhd\Backend\src\Services\client\client.trainer.service.ts:19:37)
    at Generator.next (<anonymous>)
    at fulfilled (C:\Users\USER\OneDrive\Documents\brocamb\Project 2\Tahtib Al Juhd\Backend\src\Services\client\client.trainer.service.ts:5:58)
    at processTicksAndRejections (node:internal/process/task_queues:105:5)
2025-08-11 20:40:37 [[31merror[39m]: TypeError: result.map is not a function
    at clientTrainerService.<anonymous> (C:\Users\USER\OneDrive\Documents\brocamb\Project 2\Tahtib Al Juhd\Backend\src\Services\client\client.trainer.service.ts:19:37)
    at Generator.next (<anonymous>)
    at fulfilled (C:\Users\USER\OneDrive\Documents\brocamb\Project 2\Tahtib Al Juhd\Backend\src\Services\client\client.trainer.service.ts:5:58)
    at processTicksAndRejections (node:internal/process/task_queues:105:5)
2025-08-11 20:40:37 [[31merror[39m]: TypeError: result.map is not a function
    at clientTrainerService.<anonymous> (C:\Users\USER\OneDrive\Documents\brocamb\Project 2\Tahtib Al Juhd\Backend\src\Services\client\client.trainer.service.ts:19:37)
    at Generator.next (<anonymous>)
    at fulfilled (C:\Users\USER\OneDrive\Documents\brocamb\Project 2\Tahtib Al Juhd\Backend\src\Services\client\client.trainer.service.ts:5:58)
    at processTicksAndRejections (node:internal/process/task_queues:105:5)
2025-08-11 20:40:37 [[31merror[39m]: TypeError: result.map is not a function
    at clientTrainerService.<anonymous> (C:\Users\USER\OneDrive\Documents\brocamb\Project 2\Tahtib Al Juhd\Backend\src\Services\client\client.trainer.service.ts:19:37)
    at Generator.next (<anonymous>)
    at fulfilled (C:\Users\USER\OneDrive\Documents\brocamb\Project 2\Tahtib Al Juhd\Backend\src\Services\client\client.trainer.service.ts:5:58)
    at processTicksAndRejections (node:internal/process/task_queues:105:5)
2025-08-11 20:40:37 [[31merror[39m]: TypeError: result.map is not a function
    at clientTrainerService.<anonymous> (C:\Users\USER\OneDrive\Documents\brocamb\Project 2\Tahtib Al Juhd\Backend\src\Services\client\client.trainer.service.ts:19:37)
    at Generator.next (<anonymous>)
    at fulfilled (C:\Users\USER\OneDrive\Documents\brocamb\Project 2\Tahtib Al Juhd\Backend\src\Services\client\client.trainer.service.ts:5:58)
    at processTicksAndRejections (node:internal/process/task_queues:105:5)
2025-08-11 20:40:37 [[31merror[39m]: TypeError: result.map is not a function
    at clientTrainerService.<anonymous> (C:\Users\USER\OneDrive\Documents\brocamb\Project 2\Tahtib Al Juhd\Backend\src\Services\client\client.trainer.service.ts:19:37)
    at Generator.next (<anonymous>)
    at fulfilled (C:\Users\USER\OneDrive\Documents\brocamb\Project 2\Tahtib Al Juhd\Backend\src\Services\client\client.trainer.service.ts:5:58)
    at processTicksAndRejections (node:internal/process/task_queues:105:5)
2025-08-11 20:40:37 [[31merror[39m]: TypeError: result.map is not a function
    at clientTrainerService.<anonymous> (C:\Users\USER\OneDrive\Documents\brocamb\Project 2\Tahtib Al Juhd\Backend\src\Services\client\client.trainer.service.ts:19:37)
    at Generator.next (<anonymous>)
    at fulfilled (C:\Users\USER\OneDrive\Documents\brocamb\Project 2\Tahtib Al Juhd\Backend\src\Services\client\client.trainer.service.ts:5:58)
    at processTicksAndRejections (node:internal/process/task_queues:105:5)
2025-08-11 20:40:37 [[31merror[39m]: TypeError: result.map is not a function
    at clientTrainerService.<anonymous> (C:\Users\USER\OneDrive\Documents\brocamb\Project 2\Tahtib Al Juhd\Backend\src\Services\client\client.trainer.service.ts:19:37)
    at Generator.next (<anonymous>)
    at fulfilled (C:\Users\USER\OneDrive\Documents\brocamb\Project 2\Tahtib Al Juhd\Backend\src\Services\client\client.trainer.service.ts:5:58)
    at processTicksAndRejections (node:internal/process/task_queues:105:5)
2025-08-11 20:40:37 [[31merror[39m]: TypeError: result.map is not a function
    at clientTrainerService.<anonymous> (C:\Users\USER\OneDrive\Documents\brocamb\Project 2\Tahtib Al Juhd\Backend\src\Services\client\client.trainer.service.ts:19:37)
    at Generator.next (<anonymous>)
    at fulfilled (C:\Users\USER\OneDrive\Documents\brocamb\Project 2\Tahtib Al Juhd\Backend\src\Services\client\client.trainer.service.ts:5:58)
    at processTicksAndRejections (node:internal/process/task_queues:105:5)
2025-08-11 20:40:37 [[31merror[39m]: TypeError: result.map is not a function
    at clientTrainerService.<anonymous> (C:\Users\USER\OneDrive\Documents\brocamb\Project 2\Tahtib Al Juhd\Backend\src\Services\client\client.trainer.service.ts:19:37)
    at Generator.next (<anonymous>)
    at fulfilled (C:\Users\USER\OneDrive\Documents\brocamb\Project 2\Tahtib Al Juhd\Backend\src\Services\client\client.trainer.service.ts:5:58)
    at processTicksAndRejections (node:internal/process/task_queues:105:5)
2025-08-11 20:40:37 [[31merror[39m]: TypeError: result.map is not a function
    at clientTrainerService.<anonymous> (C:\Users\USER\OneDrive\Documents\brocamb\Project 2\Tahtib Al Juhd\Backend\src\Services\client\client.trainer.service.ts:19:37)
    at Generator.next (<anonymous>)
    at fulfilled (C:\Users\USER\OneDrive\Documents\brocamb\Project 2\Tahtib Al Juhd\Backend\src\Services\client\client.trainer.service.ts:5:58)
    at processTicksAndRejections (node:internal/process/task_queues:105:5)
2025-08-11 20:40:37 [[31merror[39m]: TypeError: result.map is not a function
    at clientTrainerService.<anonymous> (C:\Users\USER\OneDrive\Documents\brocamb\Project 2\Tahtib Al Juhd\Backend\src\Services\client\client.trainer.service.ts:19:37)
    at Generator.next (<anonymous>)
    at fulfilled (C:\Users\USER\OneDrive\Documents\brocamb\Project 2\Tahtib Al Juhd\Backend\src\Services\client\client.trainer.service.ts:5:58)
    at processTicksAndRejections (node:internal/process/task_queues:105:5)
2025-08-11 20:40:37 [[31merror[39m]: TypeError: result.map is not a function
    at clientTrainerService.<anonymous> (C:\Users\USER\OneDrive\Documents\brocamb\Project 2\Tahtib Al Juhd\Backend\src\Services\client\client.trainer.service.ts:19:37)
    at Generator.next (<anonymous>)
    at fulfilled (C:\Users\USER\OneDrive\Documents\brocamb\Project 2\Tahtib Al Juhd\Backend\src\Services\client\client.trainer.service.ts:5:58)
    at processTicksAndRejections (node:internal/process/task_queues:105:5)
2025-08-11 20:40:38 [[31merror[39m]: TypeError: result.map is not a function
    at clientTrainerService.<anonymous> (C:\Users\USER\OneDrive\Documents\brocamb\Project 2\Tahtib Al Juhd\Backend\src\Services\client\client.trainer.service.ts:19:37)
    at Generator.next (<anonymous>)
    at fulfilled (C:\Users\USER\OneDrive\Documents\brocamb\Project 2\Tahtib Al Juhd\Backend\src\Services\client\client.trainer.service.ts:5:58)
    at processTicksAndRejections (node:internal/process/task_queues:105:5)
2025-08-11 20:40:38 [[31merror[39m]: TypeError: result.map is not a function
    at clientTrainerService.<anonymous> (C:\Users\USER\OneDrive\Documents\brocamb\Project 2\Tahtib Al Juhd\Backend\src\Services\client\client.trainer.service.ts:19:37)
    at Generator.next (<anonymous>)
    at fulfilled (C:\Users\USER\OneDrive\Documents\brocamb\Project 2\Tahtib Al Juhd\Backend\src\Services\client\client.trainer.service.ts:5:58)
    at processTicksAndRejections (node:internal/process/task_queues:105:5)
2025-08-11 20:40:38 [[31merror[39m]: TypeError: result.map is not a function
    at clientTrainerService.<anonymous> (C:\Users\USER\OneDrive\Documents\brocamb\Project 2\Tahtib Al Juhd\Backend\src\Services\client\client.trainer.service.ts:19:37)
    at Generator.next (<anonymous>)
    at fulfilled (C:\Users\USER\OneDrive\Documents\brocamb\Project 2\Tahtib Al Juhd\Backend\src\Services\client\client.trainer.service.ts:5:58)
    at processTicksAndRejections (node:internal/process/task_queues:105:5)
2025-08-11 20:40:38 [[31merror[39m]: TypeError: result.map is not a function
    at clientTrainerService.<anonymous> (C:\Users\USER\OneDrive\Documents\brocamb\Project 2\Tahtib Al Juhd\Backend\src\Services\client\client.trainer.service.ts:19:37)
    at Generator.next (<anonymous>)
    at fulfilled (C:\Users\USER\OneDrive\Documents\brocamb\Project 2\Tahtib Al Juhd\Backend\src\Services\client\client.trainer.service.ts:5:58)
    at processTicksAndRejections (node:internal/process/task_queues:105:5)
2025-08-11 20:40:39 [[31merror[39m]: TypeError: result.map is not a function
    at clientTrainerService.<anonymous> (C:\Users\USER\OneDrive\Documents\brocamb\Project 2\Tahtib Al Juhd\Backend\src\Services\client\client.trainer.service.ts:19:37)
    at Generator.next (<anonymous>)
    at fulfilled (C:\Users\USER\OneDrive\Documents\brocamb\Project 2\Tahtib Al Juhd\Backend\src\Services\client\client.trainer.service.ts:5:58)
    at processTicksAndRejections (node:internal/process/task_queues:105:5)
2025-08-11 20:40:39 [[31merror[39m]: TypeError: result.map is not a function
    at clientTrainerService.<anonymous> (C:\Users\USER\OneDrive\Documents\brocamb\Project 2\Tahtib Al Juhd\Backend\src\Services\client\client.trainer.service.ts:19:37)
    at Generator.next (<anonymous>)
    at fulfilled (C:\Users\USER\OneDrive\Documents\brocamb\Project 2\Tahtib Al Juhd\Backend\src\Services\client\client.trainer.service.ts:5:58)
    at processTicksAndRejections (node:internal/process/task_queues:105:5)
2025-08-11 20:40:39 [[31merror[39m]: TypeError: result.map is not a function
    at clientTrainerService.<anonymous> (C:\Users\USER\OneDrive\Documents\brocamb\Project 2\Tahtib Al Juhd\Backend\src\Services\client\client.trainer.service.ts:19:37)
    at Generator.next (<anonymous>)
    at fulfilled (C:\Users\USER\OneDrive\Documents\brocamb\Project 2\Tahtib Al Juhd\Backend\src\Services\client\client.trainer.service.ts:5:58)
    at processTicksAndRejections (node:internal/process/task_queues:105:5)
2025-08-11 20:40:39 [[31merror[39m]: TypeError: result.map is not a function
    at clientTrainerService.<anonymous> (C:\Users\USER\OneDrive\Documents\brocamb\Project 2\Tahtib Al Juhd\Backend\src\Services\client\client.trainer.service.ts:19:37)
    at Generator.next (<anonymous>)
    at fulfilled (C:\Users\USER\OneDrive\Documents\brocamb\Project 2\Tahtib Al Juhd\Backend\src\Services\client\client.trainer.service.ts:5:58)
    at processTicksAndRejections (node:internal/process/task_queues:105:5)
2025-08-11 20:40:39 [[31merror[39m]: TypeError: result.map is not a function
    at clientTrainerService.<anonymous> (C:\Users\USER\OneDrive\Documents\brocamb\Project 2\Tahtib Al Juhd\Backend\src\Services\client\client.trainer.service.ts:19:37)
    at Generator.next (<anonymous>)
    at fulfilled (C:\Users\USER\OneDrive\Documents\brocamb\Project 2\Tahtib Al Juhd\Backend\src\Services\client\client.trainer.service.ts:5:58)
    at processTicksAndRejections (node:internal/process/task_queues:105:5)
2025-08-11 20:40:39 [[31merror[39m]: TypeError: result.map is not a function
    at clientTrainerService.<anonymous> (C:\Users\USER\OneDrive\Documents\brocamb\Project 2\Tahtib Al Juhd\Backend\src\Services\client\client.trainer.service.ts:19:37)
    at Generator.next (<anonymous>)
    at fulfilled (C:\Users\USER\OneDrive\Documents\brocamb\Project 2\Tahtib Al Juhd\Backend\src\Services\client\client.trainer.service.ts:5:58)
    at processTicksAndRejections (node:internal/process/task_queues:105:5)
2025-08-11 20:40:39 [[31merror[39m]: TypeError: result.map is not a function
    at clientTrainerService.<anonymous> (C:\Users\USER\OneDrive\Documents\brocamb\Project 2\Tahtib Al Juhd\Backend\src\Services\client\client.trainer.service.ts:19:37)
    at Generator.next (<anonymous>)
    at fulfilled (C:\Users\USER\OneDrive\Documents\brocamb\Project 2\Tahtib Al Juhd\Backend\src\Services\client\client.trainer.service.ts:5:58)
    at processTicksAndRejections (node:internal/process/task_queues:105:5)
2025-08-11 20:40:39 [[31merror[39m]: TypeError: result.map is not a function
    at clientTrainerService.<anonymous> (C:\Users\USER\OneDrive\Documents\brocamb\Project 2\Tahtib Al Juhd\Backend\src\Services\client\client.trainer.service.ts:19:37)
    at Generator.next (<anonymous>)
    at fulfilled (C:\Users\USER\OneDrive\Documents\brocamb\Project 2\Tahtib Al Juhd\Backend\src\Services\client\client.trainer.service.ts:5:58)
    at processTicksAndRejections (node:internal/process/task_queues:105:5)
2025-08-11 20:40:39 [[31merror[39m]: TypeError: result.map is not a function
    at clientTrainerService.<anonymous> (C:\Users\USER\OneDrive\Documents\brocamb\Project 2\Tahtib Al Juhd\Backend\src\Services\client\client.trainer.service.ts:19:37)
    at Generator.next (<anonymous>)
    at fulfilled (C:\Users\USER\OneDrive\Documents\brocamb\Project 2\Tahtib Al Juhd\Backend\src\Services\client\client.trainer.service.ts:5:58)
    at processTicksAndRejections (node:internal/process/task_queues:105:5)
2025-08-11 20:40:39 [[31merror[39m]: TypeError: result.map is not a function
    at clientTrainerService.<anonymous> (C:\Users\USER\OneDrive\Documents\brocamb\Project 2\Tahtib Al Juhd\Backend\src\Services\client\client.trainer.service.ts:19:37)
    at Generator.next (<anonymous>)
    at fulfilled (C:\Users\USER\OneDrive\Documents\brocamb\Project 2\Tahtib Al Juhd\Backend\src\Services\client\client.trainer.service.ts:5:58)
    at processTicksAndRejections (node:internal/process/task_queues:105:5)
2025-08-11 20:40:40 [[31merror[39m]: TypeError: result.map is not a function
    at clientTrainerService.<anonymous> (C:\Users\USER\OneDrive\Documents\brocamb\Project 2\Tahtib Al Juhd\Backend\src\Services\client\client.trainer.service.ts:19:37)
    at Generator.next (<anonymous>)
    at fulfilled (C:\Users\USER\OneDrive\Documents\brocamb\Project 2\Tahtib Al Juhd\Backend\src\Services\client\client.trainer.service.ts:5:58)
    at processTicksAndRejections (node:internal/process/task_queues:105:5)
2025-08-11 20:40:40 [[31merror[39m]: TypeError: result.map is not a function
    at clientTrainerService.<anonymous> (C:\Users\USER\OneDrive\Documents\brocamb\Project 2\Tahtib Al Juhd\Backend\src\Services\client\client.trainer.service.ts:19:37)
    at Generator.next (<anonymous>)
    at fulfilled (C:\Users\USER\OneDrive\Documents\brocamb\Project 2\Tahtib Al Juhd\Backend\src\Services\client\client.trainer.service.ts:5:58)
    at processTicksAndRejections (node:internal/process/task_queues:105:5)
2025-08-11 20:40:40 [[31merror[39m]: TypeError: result.map is not a function
    at clientTrainerService.<anonymous> (C:\Users\USER\OneDrive\Documents\brocamb\Project 2\Tahtib Al Juhd\Backend\src\Services\client\client.trainer.service.ts:19:37)
    at Generator.next (<anonymous>)
    at fulfilled (C:\Users\USER\OneDrive\Documents\brocamb\Project 2\Tahtib Al Juhd\Backend\src\Services\client\client.trainer.service.ts:5:58)
    at processTicksAndRejections (node:internal/process/task_queues:105:5)
2025-08-11 20:40:40 [[31merror[39m]: TypeError: result.map is not a function
    at clientTrainerService.<anonymous> (C:\Users\USER\OneDrive\Documents\brocamb\Project 2\Tahtib Al Juhd\Backend\src\Services\client\client.trainer.service.ts:19:37)
    at Generator.next (<anonymous>)
    at fulfilled (C:\Users\USER\OneDrive\Documents\brocamb\Project 2\Tahtib Al Juhd\Backend\src\Services\client\client.trainer.service.ts:5:58)
    at processTicksAndRejections (node:internal/process/task_queues:105:5)
2025-08-11 20:40:40 [[31merror[39m]: TypeError: result.map is not a function
    at clientTrainerService.<anonymous> (C:\Users\USER\OneDrive\Documents\brocamb\Project 2\Tahtib Al Juhd\Backend\src\Services\client\client.trainer.service.ts:19:37)
    at Generator.next (<anonymous>)
    at fulfilled (C:\Users\USER\OneDrive\Documents\brocamb\Project 2\Tahtib Al Juhd\Backend\src\Services\client\client.trainer.service.ts:5:58)
    at processTicksAndRejections (node:internal/process/task_queues:105:5)
2025-08-11 20:40:40 [[31merror[39m]: TypeError: result.map is not a function
    at clientTrainerService.<anonymous> (C:\Users\USER\OneDrive\Documents\brocamb\Project 2\Tahtib Al Juhd\Backend\src\Services\client\client.trainer.service.ts:19:37)
    at Generator.next (<anonymous>)
    at fulfilled (C:\Users\USER\OneDrive\Documents\brocamb\Project 2\Tahtib Al Juhd\Backend\src\Services\client\client.trainer.service.ts:5:58)
    at processTicksAndRejections (node:internal/process/task_queues:105:5)
2025-08-11 20:40:40 [[31merror[39m]: TypeError: result.map is not a function
    at clientTrainerService.<anonymous> (C:\Users\USER\OneDrive\Documents\brocamb\Project 2\Tahtib Al Juhd\Backend\src\Services\client\client.trainer.service.ts:19:37)
    at Generator.next (<anonymous>)
    at fulfilled (C:\Users\USER\OneDrive\Documents\brocamb\Project 2\Tahtib Al Juhd\Backend\src\Services\client\client.trainer.service.ts:5:58)
    at processTicksAndRejections (node:internal/process/task_queues:105:5)
2025-08-11 20:40:40 [[31merror[39m]: TypeError: result.map is not a function
    at clientTrainerService.<anonymous> (C:\Users\USER\OneDrive\Documents\brocamb\Project 2\Tahtib Al Juhd\Backend\src\Services\client\client.trainer.service.ts:19:37)
    at Generator.next (<anonymous>)
    at fulfilled (C:\Users\USER\OneDrive\Documents\brocamb\Project 2\Tahtib Al Juhd\Backend\src\Services\client\client.trainer.service.ts:5:58)
    at processTicksAndRejections (node:internal/process/task_queues:105:5)
2025-08-11 20:40:40 [[31merror[39m]: TypeError: result.map is not a function
    at clientTrainerService.<anonymous> (C:\Users\USER\OneDrive\Documents\brocamb\Project 2\Tahtib Al Juhd\Backend\src\Services\client\client.trainer.service.ts:19:37)
    at Generator.next (<anonymous>)
    at fulfilled (C:\Users\USER\OneDrive\Documents\brocamb\Project 2\Tahtib Al Juhd\Backend\src\Services\client\client.trainer.service.ts:5:58)
    at processTicksAndRejections (node:internal/process/task_queues:105:5)
2025-08-11 20:40:41 [[31merror[39m]: TypeError: result.map is not a function
    at clientTrainerService.<anonymous> (C:\Users\USER\OneDrive\Documents\brocamb\Project 2\Tahtib Al Juhd\Backend\src\Services\client\client.trainer.service.ts:19:37)
    at Generator.next (<anonymous>)
    at fulfilled (C:\Users\USER\OneDrive\Documents\brocamb\Project 2\Tahtib Al Juhd\Backend\src\Services\client\client.trainer.service.ts:5:58)
    at processTicksAndRejections (node:internal/process/task_queues:105:5)
2025-08-11 20:40:41 [[31merror[39m]: TypeError: result.map is not a function
    at clientTrainerService.<anonymous> (C:\Users\USER\OneDrive\Documents\brocamb\Project 2\Tahtib Al Juhd\Backend\src\Services\client\client.trainer.service.ts:19:37)
    at Generator.next (<anonymous>)
    at fulfilled (C:\Users\USER\OneDrive\Documents\brocamb\Project 2\Tahtib Al Juhd\Backend\src\Services\client\client.trainer.service.ts:5:58)
    at processTicksAndRejections (node:internal/process/task_queues:105:5)
2025-08-11 20:40:41 [[31merror[39m]: TypeError: result.map is not a function
    at clientTrainerService.<anonymous> (C:\Users\USER\OneDrive\Documents\brocamb\Project 2\Tahtib Al Juhd\Backend\src\Services\client\client.trainer.service.ts:19:37)
    at Generator.next (<anonymous>)
    at fulfilled (C:\Users\USER\OneDrive\Documents\brocamb\Project 2\Tahtib Al Juhd\Backend\src\Services\client\client.trainer.service.ts:5:58)
    at processTicksAndRejections (node:internal/process/task_queues:105:5)
2025-08-11 20:40:41 [[31merror[39m]: TypeError: result.map is not a function
    at clientTrainerService.<anonymous> (C:\Users\USER\OneDrive\Documents\brocamb\Project 2\Tahtib Al Juhd\Backend\src\Services\client\client.trainer.service.ts:19:37)
    at Generator.next (<anonymous>)
    at fulfilled (C:\Users\USER\OneDrive\Documents\brocamb\Project 2\Tahtib Al Juhd\Backend\src\Services\client\client.trainer.service.ts:5:58)
    at processTicksAndRejections (node:internal/process/task_queues:105:5)
2025-08-11 20:40:42 [[31merror[39m]: TypeError: result.map is not a function
    at clientTrainerService.<anonymous> (C:\Users\USER\OneDrive\Documents\brocamb\Project 2\Tahtib Al Juhd\Backend\src\Services\client\client.trainer.service.ts:19:37)
    at Generator.next (<anonymous>)
    at fulfilled (C:\Users\USER\OneDrive\Documents\brocamb\Project 2\Tahtib Al Juhd\Backend\src\Services\client\client.trainer.service.ts:5:58)
    at processTicksAndRejections (node:internal/process/task_queues:105:5)
2025-08-11 20:40:43 [[31merror[39m]: TypeError: result.map is not a function
    at clientTrainerService.<anonymous> (C:\Users\USER\OneDrive\Documents\brocamb\Project 2\Tahtib Al Juhd\Backend\src\Services\client\client.trainer.service.ts:19:37)
    at Generator.next (<anonymous>)
    at fulfilled (C:\Users\USER\OneDrive\Documents\brocamb\Project 2\Tahtib Al Juhd\Backend\src\Services\client\client.trainer.service.ts:5:58)
    at processTicksAndRejections (node:internal/process/task_queues:105:5)
2025-08-11 20:40:44 [[31merror[39m]: TypeError: result.map is not a function
    at clientTrainerService.<anonymous> (C:\Users\USER\OneDrive\Documents\brocamb\Project 2\Tahtib Al Juhd\Backend\src\Services\client\client.trainer.service.ts:19:37)
    at Generator.next (<anonymous>)
    at fulfilled (C:\Users\USER\OneDrive\Documents\brocamb\Project 2\Tahtib Al Juhd\Backend\src\Services\client\client.trainer.service.ts:5:58)
    at processTicksAndRejections (node:internal/process/task_queues:105:5)
2025-08-11 20:40:44 [[31merror[39m]: TypeError: result.map is not a function
    at clientTrainerService.<anonymous> (C:\Users\USER\OneDrive\Documents\brocamb\Project 2\Tahtib Al Juhd\Backend\src\Services\client\client.trainer.service.ts:19:37)
    at Generator.next (<anonymous>)
    at fulfilled (C:\Users\USER\OneDrive\Documents\brocamb\Project 2\Tahtib Al Juhd\Backend\src\Services\client\client.trainer.service.ts:5:58)
    at processTicksAndRejections (node:internal/process/task_queues:105:5)
2025-08-11 20:40:45 [[31merror[39m]: TypeError: result.map is not a function
    at clientTrainerService.<anonymous> (C:\Users\USER\OneDrive\Documents\brocamb\Project 2\Tahtib Al Juhd\Backend\src\Services\client\client.trainer.service.ts:19:37)
    at Generator.next (<anonymous>)
    at fulfilled (C:\Users\USER\OneDrive\Documents\brocamb\Project 2\Tahtib Al Juhd\Backend\src\Services\client\client.trainer.service.ts:5:58)
    at processTicksAndRejections (node:internal/process/task_queues:105:5)
2025-08-11 20:40:46 [[31merror[39m]: TypeError: result.map is not a function
    at clientTrainerService.<anonymous> (C:\Users\USER\OneDrive\Documents\brocamb\Project 2\Tahtib Al Juhd\Backend\src\Services\client\client.trainer.service.ts:19:37)
    at Generator.next (<anonymous>)
    at fulfilled (C:\Users\USER\OneDrive\Documents\brocamb\Project 2\Tahtib Al Juhd\Backend\src\Services\client\client.trainer.service.ts:5:58)
    at processTicksAndRejections (node:internal/process/task_queues:105:5)
2025-08-11 20:40:46 [[31merror[39m]: TypeError: result.map is not a function
    at clientTrainerService.<anonymous> (C:\Users\USER\OneDrive\Documents\brocamb\Project 2\Tahtib Al Juhd\Backend\src\Services\client\client.trainer.service.ts:19:37)
    at Generator.next (<anonymous>)
    at fulfilled (C:\Users\USER\OneDrive\Documents\brocamb\Project 2\Tahtib Al Juhd\Backend\src\Services\client\client.trainer.service.ts:5:58)
    at processTicksAndRejections (node:internal/process/task_queues:105:5)
2025-08-11 20:40:47 [[31merror[39m]: TypeError: result.map is not a function
    at clientTrainerService.<anonymous> (C:\Users\USER\OneDrive\Documents\brocamb\Project 2\Tahtib Al Juhd\Backend\src\Services\client\client.trainer.service.ts:19:37)
    at Generator.next (<anonymous>)
    at fulfilled (C:\Users\USER\OneDrive\Documents\brocamb\Project 2\Tahtib Al Juhd\Backend\src\Services\client\client.trainer.service.ts:5:58)
    at processTicksAndRejections (node:internal/process/task_queues:105:5)
2025-08-11 20:40:48 [[31merror[39m]: TypeError: result.map is not a function
    at clientTrainerService.<anonymous> (C:\Users\USER\OneDrive\Documents\brocamb\Project 2\Tahtib Al Juhd\Backend\src\Services\client\client.trainer.service.ts:19:37)
    at Generator.next (<anonymous>)
    at fulfilled (C:\Users\USER\OneDrive\Documents\brocamb\Project 2\Tahtib Al Juhd\Backend\src\Services\client\client.trainer.service.ts:5:58)
    at processTicksAndRejections (node:internal/process/task_queues:105:5)
2025-08-11 20:40:48 [[31merror[39m]: TypeError: result.map is not a function
    at clientTrainerService.<anonymous> (C:\Users\USER\OneDrive\Documents\brocamb\Project 2\Tahtib Al Juhd\Backend\src\Services\client\client.trainer.service.ts:19:37)
    at Generator.next (<anonymous>)
    at fulfilled (C:\Users\USER\OneDrive\Documents\brocamb\Project 2\Tahtib Al Juhd\Backend\src\Services\client\client.trainer.service.ts:5:58)
    at processTicksAndRejections (node:internal/process/task_queues:105:5)
2025-08-11 20:40:49 [[31merror[39m]: TypeError: result.map is not a function
    at clientTrainerService.<anonymous> (C:\Users\USER\OneDrive\Documents\brocamb\Project 2\Tahtib Al Juhd\Backend\src\Services\client\client.trainer.service.ts:19:37)
    at Generator.next (<anonymous>)
    at fulfilled (C:\Users\USER\OneDrive\Documents\brocamb\Project 2\Tahtib Al Juhd\Backend\src\Services\client\client.trainer.service.ts:5:58)
    at processTicksAndRejections (node:internal/process/task_queues:105:5)
2025-08-11 20:40:49 [[31merror[39m]: TypeError: result.map is not a function
    at clientTrainerService.<anonymous> (C:\Users\USER\OneDrive\Documents\brocamb\Project 2\Tahtib Al Juhd\Backend\src\Services\client\client.trainer.service.ts:19:37)
    at Generator.next (<anonymous>)
    at fulfilled (C:\Users\USER\OneDrive\Documents\brocamb\Project 2\Tahtib Al Juhd\Backend\src\Services\client\client.trainer.service.ts:5:58)
    at processTicksAndRejections (node:internal/process/task_queues:105:5)
2025-08-11 20:40:49 [[31merror[39m]: TypeError: result.map is not a function
    at clientTrainerService.<anonymous> (C:\Users\USER\OneDrive\Documents\brocamb\Project 2\Tahtib Al Juhd\Backend\src\Services\client\client.trainer.service.ts:19:37)
    at Generator.next (<anonymous>)
    at fulfilled (C:\Users\USER\OneDrive\Documents\brocamb\Project 2\Tahtib Al Juhd\Backend\src\Services\client\client.trainer.service.ts:5:58)
    at processTicksAndRejections (node:internal/process/task_queues:105:5)
2025-08-11 20:40:49 [[31merror[39m]: TypeError: result.map is not a function
    at clientTrainerService.<anonymous> (C:\Users\USER\OneDrive\Documents\brocamb\Project 2\Tahtib Al Juhd\Backend\src\Services\client\client.trainer.service.ts:19:37)
    at Generator.next (<anonymous>)
    at fulfilled (C:\Users\USER\OneDrive\Documents\brocamb\Project 2\Tahtib Al Juhd\Backend\src\Services\client\client.trainer.service.ts:5:58)
    at processTicksAndRejections (node:internal/process/task_queues:105:5)
2025-08-11 20:40:50 [[31merror[39m]: TypeError: result.map is not a function
    at clientTrainerService.<anonymous> (C:\Users\USER\OneDrive\Documents\brocamb\Project 2\Tahtib Al Juhd\Backend\src\Services\client\client.trainer.service.ts:19:37)
    at Generator.next (<anonymous>)
    at fulfilled (C:\Users\USER\OneDrive\Documents\brocamb\Project 2\Tahtib Al Juhd\Backend\src\Services\client\client.trainer.service.ts:5:58)
    at processTicksAndRejections (node:internal/process/task_queues:105:5)
2025-08-11 20:40:50 [[31merror[39m]: TypeError: result.map is not a function
    at clientTrainerService.<anonymous> (C:\Users\USER\OneDrive\Documents\brocamb\Project 2\Tahtib Al Juhd\Backend\src\Services\client\client.trainer.service.ts:19:37)
    at Generator.next (<anonymous>)
    at fulfilled (C:\Users\USER\OneDrive\Documents\brocamb\Project 2\Tahtib Al Juhd\Backend\src\Services\client\client.trainer.service.ts:5:58)
    at processTicksAndRejections (node:internal/process/task_queues:105:5)
2025-08-11 20:40:50 [[31merror[39m]: TypeError: result.map is not a function
    at clientTrainerService.<anonymous> (C:\Users\USER\OneDrive\Documents\brocamb\Project 2\Tahtib Al Juhd\Backend\src\Services\client\client.trainer.service.ts:19:37)
    at Generator.next (<anonymous>)
    at fulfilled (C:\Users\USER\OneDrive\Documents\brocamb\Project 2\Tahtib Al Juhd\Backend\src\Services\client\client.trainer.service.ts:5:58)
    at processTicksAndRejections (node:internal/process/task_queues:105:5)
2025-08-11 20:40:50 [[31merror[39m]: TypeError: result.map is not a function
    at clientTrainerService.<anonymous> (C:\Users\USER\OneDrive\Documents\brocamb\Project 2\Tahtib Al Juhd\Backend\src\Services\client\client.trainer.service.ts:19:37)
    at Generator.next (<anonymous>)
    at fulfilled (C:\Users\USER\OneDrive\Documents\brocamb\Project 2\Tahtib Al Juhd\Backend\src\Services\client\client.trainer.service.ts:5:58)
    at processTicksAndRejections (node:internal/process/task_queues:105:5)
2025-08-11 20:40:50 [[31merror[39m]: TypeError: result.map is not a function
    at clientTrainerService.<anonymous> (C:\Users\USER\OneDrive\Documents\brocamb\Project 2\Tahtib Al Juhd\Backend\src\Services\client\client.trainer.service.ts:19:37)
    at Generator.next (<anonymous>)
    at fulfilled (C:\Users\USER\OneDrive\Documents\brocamb\Project 2\Tahtib Al Juhd\Backend\src\Services\client\client.trainer.service.ts:5:58)
    at processTicksAndRejections (node:internal/process/task_queues:105:5)
2025-08-11 20:40:50 [[31merror[39m]: TypeError: result.map is not a function
    at clientTrainerService.<anonymous> (C:\Users\USER\OneDrive\Documents\brocamb\Project 2\Tahtib Al Juhd\Backend\src\Services\client\client.trainer.service.ts:19:37)
    at Generator.next (<anonymous>)
    at fulfilled (C:\Users\USER\OneDrive\Documents\brocamb\Project 2\Tahtib Al Juhd\Backend\src\Services\client\client.trainer.service.ts:5:58)
    at processTicksAndRejections (node:internal/process/task_queues:105:5)
2025-08-11 20:40:50 [[31merror[39m]: TypeError: result.map is not a function
    at clientTrainerService.<anonymous> (C:\Users\USER\OneDrive\Documents\brocamb\Project 2\Tahtib Al Juhd\Backend\src\Services\client\client.trainer.service.ts:19:37)
    at Generator.next (<anonymous>)
    at fulfilled (C:\Users\USER\OneDrive\Documents\brocamb\Project 2\Tahtib Al Juhd\Backend\src\Services\client\client.trainer.service.ts:5:58)
    at processTicksAndRejections (node:internal/process/task_queues:105:5)
2025-08-11 20:40:51 [[31merror[39m]: TypeError: result.map is not a function
    at clientTrainerService.<anonymous> (C:\Users\USER\OneDrive\Documents\brocamb\Project 2\Tahtib Al Juhd\Backend\src\Services\client\client.trainer.service.ts:19:37)
    at Generator.next (<anonymous>)
    at fulfilled (C:\Users\USER\OneDrive\Documents\brocamb\Project 2\Tahtib Al Juhd\Backend\src\Services\client\client.trainer.service.ts:5:58)
    at processTicksAndRejections (node:internal/process/task_queues:105:5)
2025-08-11 20:40:51 [[31merror[39m]: TypeError: result.map is not a function
    at clientTrainerService.<anonymous> (C:\Users\USER\OneDrive\Documents\brocamb\Project 2\Tahtib Al Juhd\Backend\src\Services\client\client.trainer.service.ts:19:37)
    at Generator.next (<anonymous>)
    at fulfilled (C:\Users\USER\OneDrive\Documents\brocamb\Project 2\Tahtib Al Juhd\Backend\src\Services\client\client.trainer.service.ts:5:58)
    at processTicksAndRejections (node:internal/process/task_queues:105:5)
2025-08-11 20:40:51 [[31merror[39m]: TypeError: result.map is not a function
    at clientTrainerService.<anonymous> (C:\Users\USER\OneDrive\Documents\brocamb\Project 2\Tahtib Al Juhd\Backend\src\Services\client\client.trainer.service.ts:19:37)
    at Generator.next (<anonymous>)
    at fulfilled (C:\Users\USER\OneDrive\Documents\brocamb\Project 2\Tahtib Al Juhd\Backend\src\Services\client\client.trainer.service.ts:5:58)
    at processTicksAndRejections (node:internal/process/task_queues:105:5)
2025-08-11 20:40:51 [[31merror[39m]: TypeError: result.map is not a function
    at clientTrainerService.<anonymous> (C:\Users\USER\OneDrive\Documents\brocamb\Project 2\Tahtib Al Juhd\Backend\src\Services\client\client.trainer.service.ts:19:37)
    at Generator.next (<anonymous>)
    at fulfilled (C:\Users\USER\OneDrive\Documents\brocamb\Project 2\Tahtib Al Juhd\Backend\src\Services\client\client.trainer.service.ts:5:58)
    at processTicksAndRejections (node:internal/process/task_queues:105:5)
2025-08-11 20:40:51 [[31merror[39m]: TypeError: result.map is not a function
    at clientTrainerService.<anonymous> (C:\Users\USER\OneDrive\Documents\brocamb\Project 2\Tahtib Al Juhd\Backend\src\Services\client\client.trainer.service.ts:19:37)
    at Generator.next (<anonymous>)
    at fulfilled (C:\Users\USER\OneDrive\Documents\brocamb\Project 2\Tahtib Al Juhd\Backend\src\Services\client\client.trainer.service.ts:5:58)
    at processTicksAndRejections (node:internal/process/task_queues:105:5)
2025-08-11 20:40:51 [[31merror[39m]: TypeError: result.map is not a function
    at clientTrainerService.<anonymous> (C:\Users\USER\OneDrive\Documents\brocamb\Project 2\Tahtib Al Juhd\Backend\src\Services\client\client.trainer.service.ts:19:37)
    at Generator.next (<anonymous>)
    at fulfilled (C:\Users\USER\OneDrive\Documents\brocamb\Project 2\Tahtib Al Juhd\Backend\src\Services\client\client.trainer.service.ts:5:58)
    at processTicksAndRejections (node:internal/process/task_queues:105:5)
2025-08-11 20:40:52 [[31merror[39m]: TypeError: result.map is not a function
    at clientTrainerService.<anonymous> (C:\Users\USER\OneDrive\Documents\brocamb\Project 2\Tahtib Al Juhd\Backend\src\Services\client\client.trainer.service.ts:19:37)
    at Generator.next (<anonymous>)
    at fulfilled (C:\Users\USER\OneDrive\Documents\brocamb\Project 2\Tahtib Al Juhd\Backend\src\Services\client\client.trainer.service.ts:5:58)
    at processTicksAndRejections (node:internal/process/task_queues:105:5)
2025-08-11 20:40:52 [[31merror[39m]: TypeError: result.map is not a function
    at clientTrainerService.<anonymous> (C:\Users\USER\OneDrive\Documents\brocamb\Project 2\Tahtib Al Juhd\Backend\src\Services\client\client.trainer.service.ts:19:37)
    at Generator.next (<anonymous>)
    at fulfilled (C:\Users\USER\OneDrive\Documents\brocamb\Project 2\Tahtib Al Juhd\Backend\src\Services\client\client.trainer.service.ts:5:58)
    at processTicksAndRejections (node:internal/process/task_queues:105:5)
2025-08-11 20:40:52 [[31merror[39m]: TypeError: result.map is not a function
    at clientTrainerService.<anonymous> (C:\Users\USER\OneDrive\Documents\brocamb\Project 2\Tahtib Al Juhd\Backend\src\Services\client\client.trainer.service.ts:19:37)
    at Generator.next (<anonymous>)
    at fulfilled (C:\Users\USER\OneDrive\Documents\brocamb\Project 2\Tahtib Al Juhd\Backend\src\Services\client\client.trainer.service.ts:5:58)
    at processTicksAndRejections (node:internal/process/task_queues:105:5)
2025-08-11 20:40:52 [[31merror[39m]: TypeError: result.map is not a function
    at clientTrainerService.<anonymous> (C:\Users\USER\OneDrive\Documents\brocamb\Project 2\Tahtib Al Juhd\Backend\src\Services\client\client.trainer.service.ts:19:37)
    at Generator.next (<anonymous>)
    at fulfilled (C:\Users\USER\OneDrive\Documents\brocamb\Project 2\Tahtib Al Juhd\Backend\src\Services\client\client.trainer.service.ts:5:58)
    at processTicksAndRejections (node:internal/process/task_queues:105:5)
2025-08-11 20:40:52 [[31merror[39m]: TypeError: result.map is not a function
    at clientTrainerService.<anonymous> (C:\Users\USER\OneDrive\Documents\brocamb\Project 2\Tahtib Al Juhd\Backend\src\Services\client\client.trainer.service.ts:19:37)
    at Generator.next (<anonymous>)
    at fulfilled (C:\Users\USER\OneDrive\Documents\brocamb\Project 2\Tahtib Al Juhd\Backend\src\Services\client\client.trainer.service.ts:5:58)
    at processTicksAndRejections (node:internal/process/task_queues:105:5)
2025-08-11 20:40:52 [[31merror[39m]: TypeError: result.map is not a function
    at clientTrainerService.<anonymous> (C:\Users\USER\OneDrive\Documents\brocamb\Project 2\Tahtib Al Juhd\Backend\src\Services\client\client.trainer.service.ts:19:37)
    at Generator.next (<anonymous>)
    at fulfilled (C:\Users\USER\OneDrive\Documents\brocamb\Project 2\Tahtib Al Juhd\Backend\src\Services\client\client.trainer.service.ts:5:58)
    at processTicksAndRejections (node:internal/process/task_queues:105:5)
2025-08-11 20:40:52 [[31merror[39m]: TypeError: result.map is not a function
    at clientTrainerService.<anonymous> (C:\Users\USER\OneDrive\Documents\brocamb\Project 2\Tahtib Al Juhd\Backend\src\Services\client\client.trainer.service.ts:19:37)
    at Generator.next (<anonymous>)
    at fulfilled (C:\Users\USER\OneDrive\Documents\brocamb\Project 2\Tahtib Al Juhd\Backend\src\Services\client\client.trainer.service.ts:5:58)
    at processTicksAndRejections (node:internal/process/task_queues:105:5)
2025-08-11 20:40:53 [[31merror[39m]: TypeError: result.map is not a function
    at clientTrainerService.<anonymous> (C:\Users\USER\OneDrive\Documents\brocamb\Project 2\Tahtib Al Juhd\Backend\src\Services\client\client.trainer.service.ts:19:37)
    at Generator.next (<anonymous>)
    at fulfilled (C:\Users\USER\OneDrive\Documents\brocamb\Project 2\Tahtib Al Juhd\Backend\src\Services\client\client.trainer.service.ts:5:58)
    at processTicksAndRejections (node:internal/process/task_queues:105:5)
2025-08-11 20:40:53 [[31merror[39m]: TypeError: result.map is not a function
    at clientTrainerService.<anonymous> (C:\Users\USER\OneDrive\Documents\brocamb\Project 2\Tahtib Al Juhd\Backend\src\Services\client\client.trainer.service.ts:19:37)
    at Generator.next (<anonymous>)
    at fulfilled (C:\Users\USER\OneDrive\Documents\brocamb\Project 2\Tahtib Al Juhd\Backend\src\Services\client\client.trainer.service.ts:5:58)
    at processTicksAndRejections (node:internal/process/task_queues:105:5)
2025-08-11 20:40:53 [[31merror[39m]: TypeError: result.map is not a function
    at clientTrainerService.<anonymous> (C:\Users\USER\OneDrive\Documents\brocamb\Project 2\Tahtib Al Juhd\Backend\src\Services\client\client.trainer.service.ts:19:37)
    at Generator.next (<anonymous>)
    at fulfilled (C:\Users\USER\OneDrive\Documents\brocamb\Project 2\Tahtib Al Juhd\Backend\src\Services\client\client.trainer.service.ts:5:58)
    at processTicksAndRejections (node:internal/process/task_queues:105:5)
2025-08-11 20:40:53 [[31merror[39m]: TypeError: result.map is not a function
    at clientTrainerService.<anonymous> (C:\Users\USER\OneDrive\Documents\brocamb\Project 2\Tahtib Al Juhd\Backend\src\Services\client\client.trainer.service.ts:19:37)
    at Generator.next (<anonymous>)
    at fulfilled (C:\Users\USER\OneDrive\Documents\brocamb\Project 2\Tahtib Al Juhd\Backend\src\Services\client\client.trainer.service.ts:5:58)
    at processTicksAndRejections (node:internal/process/task_queues:105:5)
2025-08-11 20:40:53 [[31merror[39m]: TypeError: result.map is not a function
    at clientTrainerService.<anonymous> (C:\Users\USER\OneDrive\Documents\brocamb\Project 2\Tahtib Al Juhd\Backend\src\Services\client\client.trainer.service.ts:19:37)
    at Generator.next (<anonymous>)
    at fulfilled (C:\Users\USER\OneDrive\Documents\brocamb\Project 2\Tahtib Al Juhd\Backend\src\Services\client\client.trainer.service.ts:5:58)
    at processTicksAndRejections (node:internal/process/task_queues:105:5)
2025-08-11 20:40:54 [[31merror[39m]: TypeError: result.map is not a function
    at clientTrainerService.<anonymous> (C:\Users\USER\OneDrive\Documents\brocamb\Project 2\Tahtib Al Juhd\Backend\src\Services\client\client.trainer.service.ts:19:37)
    at Generator.next (<anonymous>)
    at fulfilled (C:\Users\USER\OneDrive\Documents\brocamb\Project 2\Tahtib Al Juhd\Backend\src\Services\client\client.trainer.service.ts:5:58)
    at processTicksAndRejections (node:internal/process/task_queues:105:5)
2025-08-11 20:40:54 [[31merror[39m]: TypeError: result.map is not a function
    at clientTrainerService.<anonymous> (C:\Users\USER\OneDrive\Documents\brocamb\Project 2\Tahtib Al Juhd\Backend\src\Services\client\client.trainer.service.ts:19:37)
    at Generator.next (<anonymous>)
    at fulfilled (C:\Users\USER\OneDrive\Documents\brocamb\Project 2\Tahtib Al Juhd\Backend\src\Services\client\client.trainer.service.ts:5:58)
    at processTicksAndRejections (node:internal/process/task_queues:105:5)
2025-08-11 20:40:54 [[31merror[39m]: TypeError: result.map is not a function
    at clientTrainerService.<anonymous> (C:\Users\USER\OneDrive\Documents\brocamb\Project 2\Tahtib Al Juhd\Backend\src\Services\client\client.trainer.service.ts:19:37)
    at Generator.next (<anonymous>)
    at fulfilled (C:\Users\USER\OneDrive\Documents\brocamb\Project 2\Tahtib Al Juhd\Backend\src\Services\client\client.trainer.service.ts:5:58)
    at processTicksAndRejections (node:internal/process/task_queues:105:5)
2025-08-11 20:40:54 [[31merror[39m]: TypeError: result.map is not a function
    at clientTrainerService.<anonymous> (C:\Users\USER\OneDrive\Documents\brocamb\Project 2\Tahtib Al Juhd\Backend\src\Services\client\client.trainer.service.ts:19:37)
    at Generator.next (<anonymous>)
    at fulfilled (C:\Users\USER\OneDrive\Documents\brocamb\Project 2\Tahtib Al Juhd\Backend\src\Services\client\client.trainer.service.ts:5:58)
    at processTicksAndRejections (node:internal/process/task_queues:105:5)
2025-08-11 20:40:54 [[31merror[39m]: TypeError: result.map is not a function
    at clientTrainerService.<anonymous> (C:\Users\USER\OneDrive\Documents\brocamb\Project 2\Tahtib Al Juhd\Backend\src\Services\client\client.trainer.service.ts:19:37)
    at Generator.next (<anonymous>)
    at fulfilled (C:\Users\USER\OneDrive\Documents\brocamb\Project 2\Tahtib Al Juhd\Backend\src\Services\client\client.trainer.service.ts:5:58)
    at processTicksAndRejections (node:internal/process/task_queues:105:5)
2025-08-11 20:40:54 [[31merror[39m]: TypeError: result.map is not a function
    at clientTrainerService.<anonymous> (C:\Users\USER\OneDrive\Documents\brocamb\Project 2\Tahtib Al Juhd\Backend\src\Services\client\client.trainer.service.ts:19:37)
    at Generator.next (<anonymous>)
    at fulfilled (C:\Users\USER\OneDrive\Documents\brocamb\Project 2\Tahtib Al Juhd\Backend\src\Services\client\client.trainer.service.ts:5:58)
    at processTicksAndRejections (node:internal/process/task_queues:105:5)
2025-08-11 20:40:54 [[31merror[39m]: TypeError: result.map is not a function
    at clientTrainerService.<anonymous> (C:\Users\USER\OneDrive\Documents\brocamb\Project 2\Tahtib Al Juhd\Backend\src\Services\client\client.trainer.service.ts:19:37)
    at Generator.next (<anonymous>)
    at fulfilled (C:\Users\USER\OneDrive\Documents\brocamb\Project 2\Tahtib Al Juhd\Backend\src\Services\client\client.trainer.service.ts:5:58)
    at processTicksAndRejections (node:internal/process/task_queues:105:5)
2025-08-11 20:40:55 [[31merror[39m]: TypeError: result.map is not a function
    at clientTrainerService.<anonymous> (C:\Users\USER\OneDrive\Documents\brocamb\Project 2\Tahtib Al Juhd\Backend\src\Services\client\client.trainer.service.ts:19:37)
    at Generator.next (<anonymous>)
    at fulfilled (C:\Users\USER\OneDrive\Documents\brocamb\Project 2\Tahtib Al Juhd\Backend\src\Services\client\client.trainer.service.ts:5:58)
    at processTicksAndRejections (node:internal/process/task_queues:105:5)
2025-08-11 20:40:55 [[31merror[39m]: TypeError: result.map is not a function
    at clientTrainerService.<anonymous> (C:\Users\USER\OneDrive\Documents\brocamb\Project 2\Tahtib Al Juhd\Backend\src\Services\client\client.trainer.service.ts:19:37)
    at Generator.next (<anonymous>)
    at fulfilled (C:\Users\USER\OneDrive\Documents\brocamb\Project 2\Tahtib Al Juhd\Backend\src\Services\client\client.trainer.service.ts:5:58)
    at processTicksAndRejections (node:internal/process/task_queues:105:5)
2025-08-11 20:40:55 [[31merror[39m]: TypeError: result.map is not a function
    at clientTrainerService.<anonymous> (C:\Users\USER\OneDrive\Documents\brocamb\Project 2\Tahtib Al Juhd\Backend\src\Services\client\client.trainer.service.ts:19:37)
    at Generator.next (<anonymous>)
    at fulfilled (C:\Users\USER\OneDrive\Documents\brocamb\Project 2\Tahtib Al Juhd\Backend\src\Services\client\client.trainer.service.ts:5:58)
    at processTicksAndRejections (node:internal/process/task_queues:105:5)
2025-08-11 20:40:55 [[31merror[39m]: TypeError: result.map is not a function
    at clientTrainerService.<anonymous> (C:\Users\USER\OneDrive\Documents\brocamb\Project 2\Tahtib Al Juhd\Backend\src\Services\client\client.trainer.service.ts:19:37)
    at Generator.next (<anonymous>)
    at fulfilled (C:\Users\USER\OneDrive\Documents\brocamb\Project 2\Tahtib Al Juhd\Backend\src\Services\client\client.trainer.service.ts:5:58)
    at processTicksAndRejections (node:internal/process/task_queues:105:5)
2025-08-11 20:40:55 [[31merror[39m]: TypeError: result.map is not a function
    at clientTrainerService.<anonymous> (C:\Users\USER\OneDrive\Documents\brocamb\Project 2\Tahtib Al Juhd\Backend\src\Services\client\client.trainer.service.ts:19:37)
    at Generator.next (<anonymous>)
    at fulfilled (C:\Users\USER\OneDrive\Documents\brocamb\Project 2\Tahtib Al Juhd\Backend\src\Services\client\client.trainer.service.ts:5:58)
    at processTicksAndRejections (node:internal/process/task_queues:105:5)
2025-08-11 20:40:55 [[31merror[39m]: TypeError: result.map is not a function
    at clientTrainerService.<anonymous> (C:\Users\USER\OneDrive\Documents\brocamb\Project 2\Tahtib Al Juhd\Backend\src\Services\client\client.trainer.service.ts:19:37)
    at Generator.next (<anonymous>)
    at fulfilled (C:\Users\USER\OneDrive\Documents\brocamb\Project 2\Tahtib Al Juhd\Backend\src\Services\client\client.trainer.service.ts:5:58)
    at processTicksAndRejections (node:internal/process/task_queues:105:5)
2025-08-11 20:40:55 [[31merror[39m]: TypeError: result.map is not a function
    at clientTrainerService.<anonymous> (C:\Users\USER\OneDrive\Documents\brocamb\Project 2\Tahtib Al Juhd\Backend\src\Services\client\client.trainer.service.ts:19:37)
    at Generator.next (<anonymous>)
    at fulfilled (C:\Users\USER\OneDrive\Documents\brocamb\Project 2\Tahtib Al Juhd\Backend\src\Services\client\client.trainer.service.ts:5:58)
    at processTicksAndRejections (node:internal/process/task_queues:105:5)
2025-08-11 20:40:55 [[31merror[39m]: TypeError: result.map is not a function
    at clientTrainerService.<anonymous> (C:\Users\USER\OneDrive\Documents\brocamb\Project 2\Tahtib Al Juhd\Backend\src\Services\client\client.trainer.service.ts:19:37)
    at Generator.next (<anonymous>)
    at fulfilled (C:\Users\USER\OneDrive\Documents\brocamb\Project 2\Tahtib Al Juhd\Backend\src\Services\client\client.trainer.service.ts:5:58)
    at processTicksAndRejections (node:internal/process/task_queues:105:5)
2025-08-11 20:40:56 [[31merror[39m]: TypeError: result.map is not a function
    at clientTrainerService.<anonymous> (C:\Users\USER\OneDrive\Documents\brocamb\Project 2\Tahtib Al Juhd\Backend\src\Services\client\client.trainer.service.ts:19:37)
    at Generator.next (<anonymous>)
    at fulfilled (C:\Users\USER\OneDrive\Documents\brocamb\Project 2\Tahtib Al Juhd\Backend\src\Services\client\client.trainer.service.ts:5:58)
    at processTicksAndRejections (node:internal/process/task_queues:105:5)
2025-08-11 20:40:56 [[31merror[39m]: TypeError: result.map is not a function
    at clientTrainerService.<anonymous> (C:\Users\USER\OneDrive\Documents\brocamb\Project 2\Tahtib Al Juhd\Backend\src\Services\client\client.trainer.service.ts:19:37)
    at Generator.next (<anonymous>)
    at fulfilled (C:\Users\USER\OneDrive\Documents\brocamb\Project 2\Tahtib Al Juhd\Backend\src\Services\client\client.trainer.service.ts:5:58)
    at processTicksAndRejections (node:internal/process/task_queues:105:5)
2025-08-11 20:40:56 [[31merror[39m]: TypeError: result.map is not a function
    at clientTrainerService.<anonymous> (C:\Users\USER\OneDrive\Documents\brocamb\Project 2\Tahtib Al Juhd\Backend\src\Services\client\client.trainer.service.ts:19:37)
    at Generator.next (<anonymous>)
    at fulfilled (C:\Users\USER\OneDrive\Documents\brocamb\Project 2\Tahtib Al Juhd\Backend\src\Services\client\client.trainer.service.ts:5:58)
    at processTicksAndRejections (node:internal/process/task_queues:105:5)
2025-08-11 20:40:56 [[31merror[39m]: TypeError: result.map is not a function
    at clientTrainerService.<anonymous> (C:\Users\USER\OneDrive\Documents\brocamb\Project 2\Tahtib Al Juhd\Backend\src\Services\client\client.trainer.service.ts:19:37)
    at Generator.next (<anonymous>)
    at fulfilled (C:\Users\USER\OneDrive\Documents\brocamb\Project 2\Tahtib Al Juhd\Backend\src\Services\client\client.trainer.service.ts:5:58)
    at processTicksAndRejections (node:internal/process/task_queues:105:5)
2025-08-11 20:40:56 [[31merror[39m]: TypeError: result.map is not a function
    at clientTrainerService.<anonymous> (C:\Users\USER\OneDrive\Documents\brocamb\Project 2\Tahtib Al Juhd\Backend\src\Services\client\client.trainer.service.ts:19:37)
    at Generator.next (<anonymous>)
    at fulfilled (C:\Users\USER\OneDrive\Documents\brocamb\Project 2\Tahtib Al Juhd\Backend\src\Services\client\client.trainer.service.ts:5:58)
    at processTicksAndRejections (node:internal/process/task_queues:105:5)
2025-08-11 20:40:56 [[31merror[39m]: TypeError: result.map is not a function
    at clientTrainerService.<anonymous> (C:\Users\USER\OneDrive\Documents\brocamb\Project 2\Tahtib Al Juhd\Backend\src\Services\client\client.trainer.service.ts:19:37)
    at Generator.next (<anonymous>)
    at fulfilled (C:\Users\USER\OneDrive\Documents\brocamb\Project 2\Tahtib Al Juhd\Backend\src\Services\client\client.trainer.service.ts:5:58)
    at processTicksAndRejections (node:internal/process/task_queues:105:5)
2025-08-11 20:40:57 [[31merror[39m]: TypeError: result.map is not a function
    at clientTrainerService.<anonymous> (C:\Users\USER\OneDrive\Documents\brocamb\Project 2\Tahtib Al Juhd\Backend\src\Services\client\client.trainer.service.ts:19:37)
    at Generator.next (<anonymous>)
    at fulfilled (C:\Users\USER\OneDrive\Documents\brocamb\Project 2\Tahtib Al Juhd\Backend\src\Services\client\client.trainer.service.ts:5:58)
    at processTicksAndRejections (node:internal/process/task_queues:105:5)
2025-08-11 20:40:57 [[31merror[39m]: TypeError: result.map is not a function
    at clientTrainerService.<anonymous> (C:\Users\USER\OneDrive\Documents\brocamb\Project 2\Tahtib Al Juhd\Backend\src\Services\client\client.trainer.service.ts:19:37)
    at Generator.next (<anonymous>)
    at fulfilled (C:\Users\USER\OneDrive\Documents\brocamb\Project 2\Tahtib Al Juhd\Backend\src\Services\client\client.trainer.service.ts:5:58)
    at processTicksAndRejections (node:internal/process/task_queues:105:5)
2025-08-11 20:40:57 [[31merror[39m]: TypeError: result.map is not a function
    at clientTrainerService.<anonymous> (C:\Users\USER\OneDrive\Documents\brocamb\Project 2\Tahtib Al Juhd\Backend\src\Services\client\client.trainer.service.ts:19:37)
    at Generator.next (<anonymous>)
    at fulfilled (C:\Users\USER\OneDrive\Documents\brocamb\Project 2\Tahtib Al Juhd\Backend\src\Services\client\client.trainer.service.ts:5:58)
    at processTicksAndRejections (node:internal/process/task_queues:105:5)
2025-08-11 20:40:57 [[31merror[39m]: TypeError: result.map is not a function
    at clientTrainerService.<anonymous> (C:\Users\USER\OneDrive\Documents\brocamb\Project 2\Tahtib Al Juhd\Backend\src\Services\client\client.trainer.service.ts:19:37)
    at Generator.next (<anonymous>)
    at fulfilled (C:\Users\USER\OneDrive\Documents\brocamb\Project 2\Tahtib Al Juhd\Backend\src\Services\client\client.trainer.service.ts:5:58)
    at processTicksAndRejections (node:internal/process/task_queues:105:5)
2025-08-11 20:40:57 [[31merror[39m]: TypeError: result.map is not a function
    at clientTrainerService.<anonymous> (C:\Users\USER\OneDrive\Documents\brocamb\Project 2\Tahtib Al Juhd\Backend\src\Services\client\client.trainer.service.ts:19:37)
    at Generator.next (<anonymous>)
    at fulfilled (C:\Users\USER\OneDrive\Documents\brocamb\Project 2\Tahtib Al Juhd\Backend\src\Services\client\client.trainer.service.ts:5:58)
    at processTicksAndRejections (node:internal/process/task_queues:105:5)
2025-08-11 20:40:57 [[31merror[39m]: TypeError: result.map is not a function
    at clientTrainerService.<anonymous> (C:\Users\USER\OneDrive\Documents\brocamb\Project 2\Tahtib Al Juhd\Backend\src\Services\client\client.trainer.service.ts:19:37)
    at Generator.next (<anonymous>)
    at fulfilled (C:\Users\USER\OneDrive\Documents\brocamb\Project 2\Tahtib Al Juhd\Backend\src\Services\client\client.trainer.service.ts:5:58)
    at processTicksAndRejections (node:internal/process/task_queues:105:5)
2025-08-11 20:40:57 [[31merror[39m]: TypeError: result.map is not a function
    at clientTrainerService.<anonymous> (C:\Users\USER\OneDrive\Documents\brocamb\Project 2\Tahtib Al Juhd\Backend\src\Services\client\client.trainer.service.ts:19:37)
    at Generator.next (<anonymous>)
    at fulfilled (C:\Users\USER\OneDrive\Documents\brocamb\Project 2\Tahtib Al Juhd\Backend\src\Services\client\client.trainer.service.ts:5:58)
    at processTicksAndRejections (node:internal/process/task_queues:105:5)
2025-08-11 20:40:57 [[31merror[39m]: TypeError: result.map is not a function
    at clientTrainerService.<anonymous> (C:\Users\USER\OneDrive\Documents\brocamb\Project 2\Tahtib Al Juhd\Backend\src\Services\client\client.trainer.service.ts:19:37)
    at Generator.next (<anonymous>)
    at fulfilled (C:\Users\USER\OneDrive\Documents\brocamb\Project 2\Tahtib Al Juhd\Backend\src\Services\client\client.trainer.service.ts:5:58)
    at processTicksAndRejections (node:internal/process/task_queues:105:5)
2025-08-11 20:40:58 [[31merror[39m]: TypeError: result.map is not a function
    at clientTrainerService.<anonymous> (C:\Users\USER\OneDrive\Documents\brocamb\Project 2\Tahtib Al Juhd\Backend\src\Services\client\client.trainer.service.ts:19:37)
    at Generator.next (<anonymous>)
    at fulfilled (C:\Users\USER\OneDrive\Documents\brocamb\Project 2\Tahtib Al Juhd\Backend\src\Services\client\client.trainer.service.ts:5:58)
    at processTicksAndRejections (node:internal/process/task_queues:105:5)
2025-08-11 20:40:58 [[31merror[39m]: TypeError: result.map is not a function
    at clientTrainerService.<anonymous> (C:\Users\USER\OneDrive\Documents\brocamb\Project 2\Tahtib Al Juhd\Backend\src\Services\client\client.trainer.service.ts:19:37)
    at Generator.next (<anonymous>)
    at fulfilled (C:\Users\USER\OneDrive\Documents\brocamb\Project 2\Tahtib Al Juhd\Backend\src\Services\client\client.trainer.service.ts:5:58)
    at processTicksAndRejections (node:internal/process/task_queues:105:5)
2025-08-11 20:40:58 [[31merror[39m]: TypeError: result.map is not a function
    at clientTrainerService.<anonymous> (C:\Users\USER\OneDrive\Documents\brocamb\Project 2\Tahtib Al Juhd\Backend\src\Services\client\client.trainer.service.ts:19:37)
    at Generator.next (<anonymous>)
    at fulfilled (C:\Users\USER\OneDrive\Documents\brocamb\Project 2\Tahtib Al Juhd\Backend\src\Services\client\client.trainer.service.ts:5:58)
    at processTicksAndRejections (node:internal/process/task_queues:105:5)
2025-08-11 20:40:59 [[31merror[39m]: TypeError: result.map is not a function
    at clientTrainerService.<anonymous> (C:\Users\USER\OneDrive\Documents\brocamb\Project 2\Tahtib Al Juhd\Backend\src\Services\client\client.trainer.service.ts:19:37)
    at Generator.next (<anonymous>)
    at fulfilled (C:\Users\USER\OneDrive\Documents\brocamb\Project 2\Tahtib Al Juhd\Backend\src\Services\client\client.trainer.service.ts:5:58)
    at processTicksAndRejections (node:internal/process/task_queues:105:5)
2025-08-11 20:40:59 [[31merror[39m]: TypeError: result.map is not a function
    at clientTrainerService.<anonymous> (C:\Users\USER\OneDrive\Documents\brocamb\Project 2\Tahtib Al Juhd\Backend\src\Services\client\client.trainer.service.ts:19:37)
    at Generator.next (<anonymous>)
    at fulfilled (C:\Users\USER\OneDrive\Documents\brocamb\Project 2\Tahtib Al Juhd\Backend\src\Services\client\client.trainer.service.ts:5:58)
    at processTicksAndRejections (node:internal/process/task_queues:105:5)
2025-08-11 20:40:59 [[31merror[39m]: TypeError: result.map is not a function
    at clientTrainerService.<anonymous> (C:\Users\USER\OneDrive\Documents\brocamb\Project 2\Tahtib Al Juhd\Backend\src\Services\client\client.trainer.service.ts:19:37)
    at Generator.next (<anonymous>)
    at fulfilled (C:\Users\USER\OneDrive\Documents\brocamb\Project 2\Tahtib Al Juhd\Backend\src\Services\client\client.trainer.service.ts:5:58)
    at processTicksAndRejections (node:internal/process/task_queues:105:5)
2025-08-11 20:40:59 [[31merror[39m]: TypeError: result.map is not a function
    at clientTrainerService.<anonymous> (C:\Users\USER\OneDrive\Documents\brocamb\Project 2\Tahtib Al Juhd\Backend\src\Services\client\client.trainer.service.ts:19:37)
    at Generator.next (<anonymous>)
    at fulfilled (C:\Users\USER\OneDrive\Documents\brocamb\Project 2\Tahtib Al Juhd\Backend\src\Services\client\client.trainer.service.ts:5:58)
    at processTicksAndRejections (node:internal/process/task_queues:105:5)
2025-08-11 20:40:59 [[31merror[39m]: TypeError: result.map is not a function
    at clientTrainerService.<anonymous> (C:\Users\USER\OneDrive\Documents\brocamb\Project 2\Tahtib Al Juhd\Backend\src\Services\client\client.trainer.service.ts:19:37)
    at Generator.next (<anonymous>)
    at fulfilled (C:\Users\USER\OneDrive\Documents\brocamb\Project 2\Tahtib Al Juhd\Backend\src\Services\client\client.trainer.service.ts:5:58)
    at processTicksAndRejections (node:internal/process/task_queues:105:5)
2025-08-11 20:40:59 [[31merror[39m]: TypeError: result.map is not a function
    at clientTrainerService.<anonymous> (C:\Users\USER\OneDrive\Documents\brocamb\Project 2\Tahtib Al Juhd\Backend\src\Services\client\client.trainer.service.ts:19:37)
    at Generator.next (<anonymous>)
    at fulfilled (C:\Users\USER\OneDrive\Documents\brocamb\Project 2\Tahtib Al Juhd\Backend\src\Services\client\client.trainer.service.ts:5:58)
    at processTicksAndRejections (node:internal/process/task_queues:105:5)
2025-08-11 20:40:59 [[31merror[39m]: TypeError: result.map is not a function
    at clientTrainerService.<anonymous> (C:\Users\USER\OneDrive\Documents\brocamb\Project 2\Tahtib Al Juhd\Backend\src\Services\client\client.trainer.service.ts:19:37)
    at Generator.next (<anonymous>)
    at fulfilled (C:\Users\USER\OneDrive\Documents\brocamb\Project 2\Tahtib Al Juhd\Backend\src\Services\client\client.trainer.service.ts:5:58)
    at processTicksAndRejections (node:internal/process/task_queues:105:5)
2025-08-11 20:40:59 [[31merror[39m]: TypeError: result.map is not a function
    at clientTrainerService.<anonymous> (C:\Users\USER\OneDrive\Documents\brocamb\Project 2\Tahtib Al Juhd\Backend\src\Services\client\client.trainer.service.ts:19:37)
    at Generator.next (<anonymous>)
    at fulfilled (C:\Users\USER\OneDrive\Documents\brocamb\Project 2\Tahtib Al Juhd\Backend\src\Services\client\client.trainer.service.ts:5:58)
    at processTicksAndRejections (node:internal/process/task_queues:105:5)
2025-08-11 20:41:00 [[31merror[39m]: TypeError: result.map is not a function
    at clientTrainerService.<anonymous> (C:\Users\USER\OneDrive\Documents\brocamb\Project 2\Tahtib Al Juhd\Backend\src\Services\client\client.trainer.service.ts:19:37)
    at Generator.next (<anonymous>)
    at fulfilled (C:\Users\USER\OneDrive\Documents\brocamb\Project 2\Tahtib Al Juhd\Backend\src\Services\client\client.trainer.service.ts:5:58)
    at processTicksAndRejections (node:internal/process/task_queues:105:5)
2025-08-11 20:41:00 [[31merror[39m]: TypeError: result.map is not a function
    at clientTrainerService.<anonymous> (C:\Users\USER\OneDrive\Documents\brocamb\Project 2\Tahtib Al Juhd\Backend\src\Services\client\client.trainer.service.ts:19:37)
    at Generator.next (<anonymous>)
    at fulfilled (C:\Users\USER\OneDrive\Documents\brocamb\Project 2\Tahtib Al Juhd\Backend\src\Services\client\client.trainer.service.ts:5:58)
    at processTicksAndRejections (node:internal/process/task_queues:105:5)
2025-08-11 20:41:00 [[31merror[39m]: TypeError: result.map is not a function
    at clientTrainerService.<anonymous> (C:\Users\USER\OneDrive\Documents\brocamb\Project 2\Tahtib Al Juhd\Backend\src\Services\client\client.trainer.service.ts:19:37)
    at Generator.next (<anonymous>)
    at fulfilled (C:\Users\USER\OneDrive\Documents\brocamb\Project 2\Tahtib Al Juhd\Backend\src\Services\client\client.trainer.service.ts:5:58)
    at processTicksAndRejections (node:internal/process/task_queues:105:5)
2025-08-11 20:41:00 [[31merror[39m]: TypeError: result.map is not a function
    at clientTrainerService.<anonymous> (C:\Users\USER\OneDrive\Documents\brocamb\Project 2\Tahtib Al Juhd\Backend\src\Services\client\client.trainer.service.ts:19:37)
    at Generator.next (<anonymous>)
    at fulfilled (C:\Users\USER\OneDrive\Documents\brocamb\Project 2\Tahtib Al Juhd\Backend\src\Services\client\client.trainer.service.ts:5:58)
    at processTicksAndRejections (node:internal/process/task_queues:105:5)
2025-08-11 20:41:00 [[31merror[39m]: TypeError: result.map is not a function
    at clientTrainerService.<anonymous> (C:\Users\USER\OneDrive\Documents\brocamb\Project 2\Tahtib Al Juhd\Backend\src\Services\client\client.trainer.service.ts:19:37)
    at Generator.next (<anonymous>)
    at fulfilled (C:\Users\USER\OneDrive\Documents\brocamb\Project 2\Tahtib Al Juhd\Backend\src\Services\client\client.trainer.service.ts:5:58)
    at processTicksAndRejections (node:internal/process/task_queues:105:5)
2025-08-11 20:41:00 [[31merror[39m]: TypeError: result.map is not a function
    at clientTrainerService.<anonymous> (C:\Users\USER\OneDrive\Documents\brocamb\Project 2\Tahtib Al Juhd\Backend\src\Services\client\client.trainer.service.ts:19:37)
    at Generator.next (<anonymous>)
    at fulfilled (C:\Users\USER\OneDrive\Documents\brocamb\Project 2\Tahtib Al Juhd\Backend\src\Services\client\client.trainer.service.ts:5:58)
    at processTicksAndRejections (node:internal/process/task_queues:105:5)
2025-08-11 21:01:00 [[31merror[39m]: Error: Invalid token version
    at createHttpError (C:\Users\USER\OneDrive\Documents\brocamb\Project 2\Tahtib Al Juhd\Backend\src\utils\http-error.util.ts:12:12)
    at AuthService.<anonymous> (C:\Users\USER\OneDrive\Documents\brocamb\Project 2\Tahtib Al Juhd\Backend\src\Services\auth\auth.service.ts:322:28)
    at Generator.next (<anonymous>)
    at fulfilled (C:\Users\USER\OneDrive\Documents\brocamb\Project 2\Tahtib Al Juhd\Backend\src\Services\auth\auth.service.ts:5:58)
    at processTicksAndRejections (node:internal/process/task_queues:105:5)
2025-08-11 22:40:53 [[31merror[39m]: TypeError: Invalid URL
    at new URL (node:internal/url:819:25)
    at C:\Users\USER\OneDrive\Documents\brocamb\Project 2\Tahtib Al Juhd\Backend\src\utils\s3Storage.utils.ts:43:15
    at Generator.next (<anonymous>)
    at C:\Users\USER\OneDrive\Documents\brocamb\Project 2\Tahtib Al Juhd\Backend\src\utils\s3Storage.utils.ts:8:71
    at new Promise (<anonymous>)
    at __awaiter (C:\Users\USER\OneDrive\Documents\brocamb\Project 2\Tahtib Al Juhd\Backend\src\utils\s3Storage.utils.ts:4:12)
    at generateSignedUrl (C:\Users\USER\OneDrive\Documents\brocamb\Project 2\Tahtib Al Juhd\Backend\src\utils\s3Storage.utils.ts:47:12)
    at Function.<anonymous> (C:\Users\USER\OneDrive\Documents\brocamb\Project 2\Tahtib Al Juhd\Backend\src\dtos\admin\TrainerDTO.ts:228:42)
    at Generator.next (<anonymous>)
    at fulfilled (C:\Users\USER\OneDrive\Documents\brocamb\Project 2\Tahtib Al Juhd\Backend\src\dtos\admin\TrainerDTO.ts:5:58)
2025-08-11 22:40:57 [[31merror[39m]: TypeError: Invalid URL
    at new URL (node:internal/url:819:25)
    at C:\Users\USER\OneDrive\Documents\brocamb\Project 2\Tahtib Al Juhd\Backend\src\utils\s3Storage.utils.ts:43:15
    at Generator.next (<anonymous>)
    at C:\Users\USER\OneDrive\Documents\brocamb\Project 2\Tahtib Al Juhd\Backend\src\utils\s3Storage.utils.ts:8:71
    at new Promise (<anonymous>)
    at __awaiter (C:\Users\USER\OneDrive\Documents\brocamb\Project 2\Tahtib Al Juhd\Backend\src\utils\s3Storage.utils.ts:4:12)
    at generateSignedUrl (C:\Users\USER\OneDrive\Documents\brocamb\Project 2\Tahtib Al Juhd\Backend\src\utils\s3Storage.utils.ts:47:12)
    at Function.<anonymous> (C:\Users\USER\OneDrive\Documents\brocamb\Project 2\Tahtib Al Juhd\Backend\src\dtos\admin\TrainerDTO.ts:228:42)
    at Generator.next (<anonymous>)
    at fulfilled (C:\Users\USER\OneDrive\Documents\brocamb\Project 2\Tahtib Al Juhd\Backend\src\dtos\admin\TrainerDTO.ts:5:58)
2025-08-11 22:43:47 [[31merror[39m]: Error: Invalid token version
    at createHttpError (C:\Users\USER\OneDrive\Documents\brocamb\Project 2\Tahtib Al Juhd\Backend\src\utils\http-error.util.ts:12:12)
    at AuthService.<anonymous> (C:\Users\USER\OneDrive\Documents\brocamb\Project 2\Tahtib Al Juhd\Backend\src\Services\auth\auth.service.ts:322:28)
    at Generator.next (<anonymous>)
    at fulfilled (C:\Users\USER\OneDrive\Documents\brocamb\Project 2\Tahtib Al Juhd\Backend\src\Services\auth\auth.service.ts:5:58)
    at processTicksAndRejections (node:internal/process/task_queues:105:5)
2025-08-11 22:46:03 [[31merror[39m]: Error: Invalid token version
    at createHttpError (C:\Users\USER\OneDrive\Documents\brocamb\Project 2\Tahtib Al Juhd\Backend\src\utils\http-error.util.ts:12:12)
    at AuthService.<anonymous> (C:\Users\USER\OneDrive\Documents\brocamb\Project 2\Tahtib Al Juhd\Backend\src\Services\auth\auth.service.ts:322:28)
    at Generator.next (<anonymous>)
    at fulfilled (C:\Users\USER\OneDrive\Documents\brocamb\Project 2\Tahtib Al Juhd\Backend\src\Services\auth\auth.service.ts:5:58)
    at processTicksAndRejections (node:internal/process/task_queues:105:5)
2025-08-11 22:59:52 [[31merror[39m]: Error: Invalid token version
    at createHttpError (C:\Users\USER\OneDrive\Documents\brocamb\Project 2\Tahtib Al Juhd\Backend\src\utils\http-error.util.ts:12:12)
    at AuthService.<anonymous> (C:\Users\USER\OneDrive\Documents\brocamb\Project 2\Tahtib Al Juhd\Backend\src\Services\auth\auth.service.ts:322:28)
    at Generator.next (<anonymous>)
    at fulfilled (C:\Users\USER\OneDrive\Documents\brocamb\Project 2\Tahtib Al Juhd\Backend\src\Services\auth\auth.service.ts:5:58)
    at processTicksAndRejections (node:internal/process/task_queues:105:5)
2025-08-11 23:00:34 [[31merror[39m]: Error: Invalid token version
    at createHttpError (C:\Users\USER\OneDrive\Documents\brocamb\Project 2\Tahtib Al Juhd\Backend\src\utils\http-error.util.ts:12:12)
    at AuthService.<anonymous> (C:\Users\USER\OneDrive\Documents\brocamb\Project 2\Tahtib Al Juhd\Backend\src\Services\auth\auth.service.ts:322:28)
    at Generator.next (<anonymous>)
    at fulfilled (C:\Users\USER\OneDrive\Documents\brocamb\Project 2\Tahtib Al Juhd\Backend\src\Services\auth\auth.service.ts:5:58)
    at processTicksAndRejections (node:internal/process/task_queues:105:5)
2025-08-11 23:08:33 [[31merror[39m]: Error: Invalid token version
    at createHttpError (C:\Users\USER\OneDrive\Documents\brocamb\Project 2\Tahtib Al Juhd\Backend\src\utils\http-error.util.ts:12:12)
    at AuthService.<anonymous> (C:\Users\USER\OneDrive\Documents\brocamb\Project 2\Tahtib Al Juhd\Backend\src\Services\auth\auth.service.ts:322:28)
    at Generator.next (<anonymous>)
    at fulfilled (C:\Users\USER\OneDrive\Documents\brocamb\Project 2\Tahtib Al Juhd\Backend\src\Services\auth\auth.service.ts:5:58)
    at processTicksAndRejections (node:internal/process/task_queues:105:5)
2025-08-11 23:08:39 [[31merror[39m]: Error: Invalid password
    at createHttpError (C:\Users\USER\OneDrive\Documents\brocamb\Project 2\Tahtib Al Juhd\Backend\src\utils\http-error.util.ts:12:12)
    at AuthService.<anonymous> (C:\Users\USER\OneDrive\Documents\brocamb\Project 2\Tahtib Al Juhd\Backend\src\Services\auth\auth.service.ts:69:28)
    at Generator.next (<anonymous>)
    at fulfilled (C:\Users\USER\OneDrive\Documents\brocamb\Project 2\Tahtib Al Juhd\Backend\src\Services\auth\auth.service.ts:5:58)
2025-08-11 23:15:27 [[31merror[39m]: Error: Invalid token version
    at createHttpError (C:\Users\USER\OneDrive\Documents\brocamb\Project 2\Tahtib Al Juhd\Backend\src\utils\http-error.util.ts:12:12)
    at AuthService.<anonymous> (C:\Users\USER\OneDrive\Documents\brocamb\Project 2\Tahtib Al Juhd\Backend\src\Services\auth\auth.service.ts:322:28)
    at Generator.next (<anonymous>)
    at fulfilled (C:\Users\USER\OneDrive\Documents\brocamb\Project 2\Tahtib Al Juhd\Backend\src\Services\auth\auth.service.ts:5:58)
    at processTicksAndRejections (node:internal/process/task_queues:105:5)
2025-08-11 23:36:28 [[31merror[39m]: Error: Token expired
    at createHttpError (C:\Users\USER\OneDrive\Documents\brocamb\Project 2\Tahtib Al Juhd\Backend\src\utils\http-error.util.ts:12:12)
    at C:\Users\USER\OneDrive\Documents\brocamb\Project 2\Tahtib Al Juhd\Backend\src\middleware\verify.token.middleware.ts:45:26
    at Generator.next (<anonymous>)
    at C:\Users\USER\OneDrive\Documents\brocamb\Project 2\Tahtib Al Juhd\Backend\src\middleware\verify.token.middleware.ts:8:71
    at new Promise (<anonymous>)
    at __awaiter (C:\Users\USER\OneDrive\Documents\brocamb\Project 2\Tahtib Al Juhd\Backend\src\middleware\verify.token.middleware.ts:4:12)
    at C:\Users\USER\OneDrive\Documents\brocamb\Project 2\Tahtib Al Juhd\Backend\src\middleware\verify.token.middleware.ts:20:22
    at Layer.handle [as handle_request] (C:\Users\USER\node_modules\express\lib\router\layer.js:95:5)
    at trim_prefix (C:\Users\USER\node_modules\express\lib\router\index.js:328:13)
    at C:\Users\USER\node_modules\express\lib\router\index.js:286:9
2025-08-12 09:09:58 [[31merror[39m]: Error: Invalid password
    at createHttpError (C:\Users\USER\OneDrive\Documents\brocamb\Project 2\Tahtib Al Juhd\Backend\src\utils\http-error.util.ts:12:12)
    at AuthService.<anonymous> (C:\Users\USER\OneDrive\Documents\brocamb\Project 2\Tahtib Al Juhd\Backend\src\Services\auth\auth.service.ts:69:28)
    at Generator.next (<anonymous>)
    at fulfilled (C:\Users\USER\OneDrive\Documents\brocamb\Project 2\Tahtib Al Juhd\Backend\src\Services\auth\auth.service.ts:5:58)
2025-08-12 19:03:45 [[31merror[39m]: Error: Token expired
    at createHttpError (C:\Users\USER\OneDrive\Documents\brocamb\Project 2\Tahtib Al Juhd\Backend\src\utils\http-error.util.ts:12:12)
    at C:\Users\USER\OneDrive\Documents\brocamb\Project 2\Tahtib Al Juhd\Backend\src\middleware\verify.token.middleware.ts:45:26
    at Generator.next (<anonymous>)
    at C:\Users\USER\OneDrive\Documents\brocamb\Project 2\Tahtib Al Juhd\Backend\src\middleware\verify.token.middleware.ts:8:71
    at new Promise (<anonymous>)
    at __awaiter (C:\Users\USER\OneDrive\Documents\brocamb\Project 2\Tahtib Al Juhd\Backend\src\middleware\verify.token.middleware.ts:4:12)
    at C:\Users\USER\OneDrive\Documents\brocamb\Project 2\Tahtib Al Juhd\Backend\src\middleware\verify.token.middleware.ts:20:22
    at Layer.handle [as handle_request] (C:\Users\USER\node_modules\express\lib\router\layer.js:95:5)
    at trim_prefix (C:\Users\USER\node_modules\express\lib\router\index.js:328:13)
    at C:\Users\USER\node_modules\express\lib\router\index.js:286:9
2025-08-12 19:34:12 [[31merror[39m]: Error: Invalid token version
    at createHttpError (C:\Users\USER\OneDrive\Documents\brocamb\Project 2\Tahtib Al Juhd\Backend\src\utils\http-error.util.ts:12:12)
    at AuthService.<anonymous> (C:\Users\USER\OneDrive\Documents\brocamb\Project 2\Tahtib Al Juhd\Backend\src\Services\auth\auth.service.ts:322:28)
    at Generator.next (<anonymous>)
    at fulfilled (C:\Users\USER\OneDrive\Documents\brocamb\Project 2\Tahtib Al Juhd\Backend\src\Services\auth\auth.service.ts:5:58)
    at processTicksAndRejections (node:internal/process/task_queues:105:5)
2025-08-12 20:17:06 [[31merror[39m]: Error: Token expired
    at createHttpError (C:\Users\USER\OneDrive\Documents\brocamb\Project 2\Tahtib Al Juhd\Backend\src\utils\http-error.util.ts:12:12)
    at C:\Users\USER\OneDrive\Documents\brocamb\Project 2\Tahtib Al Juhd\Backend\src\middleware\verify.token.middleware.ts:45:26
    at Generator.next (<anonymous>)
    at C:\Users\USER\OneDrive\Documents\brocamb\Project 2\Tahtib Al Juhd\Backend\src\middleware\verify.token.middleware.ts:8:71
    at new Promise (<anonymous>)
    at __awaiter (C:\Users\USER\OneDrive\Documents\brocamb\Project 2\Tahtib Al Juhd\Backend\src\middleware\verify.token.middleware.ts:4:12)
    at C:\Users\USER\OneDrive\Documents\brocamb\Project 2\Tahtib Al Juhd\Backend\src\middleware\verify.token.middleware.ts:20:22
    at Layer.handle [as handle_request] (C:\Users\USER\node_modules\express\lib\router\layer.js:95:5)
    at trim_prefix (C:\Users\USER\node_modules\express\lib\router\index.js:328:13)
    at C:\Users\USER\node_modules\express\lib\router\index.js:286:9
2025-08-12 20:35:33 [[31merror[39m]: Error: Invalid token version
    at createHttpError (C:\Users\USER\OneDrive\Documents\brocamb\Project 2\Tahtib Al Juhd\Backend\src\utils\http-error.util.ts:12:12)
    at AuthService.<anonymous> (C:\Users\USER\OneDrive\Documents\brocamb\Project 2\Tahtib Al Juhd\Backend\src\Services\auth\auth.service.ts:322:28)
    at Generator.next (<anonymous>)
    at fulfilled (C:\Users\USER\OneDrive\Documents\brocamb\Project 2\Tahtib Al Juhd\Backend\src\Services\auth\auth.service.ts:5:58)
    at processTicksAndRejections (node:internal/process/task_queues:105:5)
2025-08-12 22:37:48 [[31merror[39m]: Error: Invalid token version
    at createHttpError (C:\Users\USER\OneDrive\Documents\brocamb\Project 2\Tahtib Al Juhd\Backend\src\utils\http-error.util.ts:12:12)
    at AuthService.<anonymous> (C:\Users\USER\OneDrive\Documents\brocamb\Project 2\Tahtib Al Juhd\Backend\src\Services\auth\auth.service.ts:322:28)
    at Generator.next (<anonymous>)
    at fulfilled (C:\Users\USER\OneDrive\Documents\brocamb\Project 2\Tahtib Al Juhd\Backend\src\Services\auth\auth.service.ts:5:58)
    at processTicksAndRejections (node:internal/process/task_queues:105:5)
2025-08-12 22:38:15 [[31merror[39m]: Error: Invalid token version
    at createHttpError (C:\Users\USER\OneDrive\Documents\brocamb\Project 2\Tahtib Al Juhd\Backend\src\utils\http-error.util.ts:12:12)
    at AuthService.<anonymous> (C:\Users\USER\OneDrive\Documents\brocamb\Project 2\Tahtib Al Juhd\Backend\src\Services\auth\auth.service.ts:322:28)
    at Generator.next (<anonymous>)
    at fulfilled (C:\Users\USER\OneDrive\Documents\brocamb\Project 2\Tahtib Al Juhd\Backend\src\Services\auth\auth.service.ts:5:58)
    at processTicksAndRejections (node:internal/process/task_queues:105:5)
2025-08-12 23:10:28 [[31merror[39m]: CastError: Cast to date failed for value "Invalid Date" (type Date) at path "startTime" for model "Session"
    at SchemaDate.cast (C:\Users\USER\node_modules\mongoose\lib\schema\date.js:376:11)
    at SchemaDate.handleSingle (C:\Users\USER\node_modules\mongoose\lib\schema\date.js:388:15)
    at SchemaDate.castForQuery (C:\Users\USER\node_modules\mongoose\lib\schema\date.js:426:18)
    at cast (C:\Users\USER\node_modules\mongoose\lib\cast.js:367:39)
    at model.Query.Query.cast (C:\Users\USER\node_modules\mongoose\lib\query.js:4889:12)
    at model.Query.Query._castConditions (C:\Users\USER\node_modules\mongoose\lib\query.js:2306:10)
    at model.Query._find (C:\Users\USER\node_modules\mongoose\lib\query.js:2333:8)
    at model.Query.exec (C:\Users\USER\node_modules\mongoose\lib\query.js:4438:80)
    at processTicksAndRejections (node:internal/process/task_queues:105:5)
2025-08-12 23:10:45 [[31merror[39m]: Error: Invalid token version
    at createHttpError (C:\Users\USER\OneDrive\Documents\brocamb\Project 2\Tahtib Al Juhd\Backend\src\utils\http-error.util.ts:12:12)
    at AuthService.<anonymous> (C:\Users\USER\OneDrive\Documents\brocamb\Project 2\Tahtib Al Juhd\Backend\src\Services\auth\auth.service.ts:322:28)
    at Generator.next (<anonymous>)
    at fulfilled (C:\Users\USER\OneDrive\Documents\brocamb\Project 2\Tahtib Al Juhd\Backend\src\Services\auth\auth.service.ts:5:58)
    at processTicksAndRejections (node:internal/process/task_queues:105:5)
2025-08-12 23:27:03 [[31merror[39m]: Error: Token expired
    at createHttpError (C:\Users\USER\OneDrive\Documents\brocamb\Project 2\Tahtib Al Juhd\Backend\src\utils\http-error.util.ts:12:12)
    at C:\Users\USER\OneDrive\Documents\brocamb\Project 2\Tahtib Al Juhd\Backend\src\middleware\verify.token.middleware.ts:45:26
    at Generator.next (<anonymous>)
    at C:\Users\USER\OneDrive\Documents\brocamb\Project 2\Tahtib Al Juhd\Backend\src\middleware\verify.token.middleware.ts:8:71
    at new Promise (<anonymous>)
    at __awaiter (C:\Users\USER\OneDrive\Documents\brocamb\Project 2\Tahtib Al Juhd\Backend\src\middleware\verify.token.middleware.ts:4:12)
    at C:\Users\USER\OneDrive\Documents\brocamb\Project 2\Tahtib Al Juhd\Backend\src\middleware\verify.token.middleware.ts:20:22
    at Layer.handle [as handle_request] (C:\Users\USER\node_modules\express\lib\router\layer.js:95:5)
    at trim_prefix (C:\Users\USER\node_modules\express\lib\router\index.js:328:13)
    at C:\Users\USER\node_modules\express\lib\router\index.js:286:9
2025-08-12 23:40:12 [[31merror[39m]: TypeError: Cannot read properties of undefined (reading 'filter')
    at AvailabilityService.<anonymous> (C:\Users\USER\OneDrive\Documents\brocamb\Project 2\Tahtib Al Juhd\Backend\src\Services\domain\Availability.service.ts:36:16)
    at Generator.next (<anonymous>)
    at fulfilled (C:\Users\USER\OneDrive\Documents\brocamb\Project 2\Tahtib Al Juhd\Backend\src\Services\domain\Availability.service.ts:5:58)
    at processTicksAndRejections (node:internal/process/task_queues:105:5)
2025-08-12 23:43:57 [[31merror[39m]: Error: Token expired
    at createHttpError (C:\Users\USER\OneDrive\Documents\brocamb\Project 2\Tahtib Al Juhd\Backend\src\utils\http-error.util.ts:12:12)
    at C:\Users\USER\OneDrive\Documents\brocamb\Project 2\Tahtib Al Juhd\Backend\src\middleware\verify.token.middleware.ts:45:26
    at Generator.next (<anonymous>)
    at C:\Users\USER\OneDrive\Documents\brocamb\Project 2\Tahtib Al Juhd\Backend\src\middleware\verify.token.middleware.ts:8:71
    at new Promise (<anonymous>)
    at __awaiter (C:\Users\USER\OneDrive\Documents\brocamb\Project 2\Tahtib Al Juhd\Backend\src\middleware\verify.token.middleware.ts:4:12)
    at C:\Users\USER\OneDrive\Documents\brocamb\Project 2\Tahtib Al Juhd\Backend\src\middleware\verify.token.middleware.ts:20:22
    at Layer.handle [as handle_request] (C:\Users\USER\node_modules\express\lib\router\layer.js:95:5)
    at trim_prefix (C:\Users\USER\node_modules\express\lib\router\index.js:328:13)
    at C:\Users\USER\node_modules\express\lib\router\index.js:286:9
2025-08-12 23:43:57 [[31merror[39m]: TypeError: Cannot read properties of undefined (reading 'filter')
    at AvailabilityService.<anonymous> (C:\Users\USER\OneDrive\Documents\brocamb\Project 2\Tahtib Al Juhd\Backend\src\Services\domain\Availability.service.ts:32:28)
    at Generator.next (<anonymous>)
    at fulfilled (C:\Users\USER\OneDrive\Documents\brocamb\Project 2\Tahtib Al Juhd\Backend\src\Services\domain\Availability.service.ts:5:58)
    at processTicksAndRejections (node:internal/process/task_queues:105:5)
2025-08-12 23:46:33 [[31merror[39m]: Invalid slots input for trainer 6853ac43e268900d600c3d66: undefined
2025-08-12 23:46:33 [[31merror[39m]: Error: Slots must be an array
    at AvailabilityService.<anonymous> (C:\Users\USER\OneDrive\Documents\brocamb\Project 2\Tahtib Al Juhd\Backend\src\Services\domain\Availability.service.ts:26:13)
    at Generator.next (<anonymous>)
    at C:\Users\USER\OneDrive\Documents\brocamb\Project 2\Tahtib Al Juhd\Backend\src\Services\domain\Availability.service.ts:8:71
    at new Promise (<anonymous>)
    at __awaiter (C:\Users\USER\OneDrive\Documents\brocamb\Project 2\Tahtib Al Juhd\Backend\src\Services\domain\Availability.service.ts:4:12)
    at AvailabilityService.setAvailability (C:\Users\USER\OneDrive\Documents\brocamb\Project 2\Tahtib Al Juhd\Backend\src\Services\domain\Availability.service.ts:25:16)
    at AvailabilityController.<anonymous> (C:\Users\USER\OneDrive\Documents\brocamb\Project 2\Tahtib Al Juhd\Backend\src\Controller\domain\Availability.Controller.ts:15:39)
    at Generator.next (<anonymous>)
    at C:\Users\USER\OneDrive\Documents\brocamb\Project 2\Tahtib Al Juhd\Backend\src\Controller\domain\Availability.Controller.ts:8:71
    at new Promise (<anonymous>)
2025-08-12 23:50:01 [[31merror[39m]: Invalid slots input for trainer 6853ac43e268900d600c3d66: undefined
2025-08-12 23:50:01 [[31merror[39m]: Error: Slots must be an array
    at AvailabilityService.<anonymous> (C:\Users\USER\OneDrive\Documents\brocamb\Project 2\Tahtib Al Juhd\Backend\src\Services\domain\Availability.service.ts:30:13)
    at Generator.next (<anonymous>)
    at C:\Users\USER\OneDrive\Documents\brocamb\Project 2\Tahtib Al Juhd\Backend\src\Services\domain\Availability.service.ts:8:71
    at new Promise (<anonymous>)
    at __awaiter (C:\Users\USER\OneDrive\Documents\brocamb\Project 2\Tahtib Al Juhd\Backend\src\Services\domain\Availability.service.ts:4:12)
    at AvailabilityService.setAvailability (C:\Users\USER\OneDrive\Documents\brocamb\Project 2\Tahtib Al Juhd\Backend\src\Services\domain\Availability.service.ts:25:16)
    at AvailabilityController.<anonymous> (C:\Users\USER\OneDrive\Documents\brocamb\Project 2\Tahtib Al Juhd\Backend\src\Controller\domain\Availability.Controller.ts:15:39)
    at Generator.next (<anonymous>)
    at C:\Users\USER\OneDrive\Documents\brocamb\Project 2\Tahtib Al Juhd\Backend\src\Controller\domain\Availability.Controller.ts:8:71
    at new Promise (<anonymous>)
2025-08-13 06:44:09 [[31merror[39m]: Invalid slots input for trainer 6853ac43e268900d600c3d66: undefined
2025-08-13 06:44:09 [[31merror[39m]: Error: Slots must be an array
    at AvailabilityService.<anonymous> (C:\Users\USER\OneDrive\Documents\brocamb\Project 2\Tahtib Al Juhd\Backend\src\Services\domain\Availability.service.ts:30:13)
    at Generator.next (<anonymous>)
    at C:\Users\USER\OneDrive\Documents\brocamb\Project 2\Tahtib Al Juhd\Backend\src\Services\domain\Availability.service.ts:8:71
    at new Promise (<anonymous>)
    at __awaiter (C:\Users\USER\OneDrive\Documents\brocamb\Project 2\Tahtib Al Juhd\Backend\src\Services\domain\Availability.service.ts:4:12)
    at AvailabilityService.setAvailability (C:\Users\USER\OneDrive\Documents\brocamb\Project 2\Tahtib Al Juhd\Backend\src\Services\domain\Availability.service.ts:25:16)
    at AvailabilityController.<anonymous> (C:\Users\USER\OneDrive\Documents\brocamb\Project 2\Tahtib Al Juhd\Backend\src\Controller\domain\Availability.Controller.ts:16:39)
    at Generator.next (<anonymous>)
    at C:\Users\USER\OneDrive\Documents\brocamb\Project 2\Tahtib Al Juhd\Backend\src\Controller\domain\Availability.Controller.ts:8:71
    at new Promise (<anonymous>)
2025-08-13 06:45:06 [[31merror[39m]: Invalid slots input for trainer 6853ac43e268900d600c3d66: undefined
2025-08-13 06:45:06 [[31merror[39m]: Error: Slots must be an array
    at AvailabilityService.<anonymous> (C:\Users\USER\OneDrive\Documents\brocamb\Project 2\Tahtib Al Juhd\Backend\src\Services\domain\Availability.service.ts:30:13)
    at Generator.next (<anonymous>)
    at C:\Users\USER\OneDrive\Documents\brocamb\Project 2\Tahtib Al Juhd\Backend\src\Services\domain\Availability.service.ts:8:71
    at new Promise (<anonymous>)
    at __awaiter (C:\Users\USER\OneDrive\Documents\brocamb\Project 2\Tahtib Al Juhd\Backend\src\Services\domain\Availability.service.ts:4:12)
    at AvailabilityService.setAvailability (C:\Users\USER\OneDrive\Documents\brocamb\Project 2\Tahtib Al Juhd\Backend\src\Services\domain\Availability.service.ts:25:16)
    at AvailabilityController.<anonymous> (C:\Users\USER\OneDrive\Documents\brocamb\Project 2\Tahtib Al Juhd\Backend\src\Controller\domain\Availability.Controller.ts:16:39)
    at Generator.next (<anonymous>)
    at C:\Users\USER\OneDrive\Documents\brocamb\Project 2\Tahtib Al Juhd\Backend\src\Controller\domain\Availability.Controller.ts:8:71
    at new Promise (<anonymous>)
2025-08-13 06:45:28 [[31merror[39m]: Invalid slots input for trainer 6853ac43e268900d600c3d66: undefined
2025-08-13 06:45:28 [[31merror[39m]: Error: Slots must be an array
    at AvailabilityService.<anonymous> (C:\Users\USER\OneDrive\Documents\brocamb\Project 2\Tahtib Al Juhd\Backend\src\Services\domain\Availability.service.ts:30:13)
    at Generator.next (<anonymous>)
    at C:\Users\USER\OneDrive\Documents\brocamb\Project 2\Tahtib Al Juhd\Backend\src\Services\domain\Availability.service.ts:8:71
    at new Promise (<anonymous>)
    at __awaiter (C:\Users\USER\OneDrive\Documents\brocamb\Project 2\Tahtib Al Juhd\Backend\src\Services\domain\Availability.service.ts:4:12)
    at AvailabilityService.setAvailability (C:\Users\USER\OneDrive\Documents\brocamb\Project 2\Tahtib Al Juhd\Backend\src\Services\domain\Availability.service.ts:25:16)
    at AvailabilityController.<anonymous> (C:\Users\USER\OneDrive\Documents\brocamb\Project 2\Tahtib Al Juhd\Backend\src\Controller\domain\Availability.Controller.ts:16:39)
    at Generator.next (<anonymous>)
    at C:\Users\USER\OneDrive\Documents\brocamb\Project 2\Tahtib Al Juhd\Backend\src\Controller\domain\Availability.Controller.ts:8:71
    at new Promise (<anonymous>)
2025-08-13 06:45:53 [[31merror[39m]: Invalid slots input for trainer 6853ac43e268900d600c3d66: undefined
2025-08-13 06:45:53 [[31merror[39m]: Error: Slots must be an array
    at AvailabilityService.<anonymous> (C:\Users\USER\OneDrive\Documents\brocamb\Project 2\Tahtib Al Juhd\Backend\src\Services\domain\Availability.service.ts:30:13)
    at Generator.next (<anonymous>)
    at C:\Users\USER\OneDrive\Documents\brocamb\Project 2\Tahtib Al Juhd\Backend\src\Services\domain\Availability.service.ts:8:71
    at new Promise (<anonymous>)
    at __awaiter (C:\Users\USER\OneDrive\Documents\brocamb\Project 2\Tahtib Al Juhd\Backend\src\Services\domain\Availability.service.ts:4:12)
    at AvailabilityService.setAvailability (C:\Users\USER\OneDrive\Documents\brocamb\Project 2\Tahtib Al Juhd\Backend\src\Services\domain\Availability.service.ts:25:16)
    at AvailabilityController.<anonymous> (C:\Users\USER\OneDrive\Documents\brocamb\Project 2\Tahtib Al Juhd\Backend\src\Controller\domain\Availability.Controller.ts:16:39)
    at Generator.next (<anonymous>)
    at C:\Users\USER\OneDrive\Documents\brocamb\Project 2\Tahtib Al Juhd\Backend\src\Controller\domain\Availability.Controller.ts:8:71
    at new Promise (<anonymous>)
2025-08-13 06:46:22 [[31merror[39m]: ValidationError: Session validation failed: meetingLink: Path `meetingLink` is required., planId: Path `planId` is required., clientId: Path `clientId` is required.
    at model.Document.invalidate (C:\Users\USER\node_modules\mongoose\lib\document.js:3334:32)
    at C:\Users\USER\node_modules\mongoose\lib\document.js:3095:17
    at C:\Users\USER\node_modules\mongoose\lib\schemaType.js:1407:9
    at processTicksAndRejections (node:internal/process/task_queues:85:11)
2025-08-13 06:52:10 [[31merror[39m]: Error: Token expired
    at createHttpError (C:\Users\USER\OneDrive\Documents\brocamb\Project 2\Tahtib Al Juhd\Backend\src\utils\http-error.util.ts:12:12)
    at C:\Users\USER\OneDrive\Documents\brocamb\Project 2\Tahtib Al Juhd\Backend\src\middleware\verify.token.middleware.ts:45:26
    at Generator.next (<anonymous>)
    at C:\Users\USER\OneDrive\Documents\brocamb\Project 2\Tahtib Al Juhd\Backend\src\middleware\verify.token.middleware.ts:8:71
    at new Promise (<anonymous>)
    at __awaiter (C:\Users\USER\OneDrive\Documents\brocamb\Project 2\Tahtib Al Juhd\Backend\src\middleware\verify.token.middleware.ts:4:12)
    at C:\Users\USER\OneDrive\Documents\brocamb\Project 2\Tahtib Al Juhd\Backend\src\middleware\verify.token.middleware.ts:20:22
    at Layer.handle [as handle_request] (C:\Users\USER\node_modules\express\lib\router\layer.js:95:5)
    at trim_prefix (C:\Users\USER\node_modules\express\lib\router\index.js:328:13)
    at C:\Users\USER\node_modules\express\lib\router\index.js:286:9
2025-08-13 06:52:10 [[31merror[39m]: Error: All provided slots conflict with existing availability
    at AvailabilityService.<anonymous> (C:\Users\USER\OneDrive\Documents\brocamb\Project 2\Tahtib Al Juhd\Backend\src\Services\domain\Availability.service.ts:69:13)
    at Generator.next (<anonymous>)
    at fulfilled (C:\Users\USER\OneDrive\Documents\brocamb\Project 2\Tahtib Al Juhd\Backend\src\Services\domain\Availability.service.ts:5:58)
    at processTicksAndRejections (node:internal/process/task_queues:105:5)
2025-08-13 09:21:18 [[31merror[39m]: ValidationError: Session validation failed: meetingLink: Path `meetingLink` is required.
    at model.Document.invalidate (C:\Users\USER\node_modules\mongoose\lib\document.js:3334:32)
    at C:\Users\USER\node_modules\mongoose\lib\document.js:3095:17
    at C:\Users\USER\node_modules\mongoose\lib\schemaType.js:1407:9
    at processTicksAndRejections (node:internal/process/task_queues:85:11)
2025-08-13 09:23:06 [[31merror[39m]: Error: Token expired
    at createHttpError (C:\Users\USER\OneDrive\Documents\brocamb\Project 2\Tahtib Al Juhd\Backend\src\utils\http-error.util.ts:12:12)
    at C:\Users\USER\OneDrive\Documents\brocamb\Project 2\Tahtib Al Juhd\Backend\src\middleware\verify.token.middleware.ts:45:26
    at Generator.next (<anonymous>)
    at C:\Users\USER\OneDrive\Documents\brocamb\Project 2\Tahtib Al Juhd\Backend\src\middleware\verify.token.middleware.ts:8:71
    at new Promise (<anonymous>)
    at __awaiter (C:\Users\USER\OneDrive\Documents\brocamb\Project 2\Tahtib Al Juhd\Backend\src\middleware\verify.token.middleware.ts:4:12)
    at C:\Users\USER\OneDrive\Documents\brocamb\Project 2\Tahtib Al Juhd\Backend\src\middleware\verify.token.middleware.ts:20:22
    at Layer.handle [as handle_request] (C:\Users\USER\node_modules\express\lib\router\layer.js:95:5)
    at trim_prefix (C:\Users\USER\node_modules\express\lib\router\index.js:328:13)
    at C:\Users\USER\node_modules\express\lib\router\index.js:286:9
2025-08-13 09:42:58 [[31merror[39m]: Error: All provided slots conflict with existing sessions
    at AvailabilityService.<anonymous> (C:\Users\USER\OneDrive\Documents\brocamb\Project 2\Tahtib Al Juhd\Backend\src\Services\domain\Availability.service.ts:76:13)
    at Generator.next (<anonymous>)
    at fulfilled (C:\Users\USER\OneDrive\Documents\brocamb\Project 2\Tahtib Al Juhd\Backend\src\Services\domain\Availability.service.ts:5:58)
    at processTicksAndRejections (node:internal/process/task_queues:105:5)
2025-08-13 09:44:20 [[31merror[39m]: Error: Failed to get profile data
    at createHttpError (C:\Users\USER\OneDrive\Documents\brocamb\Project 2\Tahtib Al Juhd\Backend\src\utils\http-error.util.ts:12:12)
    at TrainerPersonalizationService.<anonymous> (C:\Users\USER\OneDrive\Documents\brocamb\Project 2\Tahtib Al Juhd\Backend\src\Services\trainer\trainer.personalization.service.ts:211:28)
    at Generator.next (<anonymous>)
    at fulfilled (C:\Users\USER\OneDrive\Documents\brocamb\Project 2\Tahtib Al Juhd\Backend\src\Services\trainer\trainer.personalization.service.ts:5:58)
    at processTicksAndRejections (node:internal/process/task_queues:105:5)
2025-08-13 11:16:10 [[31merror[39m]: TypeError: Cannot read properties of null (reading 'data')
    at TrainerPersonalizationService.<anonymous> (C:\Users\USER\OneDrive\Documents\brocamb\Project 2\Tahtib Al Juhd\Backend\src\Services\trainer\trainer.personalization.service.ts:184:7)
    at Generator.next (<anonymous>)
    at fulfilled (C:\Users\USER\OneDrive\Documents\brocamb\Project 2\Tahtib Al Juhd\Backend\src\Services\trainer\trainer.personalization.service.ts:5:58)
    at processTicksAndRejections (node:internal/process/task_queues:105:5)
2025-08-13 11:29:46 [[31merror[39m]: Error: Invalid token version
    at createHttpError (C:\Users\USER\OneDrive\Documents\brocamb\Project 2\Tahtib Al Juhd\Backend\src\utils\http-error.util.ts:12:12)
    at C:\Users\USER\OneDrive\Documents\brocamb\Project 2\Tahtib Al Juhd\Backend\src\middleware\verify.token.middleware.ts:108:26
    at Generator.next (<anonymous>)
    at fulfilled (C:\Users\USER\OneDrive\Documents\brocamb\Project 2\Tahtib Al Juhd\Backend\src\middleware\verify.token.middleware.ts:5:58)
    at processTicksAndRejections (node:internal/process/task_queues:105:5)
2025-08-13 11:29:46 [[31merror[39m]: Error: Token not provided
    at createHttpError (C:\Users\USER\OneDrive\Documents\brocamb\Project 2\Tahtib Al Juhd\Backend\src\utils\http-error.util.ts:12:12)
    at C:\Users\USER\OneDrive\Documents\brocamb\Project 2\Tahtib Al Juhd\Backend\src\middleware\verify.token.middleware.ts:28:24
    at Generator.next (<anonymous>)
    at C:\Users\USER\OneDrive\Documents\brocamb\Project 2\Tahtib Al Juhd\Backend\src\middleware\verify.token.middleware.ts:8:71
    at new Promise (<anonymous>)
    at __awaiter (C:\Users\USER\OneDrive\Documents\brocamb\Project 2\Tahtib Al Juhd\Backend\src\middleware\verify.token.middleware.ts:4:12)
    at C:\Users\USER\OneDrive\Documents\brocamb\Project 2\Tahtib Al Juhd\Backend\src\middleware\verify.token.middleware.ts:20:22
    at Layer.handle [as handle_request] (C:\Users\USER\node_modules\express\lib\router\layer.js:95:5)
    at trim_prefix (C:\Users\USER\node_modules\express\lib\router\index.js:328:13)
    at C:\Users\USER\node_modules\express\lib\router\index.js:286:9
2025-08-13 11:29:46 [[31merror[39m]: Error: Token not provided
    at createHttpError (C:\Users\USER\OneDrive\Documents\brocamb\Project 2\Tahtib Al Juhd\Backend\src\utils\http-error.util.ts:12:12)
    at C:\Users\USER\OneDrive\Documents\brocamb\Project 2\Tahtib Al Juhd\Backend\src\middleware\verify.token.middleware.ts:28:24
    at Generator.next (<anonymous>)
    at C:\Users\USER\OneDrive\Documents\brocamb\Project 2\Tahtib Al Juhd\Backend\src\middleware\verify.token.middleware.ts:8:71
    at new Promise (<anonymous>)
    at __awaiter (C:\Users\USER\OneDrive\Documents\brocamb\Project 2\Tahtib Al Juhd\Backend\src\middleware\verify.token.middleware.ts:4:12)
    at C:\Users\USER\OneDrive\Documents\brocamb\Project 2\Tahtib Al Juhd\Backend\src\middleware\verify.token.middleware.ts:20:22
    at Layer.handle [as handle_request] (C:\Users\USER\node_modules\express\lib\router\layer.js:95:5)
    at trim_prefix (C:\Users\USER\node_modules\express\lib\router\index.js:328:13)
    at C:\Users\USER\node_modules\express\lib\router\index.js:286:9
2025-08-13 11:31:23 [[31merror[39m]: ValidationError: Session validation failed: meetingLink: Path `meetingLink` is required.
    at model.Document.invalidate (C:\Users\USER\node_modules\mongoose\lib\document.js:3334:32)
    at C:\Users\USER\node_modules\mongoose\lib\document.js:3095:17
    at C:\Users\USER\node_modules\mongoose\lib\schemaType.js:1407:9
    at processTicksAndRejections (node:internal/process/task_queues:85:11)
2025-08-13 11:45:01 [[31merror[39m]: Error: Invalid token version
    at createHttpError (C:\Users\USER\OneDrive\Documents\brocamb\Project 2\Tahtib Al Juhd\Backend\src\utils\http-error.util.ts:12:12)
    at AuthService.<anonymous> (C:\Users\USER\OneDrive\Documents\brocamb\Project 2\Tahtib Al Juhd\Backend\src\Services\auth\auth.service.ts:322:28)
    at Generator.next (<anonymous>)
    at fulfilled (C:\Users\USER\OneDrive\Documents\brocamb\Project 2\Tahtib Al Juhd\Backend\src\Services\auth\auth.service.ts:5:58)
    at processTicksAndRejections (node:internal/process/task_queues:105:5)
2025-08-13 11:56:35 [[31merror[39m]: Error: All provided slots conflict with existing sessions
    at AvailabilityService.<anonymous> (C:\Users\USER\OneDrive\Documents\brocamb\Project 2\Tahtib Al Juhd\Backend\src\Services\domain\Availability.service.ts:76:13)
    at Generator.next (<anonymous>)
    at fulfilled (C:\Users\USER\OneDrive\Documents\brocamb\Project 2\Tahtib Al Juhd\Backend\src\Services\domain\Availability.service.ts:5:58)
    at processTicksAndRejections (node:internal/process/task_queues:105:5)
2025-08-13 11:57:15 [[31merror[39m]: Error: All provided slots conflict with existing sessions
    at AvailabilityService.<anonymous> (C:\Users\USER\OneDrive\Documents\brocamb\Project 2\Tahtib Al Juhd\Backend\src\Services\domain\Availability.service.ts:76:13)
    at Generator.next (<anonymous>)
    at fulfilled (C:\Users\USER\OneDrive\Documents\brocamb\Project 2\Tahtib Al Juhd\Backend\src\Services\domain\Availability.service.ts:5:58)
    at processTicksAndRejections (node:internal/process/task_queues:105:5)
2025-08-13 11:58:53 [[31merror[39m]: Error: Slots conflict with existing sessions
    at createHttpError (C:\Users\USER\OneDrive\Documents\brocamb\Project 2\Tahtib Al Juhd\Backend\src\utils\http-error.util.ts:12:12)
    at AvailabilityService.<anonymous> (C:\Users\USER\OneDrive\Documents\brocamb\Project 2\Tahtib Al Juhd\Backend\src\Services\domain\Availability.service.ts:79:28)
    at Generator.next (<anonymous>)
    at fulfilled (C:\Users\USER\OneDrive\Documents\brocamb\Project 2\Tahtib Al Juhd\Backend\src\Services\domain\Availability.service.ts:5:58)
    at processTicksAndRejections (node:internal/process/task_queues:105:5)
2025-08-13 11:59:40 [[31merror[39m]: Error: Slots conflict with existing sessions
    at createHttpError (C:\Users\USER\OneDrive\Documents\brocamb\Project 2\Tahtib Al Juhd\Backend\src\utils\http-error.util.ts:12:12)
    at AvailabilityService.<anonymous> (C:\Users\USER\OneDrive\Documents\brocamb\Project 2\Tahtib Al Juhd\Backend\src\Services\domain\Availability.service.ts:79:28)
    at Generator.next (<anonymous>)
    at fulfilled (C:\Users\USER\OneDrive\Documents\brocamb\Project 2\Tahtib Al Juhd\Backend\src\Services\domain\Availability.service.ts:5:58)
    at processTicksAndRejections (node:internal/process/task_queues:105:5)
2025-08-13 12:00:59 [[31merror[39m]: Error: Token expired
    at createHttpError (C:\Users\USER\OneDrive\Documents\brocamb\Project 2\Tahtib Al Juhd\Backend\src\utils\http-error.util.ts:12:12)
    at C:\Users\USER\OneDrive\Documents\brocamb\Project 2\Tahtib Al Juhd\Backend\src\middleware\verify.token.middleware.ts:45:26
    at Generator.next (<anonymous>)
    at C:\Users\USER\OneDrive\Documents\brocamb\Project 2\Tahtib Al Juhd\Backend\src\middleware\verify.token.middleware.ts:8:71
    at new Promise (<anonymous>)
    at __awaiter (C:\Users\USER\OneDrive\Documents\brocamb\Project 2\Tahtib Al Juhd\Backend\src\middleware\verify.token.middleware.ts:4:12)
    at C:\Users\USER\OneDrive\Documents\brocamb\Project 2\Tahtib Al Juhd\Backend\src\middleware\verify.token.middleware.ts:20:22
    at Layer.handle [as handle_request] (C:\Users\USER\node_modules\express\lib\router\layer.js:95:5)
    at trim_prefix (C:\Users\USER\node_modules\express\lib\router\index.js:328:13)
    at C:\Users\USER\node_modules\express\lib\router\index.js:286:9
2025-08-13 12:02:02 [[31merror[39m]: Error: Slots conflict with existing sessions
    at createHttpError (C:\Users\USER\OneDrive\Documents\brocamb\Project 2\Tahtib Al Juhd\Backend\src\utils\http-error.util.ts:12:12)
    at AvailabilityService.<anonymous> (C:\Users\USER\OneDrive\Documents\brocamb\Project 2\Tahtib Al Juhd\Backend\src\Services\domain\Availability.service.ts:79:28)
    at Generator.next (<anonymous>)
    at fulfilled (C:\Users\USER\OneDrive\Documents\brocamb\Project 2\Tahtib Al Juhd\Backend\src\Services\domain\Availability.service.ts:5:58)
    at processTicksAndRejections (node:internal/process/task_queues:105:5)
2025-08-13 12:16:10 [[31merror[39m]: Error: Token expired
    at createHttpError (C:\Users\USER\OneDrive\Documents\brocamb\Project 2\Tahtib Al Juhd\Backend\src\utils\http-error.util.ts:12:12)
    at C:\Users\USER\OneDrive\Documents\brocamb\Project 2\Tahtib Al Juhd\Backend\src\middleware\verify.token.middleware.ts:45:26
    at Generator.next (<anonymous>)
    at C:\Users\USER\OneDrive\Documents\brocamb\Project 2\Tahtib Al Juhd\Backend\src\middleware\verify.token.middleware.ts:8:71
    at new Promise (<anonymous>)
    at __awaiter (C:\Users\USER\OneDrive\Documents\brocamb\Project 2\Tahtib Al Juhd\Backend\src\middleware\verify.token.middleware.ts:4:12)
    at C:\Users\USER\OneDrive\Documents\brocamb\Project 2\Tahtib Al Juhd\Backend\src\middleware\verify.token.middleware.ts:20:22
    at Layer.handle [as handle_request] (C:\Users\USER\node_modules\express\lib\router\layer.js:95:5)
    at trim_prefix (C:\Users\USER\node_modules\express\lib\router\index.js:328:13)
    at C:\Users\USER\node_modules\express\lib\router\index.js:286:9
2025-08-13 12:16:10 [[31merror[39m]: BSONError: input must be a 24 character hex string, 12 byte Uint8Array, or an integer
    at new ObjectId (C:\Users\USER\node_modules\bson\src\objectid.ts:120:15)
    at PlanRepository.<anonymous> (C:\Users\USER\OneDrive\Documents\brocamb\Project 2\Tahtib Al Juhd\Backend\src\Repository\Plan.repository.ts:17:47)
    at Generator.next (<anonymous>)
    at C:\Users\USER\OneDrive\Documents\brocamb\Project 2\Tahtib Al Juhd\Backend\src\Repository\Plan.repository.ts:8:71
    at new Promise (<anonymous>)
    at __awaiter (C:\Users\USER\OneDrive\Documents\brocamb\Project 2\Tahtib Al Juhd\Backend\src\Repository\Plan.repository.ts:4:12)
    at PlanRepository.findByTrainerId (C:\Users\USER\OneDrive\Documents\brocamb\Project 2\Tahtib Al Juhd\Backend\src\Repository\Plan.repository.ts:26:16)
    at PlanService.<anonymous> (C:\Users\USER\OneDrive\Documents\brocamb\Project 2\Tahtib Al Juhd\Backend\src\Services\domain\Plan.service.ts:29:33)
    at Generator.next (<anonymous>)
    at C:\Users\USER\OneDrive\Documents\brocamb\Project 2\Tahtib Al Juhd\Backend\src\Services\domain\Plan.service.ts:8:71
2025-08-13 12:16:10 [[31merror[39m]: BSONError: input must be a 24 character hex string, 12 byte Uint8Array, or an integer
    at new ObjectId (C:\Users\USER\node_modules\bson\src\objectid.ts:120:15)
    at PlanRepository.<anonymous> (C:\Users\USER\OneDrive\Documents\brocamb\Project 2\Tahtib Al Juhd\Backend\src\Repository\Plan.repository.ts:17:47)
    at Generator.next (<anonymous>)
    at C:\Users\USER\OneDrive\Documents\brocamb\Project 2\Tahtib Al Juhd\Backend\src\Repository\Plan.repository.ts:8:71
    at new Promise (<anonymous>)
    at __awaiter (C:\Users\USER\OneDrive\Documents\brocamb\Project 2\Tahtib Al Juhd\Backend\src\Repository\Plan.repository.ts:4:12)
    at PlanRepository.findByTrainerId (C:\Users\USER\OneDrive\Documents\brocamb\Project 2\Tahtib Al Juhd\Backend\src\Repository\Plan.repository.ts:26:16)
    at PlanService.<anonymous> (C:\Users\USER\OneDrive\Documents\brocamb\Project 2\Tahtib Al Juhd\Backend\src\Services\domain\Plan.service.ts:29:33)
    at Generator.next (<anonymous>)
    at C:\Users\USER\OneDrive\Documents\brocamb\Project 2\Tahtib Al Juhd\Backend\src\Services\domain\Plan.service.ts:8:71
2025-08-13 12:16:11 [[31merror[39m]: BSONError: input must be a 24 character hex string, 12 byte Uint8Array, or an integer
    at new ObjectId (C:\Users\USER\node_modules\bson\src\objectid.ts:120:15)
    at PlanRepository.<anonymous> (C:\Users\USER\OneDrive\Documents\brocamb\Project 2\Tahtib Al Juhd\Backend\src\Repository\Plan.repository.ts:17:47)
    at Generator.next (<anonymous>)
    at C:\Users\USER\OneDrive\Documents\brocamb\Project 2\Tahtib Al Juhd\Backend\src\Repository\Plan.repository.ts:8:71
    at new Promise (<anonymous>)
    at __awaiter (C:\Users\USER\OneDrive\Documents\brocamb\Project 2\Tahtib Al Juhd\Backend\src\Repository\Plan.repository.ts:4:12)
    at PlanRepository.findByTrainerId (C:\Users\USER\OneDrive\Documents\brocamb\Project 2\Tahtib Al Juhd\Backend\src\Repository\Plan.repository.ts:26:16)
    at PlanService.<anonymous> (C:\Users\USER\OneDrive\Documents\brocamb\Project 2\Tahtib Al Juhd\Backend\src\Services\domain\Plan.service.ts:29:33)
    at Generator.next (<anonymous>)
    at C:\Users\USER\OneDrive\Documents\brocamb\Project 2\Tahtib Al Juhd\Backend\src\Services\domain\Plan.service.ts:8:71
2025-08-13 13:31:54 [[31merror[39m]: Error: Token expired
    at createHttpError (C:\Users\USER\OneDrive\Documents\brocamb\Project 2\Tahtib Al Juhd\Backend\src\utils\http-error.util.ts:12:12)
    at C:\Users\USER\OneDrive\Documents\brocamb\Project 2\Tahtib Al Juhd\Backend\src\middleware\verify.token.middleware.ts:45:26
    at Generator.next (<anonymous>)
    at C:\Users\USER\OneDrive\Documents\brocamb\Project 2\Tahtib Al Juhd\Backend\src\middleware\verify.token.middleware.ts:8:71
    at new Promise (<anonymous>)
    at __awaiter (C:\Users\USER\OneDrive\Documents\brocamb\Project 2\Tahtib Al Juhd\Backend\src\middleware\verify.token.middleware.ts:4:12)
    at C:\Users\USER\OneDrive\Documents\brocamb\Project 2\Tahtib Al Juhd\Backend\src\middleware\verify.token.middleware.ts:20:22
    at Layer.handle [as handle_request] (C:\Users\USER\node_modules\express\lib\router\layer.js:95:5)
    at trim_prefix (C:\Users\USER\node_modules\express\lib\router\index.js:328:13)
    at C:\Users\USER\node_modules\express\lib\router\index.js:286:9
2025-08-13 14:12:55 [[31merror[39m]: Error: Invalid token version
    at createHttpError (C:\Users\USER\OneDrive\Documents\brocamb\Project 2\Tahtib Al Juhd\Backend\src\utils\http-error.util.ts:12:12)
    at AuthService.<anonymous> (C:\Users\USER\OneDrive\Documents\brocamb\Project 2\Tahtib Al Juhd\Backend\src\Services\auth\auth.service.ts:322:28)
    at Generator.next (<anonymous>)
    at fulfilled (C:\Users\USER\OneDrive\Documents\brocamb\Project 2\Tahtib Al Juhd\Backend\src\Services\auth\auth.service.ts:5:58)
    at processTicksAndRejections (node:internal/process/task_queues:105:5)
2025-08-13 15:01:30 [[31merror[39m]: Error: Token expired
    at createHttpError (C:\Users\USER\OneDrive\Documents\brocamb\Project 2\Tahtib Al Juhd\Backend\src\utils\http-error.util.ts:12:12)
    at C:\Users\USER\OneDrive\Documents\brocamb\Project 2\Tahtib Al Juhd\Backend\src\middleware\verify.token.middleware.ts:45:26
    at Generator.next (<anonymous>)
    at C:\Users\USER\OneDrive\Documents\brocamb\Project 2\Tahtib Al Juhd\Backend\src\middleware\verify.token.middleware.ts:8:71
    at new Promise (<anonymous>)
    at __awaiter (C:\Users\USER\OneDrive\Documents\brocamb\Project 2\Tahtib Al Juhd\Backend\src\middleware\verify.token.middleware.ts:4:12)
    at C:\Users\USER\OneDrive\Documents\brocamb\Project 2\Tahtib Al Juhd\Backend\src\middleware\verify.token.middleware.ts:20:22
    at Layer.handle [as handle_request] (C:\Users\USER\node_modules\express\lib\router\layer.js:95:5)
    at trim_prefix (C:\Users\USER\node_modules\express\lib\router\index.js:328:13)
    at C:\Users\USER\node_modules\express\lib\router\index.js:286:9
2025-08-13 16:41:28 [[31merror[39m]: Error: Token expired
    at createHttpError (C:\Users\USER\OneDrive\Documents\brocamb\Project 2\Tahtib Al Juhd\Backend\src\utils\http-error.util.ts:12:12)
    at C:\Users\USER\OneDrive\Documents\brocamb\Project 2\Tahtib Al Juhd\Backend\src\middleware\verify.token.middleware.ts:45:26
    at Generator.next (<anonymous>)
    at C:\Users\USER\OneDrive\Documents\brocamb\Project 2\Tahtib Al Juhd\Backend\src\middleware\verify.token.middleware.ts:8:71
    at new Promise (<anonymous>)
    at __awaiter (C:\Users\USER\OneDrive\Documents\brocamb\Project 2\Tahtib Al Juhd\Backend\src\middleware\verify.token.middleware.ts:4:12)
    at C:\Users\USER\OneDrive\Documents\brocamb\Project 2\Tahtib Al Juhd\Backend\src\middleware\verify.token.middleware.ts:20:22
    at Layer.handle [as handle_request] (C:\Users\USER\node_modules\express\lib\router\layer.js:95:5)
    at trim_prefix (C:\Users\USER\node_modules\express\lib\router\index.js:328:13)
    at C:\Users\USER\node_modules\express\lib\router\index.js:286:9
2025-08-13 16:47:46 [[31merror[39m]: Error: Trainer not found
    at clientTrainerService.<anonymous> (C:\Users\USER\OneDrive\Documents\brocamb\Project 2\Tahtib Al Juhd\Backend\src\Services\client\client.trainer.service.ts:38:29)
    at Generator.next (<anonymous>)
    at fulfilled (C:\Users\USER\OneDrive\Documents\brocamb\Project 2\Tahtib Al Juhd\Backend\src\Services\client\client.trainer.service.ts:5:58)
    at processTicksAndRejections (node:internal/process/task_queues:105:5)
2025-08-13 16:50:18 [[31merror[39m]: Error: Trainer not found
    at clientTrainerService.<anonymous> (C:\Users\USER\OneDrive\Documents\brocamb\Project 2\Tahtib Al Juhd\Backend\src\Services\client\client.trainer.service.ts:36:29)
    at Generator.next (<anonymous>)
    at fulfilled (C:\Users\USER\OneDrive\Documents\brocamb\Project 2\Tahtib Al Juhd\Backend\src\Services\client\client.trainer.service.ts:5:58)
    at processTicksAndRejections (node:internal/process/task_queues:105:5)
2025-08-13 16:52:03 [[31merror[39m]: Error: Trainer not found
    at clientTrainerService.<anonymous> (C:\Users\USER\OneDrive\Documents\brocamb\Project 2\Tahtib Al Juhd\Backend\src\Services\client\client.trainer.service.ts:37:29)
    at Generator.next (<anonymous>)
    at fulfilled (C:\Users\USER\OneDrive\Documents\brocamb\Project 2\Tahtib Al Juhd\Backend\src\Services\client\client.trainer.service.ts:5:58)
    at processTicksAndRejections (node:internal/process/task_queues:105:5)
2025-08-13 16:54:44 [[31merror[39m]: TypeError: Cannot read properties of undefined (reading '_id')
    at clientTrainerService.<anonymous> (C:\Users\USER\OneDrive\Documents\brocamb\Project 2\Tahtib Al Juhd\Backend\src\Services\client\client.trainer.service.ts:43:22)
    at Generator.next (<anonymous>)
    at fulfilled (C:\Users\USER\OneDrive\Documents\brocamb\Project 2\Tahtib Al Juhd\Backend\src\Services\client\client.trainer.service.ts:5:58)
    at processTicksAndRejections (node:internal/process/task_queues:105:5)
2025-08-13 16:55:13 [[31merror[39m]: TypeError: Cannot read properties of undefined (reading 'id')
    at clientTrainerService.<anonymous> (C:\Users\USER\OneDrive\Documents\brocamb\Project 2\Tahtib Al Juhd\Backend\src\Services\client\client.trainer.service.ts:43:22)
    at Generator.next (<anonymous>)
    at fulfilled (C:\Users\USER\OneDrive\Documents\brocamb\Project 2\Tahtib Al Juhd\Backend\src\Services\client\client.trainer.service.ts:5:58)
    at processTicksAndRejections (node:internal/process/task_queues:105:5)
2025-08-13 16:55:55 [[31merror[39m]: TypeError: Cannot read properties of undefined (reading 'id')
    at clientTrainerService.<anonymous> (C:\Users\USER\OneDrive\Documents\brocamb\Project 2\Tahtib Al Juhd\Backend\src\Services\client\client.trainer.service.ts:45:22)
    at Generator.next (<anonymous>)
    at fulfilled (C:\Users\USER\OneDrive\Documents\brocamb\Project 2\Tahtib Al Juhd\Backend\src\Services\client\client.trainer.service.ts:5:58)
    at processTicksAndRejections (node:internal/process/task_queues:105:5)
2025-08-13 16:58:52 [[31merror[39m]: Error: Token expired
    at createHttpError (C:\Users\USER\OneDrive\Documents\brocamb\Project 2\Tahtib Al Juhd\Backend\src\utils\http-error.util.ts:12:12)
    at C:\Users\USER\OneDrive\Documents\brocamb\Project 2\Tahtib Al Juhd\Backend\src\middleware\verify.token.middleware.ts:45:26
    at Generator.next (<anonymous>)
    at C:\Users\USER\OneDrive\Documents\brocamb\Project 2\Tahtib Al Juhd\Backend\src\middleware\verify.token.middleware.ts:8:71
    at new Promise (<anonymous>)
    at __awaiter (C:\Users\USER\OneDrive\Documents\brocamb\Project 2\Tahtib Al Juhd\Backend\src\middleware\verify.token.middleware.ts:4:12)
    at C:\Users\USER\OneDrive\Documents\brocamb\Project 2\Tahtib Al Juhd\Backend\src\middleware\verify.token.middleware.ts:20:22
    at Layer.handle [as handle_request] (C:\Users\USER\node_modules\express\lib\router\layer.js:95:5)
    at trim_prefix (C:\Users\USER\node_modules\express\lib\router\index.js:328:13)
    at C:\Users\USER\node_modules\express\lib\router\index.js:286:9
2025-08-13 16:58:52 [[31merror[39m]: TypeError: Cannot read properties of undefined (reading 'id')
    at clientTrainerService.<anonymous> (C:\Users\USER\OneDrive\Documents\brocamb\Project 2\Tahtib Al Juhd\Backend\src\Services\client\client.trainer.service.ts:45:22)
    at Generator.next (<anonymous>)
    at fulfilled (C:\Users\USER\OneDrive\Documents\brocamb\Project 2\Tahtib Al Juhd\Backend\src\Services\client\client.trainer.service.ts:5:58)
    at processTicksAndRejections (node:internal/process/task_queues:105:5)
2025-08-13 16:59:43 [[31merror[39m]: TypeError: Cannot read properties of undefined (reading 'name')
    at clientTrainerService.<anonymous> (C:\Users\USER\OneDrive\Documents\brocamb\Project 2\Tahtib Al Juhd\Backend\src\Services\client\client.trainer.service.ts:46:24)
    at Generator.next (<anonymous>)
    at fulfilled (C:\Users\USER\OneDrive\Documents\brocamb\Project 2\Tahtib Al Juhd\Backend\src\Services\client\client.trainer.service.ts:5:58)
    at processTicksAndRejections (node:internal/process/task_queues:105:5)
2025-08-13 17:42:09 [[31merror[39m]: Error: Token expired
    at createHttpError (C:\Users\USER\OneDrive\Documents\brocamb\Project 2\Tahtib Al Juhd\Backend\src\utils\http-error.util.ts:12:12)
    at C:\Users\USER\OneDrive\Documents\brocamb\Project 2\Tahtib Al Juhd\Backend\src\middleware\verify.token.middleware.ts:45:26
    at Generator.next (<anonymous>)
    at C:\Users\USER\OneDrive\Documents\brocamb\Project 2\Tahtib Al Juhd\Backend\src\middleware\verify.token.middleware.ts:8:71
    at new Promise (<anonymous>)
    at __awaiter (C:\Users\USER\OneDrive\Documents\brocamb\Project 2\Tahtib Al Juhd\Backend\src\middleware\verify.token.middleware.ts:4:12)
    at C:\Users\USER\OneDrive\Documents\brocamb\Project 2\Tahtib Al Juhd\Backend\src\middleware\verify.token.middleware.ts:20:22
    at Layer.handle [as handle_request] (C:\Users\USER\node_modules\express\lib\router\layer.js:95:5)
    at trim_prefix (C:\Users\USER\node_modules\express\lib\router\index.js:328:13)
    at C:\Users\USER\node_modules\express\lib\router\index.js:286:9
2025-08-13 17:42:09 [[31merror[39m]: TypeError: Cannot read properties of undefined (reading 'name')
    at clientTrainerService.<anonymous> (C:\Users\USER\OneDrive\Documents\brocamb\Project 2\Tahtib Al Juhd\Backend\src\Services\client\client.trainer.service.ts:46:24)
    at Generator.next (<anonymous>)
    at fulfilled (C:\Users\USER\OneDrive\Documents\brocamb\Project 2\Tahtib Al Juhd\Backend\src\Services\client\client.trainer.service.ts:5:58)
    at processTicksAndRejections (node:internal/process/task_queues:105:5)
2025-08-13 17:42:13 [[31merror[39m]: TypeError: Cannot read properties of undefined (reading 'name')
    at clientTrainerService.<anonymous> (C:\Users\USER\OneDrive\Documents\brocamb\Project 2\Tahtib Al Juhd\Backend\src\Services\client\client.trainer.service.ts:46:24)
    at Generator.next (<anonymous>)
    at fulfilled (C:\Users\USER\OneDrive\Documents\brocamb\Project 2\Tahtib Al Juhd\Backend\src\Services\client\client.trainer.service.ts:5:58)
    at processTicksAndRejections (node:internal/process/task_queues:105:5)
2025-08-13 17:42:16 [[31merror[39m]: TypeError: Cannot read properties of undefined (reading 'name')
    at clientTrainerService.<anonymous> (C:\Users\USER\OneDrive\Documents\brocamb\Project 2\Tahtib Al Juhd\Backend\src\Services\client\client.trainer.service.ts:46:24)
    at Generator.next (<anonymous>)
    at fulfilled (C:\Users\USER\OneDrive\Documents\brocamb\Project 2\Tahtib Al Juhd\Backend\src\Services\client\client.trainer.service.ts:5:58)
    at processTicksAndRejections (node:internal/process/task_queues:105:5)
2025-08-13 17:47:28 [[31merror[39m]: TypeError: Cannot read properties of undefined (reading '0')
    at clientTrainerService.<anonymous> (C:\Users\USER\OneDrive\Documents\brocamb\Project 2\Tahtib Al Juhd\Backend\src\Services\client\client.trainer.service.ts:47:67)
    at Generator.next (<anonymous>)
    at fulfilled (C:\Users\USER\OneDrive\Documents\brocamb\Project 2\Tahtib Al Juhd\Backend\src\Services\client\client.trainer.service.ts:5:58)
    at processTicksAndRejections (node:internal/process/task_queues:105:5)
2025-08-13 17:57:11 [[31merror[39m]: Error: Token expired
    at createHttpError (C:\Users\USER\OneDrive\Documents\brocamb\Project 2\Tahtib Al Juhd\Backend\src\utils\http-error.util.ts:12:12)
    at C:\Users\USER\OneDrive\Documents\brocamb\Project 2\Tahtib Al Juhd\Backend\src\middleware\verify.token.middleware.ts:45:26
    at Generator.next (<anonymous>)
    at C:\Users\USER\OneDrive\Documents\brocamb\Project 2\Tahtib Al Juhd\Backend\src\middleware\verify.token.middleware.ts:8:71
    at new Promise (<anonymous>)
    at __awaiter (C:\Users\USER\OneDrive\Documents\brocamb\Project 2\Tahtib Al Juhd\Backend\src\middleware\verify.token.middleware.ts:4:12)
    at C:\Users\USER\OneDrive\Documents\brocamb\Project 2\Tahtib Al Juhd\Backend\src\middleware\verify.token.middleware.ts:20:22
    at Layer.handle [as handle_request] (C:\Users\USER\node_modules\express\lib\router\layer.js:95:5)
    at trim_prefix (C:\Users\USER\node_modules\express\lib\router\index.js:328:13)
    at C:\Users\USER\node_modules\express\lib\router\index.js:286:9
2025-08-13 19:36:47 [[31merror[39m]: Error: Token expired
    at createHttpError (C:\Users\USER\OneDrive\Documents\brocamb\Project 2\Tahtib Al Juhd\Backend\src\utils\http-error.util.ts:12:12)
    at C:\Users\USER\OneDrive\Documents\brocamb\Project 2\Tahtib Al Juhd\Backend\src\middleware\verify.token.middleware.ts:45:26
    at Generator.next (<anonymous>)
    at C:\Users\USER\OneDrive\Documents\brocamb\Project 2\Tahtib Al Juhd\Backend\src\middleware\verify.token.middleware.ts:8:71
    at new Promise (<anonymous>)
    at __awaiter (C:\Users\USER\OneDrive\Documents\brocamb\Project 2\Tahtib Al Juhd\Backend\src\middleware\verify.token.middleware.ts:4:12)
    at C:\Users\USER\OneDrive\Documents\brocamb\Project 2\Tahtib Al Juhd\Backend\src\middleware\verify.token.middleware.ts:20:22
    at Layer.handle [as handle_request] (C:\Users\USER\node_modules\express\lib\router\layer.js:95:5)
    at trim_prefix (C:\Users\USER\node_modules\express\lib\router\index.js:328:13)
    at C:\Users\USER\node_modules\express\lib\router\index.js:286:9
2025-08-13 19:36:47 [[31merror[39m]: BSONError: input must be a 24 character hex string, 12 byte Uint8Array, or an integer
    at new ObjectId (C:\Users\USER\node_modules\bson\src\objectid.ts:120:15)
    at clientTrainerService.<anonymous> (C:\Users\USER\OneDrive\Documents\brocamb\Project 2\Tahtib Al Juhd\Backend\src\Services\client\client.trainer.service.ts:36:53)
    at Generator.next (<anonymous>)
    at C:\Users\USER\OneDrive\Documents\brocamb\Project 2\Tahtib Al Juhd\Backend\src\Services\client\client.trainer.service.ts:8:71
    at new Promise (<anonymous>)
    at __awaiter (C:\Users\USER\OneDrive\Documents\brocamb\Project 2\Tahtib Al Juhd\Backend\src\Services\client\client.trainer.service.ts:4:12)
    at clientTrainerService.getTrainerById (C:\Users\USER\OneDrive\Documents\brocamb\Project 2\Tahtib Al Juhd\Backend\src\Services\client\client.trainer.service.ts:38:16)
    at ClientTrainerController.<anonymous> (C:\Users\USER\OneDrive\Documents\brocamb\Project 2\Tahtib Al Juhd\Backend\src\Controller\client\Client.Trainer.Controller.ts:31:63)
    at Generator.next (<anonymous>)
    at C:\Users\USER\OneDrive\Documents\brocamb\Project 2\Tahtib Al Juhd\Backend\src\Controller\client\Client.Trainer.Controller.ts:8:71
2025-08-13 19:37:09 [[31merror[39m]: BSONError: input must be a 24 character hex string, 12 byte Uint8Array, or an integer
    at new ObjectId (C:\Users\USER\node_modules\bson\src\objectid.ts:120:15)
    at clientTrainerService.<anonymous> (C:\Users\USER\OneDrive\Documents\brocamb\Project 2\Tahtib Al Juhd\Backend\src\Services\client\client.trainer.service.ts:36:53)
    at Generator.next (<anonymous>)
    at C:\Users\USER\OneDrive\Documents\brocamb\Project 2\Tahtib Al Juhd\Backend\src\Services\client\client.trainer.service.ts:8:71
    at new Promise (<anonymous>)
    at __awaiter (C:\Users\USER\OneDrive\Documents\brocamb\Project 2\Tahtib Al Juhd\Backend\src\Services\client\client.trainer.service.ts:4:12)
    at clientTrainerService.getTrainerById (C:\Users\USER\OneDrive\Documents\brocamb\Project 2\Tahtib Al Juhd\Backend\src\Services\client\client.trainer.service.ts:38:16)
    at ClientTrainerController.<anonymous> (C:\Users\USER\OneDrive\Documents\brocamb\Project 2\Tahtib Al Juhd\Backend\src\Controller\client\Client.Trainer.Controller.ts:31:63)
    at Generator.next (<anonymous>)
    at C:\Users\USER\OneDrive\Documents\brocamb\Project 2\Tahtib Al Juhd\Backend\src\Controller\client\Client.Trainer.Controller.ts:8:71
2025-08-13 19:38:51 [[31merror[39m]: BSONError: input must be a 24 character hex string, 12 byte Uint8Array, or an integer
    at new ObjectId (C:\Users\USER\node_modules\bson\src\objectid.ts:120:15)
    at clientTrainerService.<anonymous> (C:\Users\USER\OneDrive\Documents\brocamb\Project 2\Tahtib Al Juhd\Backend\src\Services\client\client.trainer.service.ts:36:53)
    at Generator.next (<anonymous>)
    at C:\Users\USER\OneDrive\Documents\brocamb\Project 2\Tahtib Al Juhd\Backend\src\Services\client\client.trainer.service.ts:8:71
    at new Promise (<anonymous>)
    at __awaiter (C:\Users\USER\OneDrive\Documents\brocamb\Project 2\Tahtib Al Juhd\Backend\src\Services\client\client.trainer.service.ts:4:12)
    at clientTrainerService.getTrainerById (C:\Users\USER\OneDrive\Documents\brocamb\Project 2\Tahtib Al Juhd\Backend\src\Services\client\client.trainer.service.ts:38:16)
    at ClientTrainerController.<anonymous> (C:\Users\USER\OneDrive\Documents\brocamb\Project 2\Tahtib Al Juhd\Backend\src\Controller\client\Client.Trainer.Controller.ts:31:63)
    at Generator.next (<anonymous>)
    at C:\Users\USER\OneDrive\Documents\brocamb\Project 2\Tahtib Al Juhd\Backend\src\Controller\client\Client.Trainer.Controller.ts:8:71
2025-08-13 19:38:59 [[31merror[39m]: BSONError: input must be a 24 character hex string, 12 byte Uint8Array, or an integer
    at new ObjectId (C:\Users\USER\node_modules\bson\src\objectid.ts:120:15)
    at clientTrainerService.<anonymous> (C:\Users\USER\OneDrive\Documents\brocamb\Project 2\Tahtib Al Juhd\Backend\src\Services\client\client.trainer.service.ts:36:53)
    at Generator.next (<anonymous>)
    at C:\Users\USER\OneDrive\Documents\brocamb\Project 2\Tahtib Al Juhd\Backend\src\Services\client\client.trainer.service.ts:8:71
    at new Promise (<anonymous>)
    at __awaiter (C:\Users\USER\OneDrive\Documents\brocamb\Project 2\Tahtib Al Juhd\Backend\src\Services\client\client.trainer.service.ts:4:12)
    at clientTrainerService.getTrainerById (C:\Users\USER\OneDrive\Documents\brocamb\Project 2\Tahtib Al Juhd\Backend\src\Services\client\client.trainer.service.ts:38:16)
    at ClientTrainerController.<anonymous> (C:\Users\USER\OneDrive\Documents\brocamb\Project 2\Tahtib Al Juhd\Backend\src\Controller\client\Client.Trainer.Controller.ts:31:63)
    at Generator.next (<anonymous>)
    at C:\Users\USER\OneDrive\Documents\brocamb\Project 2\Tahtib Al Juhd\Backend\src\Controller\client\Client.Trainer.Controller.ts:8:71
2025-08-13 19:39:00 [[31merror[39m]: BSONError: input must be a 24 character hex string, 12 byte Uint8Array, or an integer
    at new ObjectId (C:\Users\USER\node_modules\bson\src\objectid.ts:120:15)
    at clientTrainerService.<anonymous> (C:\Users\USER\OneDrive\Documents\brocamb\Project 2\Tahtib Al Juhd\Backend\src\Services\client\client.trainer.service.ts:36:53)
    at Generator.next (<anonymous>)
    at C:\Users\USER\OneDrive\Documents\brocamb\Project 2\Tahtib Al Juhd\Backend\src\Services\client\client.trainer.service.ts:8:71
    at new Promise (<anonymous>)
    at __awaiter (C:\Users\USER\OneDrive\Documents\brocamb\Project 2\Tahtib Al Juhd\Backend\src\Services\client\client.trainer.service.ts:4:12)
    at clientTrainerService.getTrainerById (C:\Users\USER\OneDrive\Documents\brocamb\Project 2\Tahtib Al Juhd\Backend\src\Services\client\client.trainer.service.ts:38:16)
    at ClientTrainerController.<anonymous> (C:\Users\USER\OneDrive\Documents\brocamb\Project 2\Tahtib Al Juhd\Backend\src\Controller\client\Client.Trainer.Controller.ts:31:63)
    at Generator.next (<anonymous>)
    at C:\Users\USER\OneDrive\Documents\brocamb\Project 2\Tahtib Al Juhd\Backend\src\Controller\client\Client.Trainer.Controller.ts:8:71
2025-08-13 19:39:02 [[31merror[39m]: BSONError: input must be a 24 character hex string, 12 byte Uint8Array, or an integer
    at new ObjectId (C:\Users\USER\node_modules\bson\src\objectid.ts:120:15)
    at clientTrainerService.<anonymous> (C:\Users\USER\OneDrive\Documents\brocamb\Project 2\Tahtib Al Juhd\Backend\src\Services\client\client.trainer.service.ts:36:53)
    at Generator.next (<anonymous>)
    at C:\Users\USER\OneDrive\Documents\brocamb\Project 2\Tahtib Al Juhd\Backend\src\Services\client\client.trainer.service.ts:8:71
    at new Promise (<anonymous>)
    at __awaiter (C:\Users\USER\OneDrive\Documents\brocamb\Project 2\Tahtib Al Juhd\Backend\src\Services\client\client.trainer.service.ts:4:12)
    at clientTrainerService.getTrainerById (C:\Users\USER\OneDrive\Documents\brocamb\Project 2\Tahtib Al Juhd\Backend\src\Services\client\client.trainer.service.ts:38:16)
    at ClientTrainerController.<anonymous> (C:\Users\USER\OneDrive\Documents\brocamb\Project 2\Tahtib Al Juhd\Backend\src\Controller\client\Client.Trainer.Controller.ts:31:63)
    at Generator.next (<anonymous>)
    at C:\Users\USER\OneDrive\Documents\brocamb\Project 2\Tahtib Al Juhd\Backend\src\Controller\client\Client.Trainer.Controller.ts:8:71
2025-08-13 19:39:03 [[31merror[39m]: BSONError: input must be a 24 character hex string, 12 byte Uint8Array, or an integer
    at new ObjectId (C:\Users\USER\node_modules\bson\src\objectid.ts:120:15)
    at clientTrainerService.<anonymous> (C:\Users\USER\OneDrive\Documents\brocamb\Project 2\Tahtib Al Juhd\Backend\src\Services\client\client.trainer.service.ts:36:53)
    at Generator.next (<anonymous>)
    at C:\Users\USER\OneDrive\Documents\brocamb\Project 2\Tahtib Al Juhd\Backend\src\Services\client\client.trainer.service.ts:8:71
    at new Promise (<anonymous>)
    at __awaiter (C:\Users\USER\OneDrive\Documents\brocamb\Project 2\Tahtib Al Juhd\Backend\src\Services\client\client.trainer.service.ts:4:12)
    at clientTrainerService.getTrainerById (C:\Users\USER\OneDrive\Documents\brocamb\Project 2\Tahtib Al Juhd\Backend\src\Services\client\client.trainer.service.ts:38:16)
    at ClientTrainerController.<anonymous> (C:\Users\USER\OneDrive\Documents\brocamb\Project 2\Tahtib Al Juhd\Backend\src\Controller\client\Client.Trainer.Controller.ts:31:63)
    at Generator.next (<anonymous>)
    at C:\Users\USER\OneDrive\Documents\brocamb\Project 2\Tahtib Al Juhd\Backend\src\Controller\client\Client.Trainer.Controller.ts:8:71
2025-08-13 19:39:06 [[31merror[39m]: BSONError: input must be a 24 character hex string, 12 byte Uint8Array, or an integer
    at new ObjectId (C:\Users\USER\node_modules\bson\src\objectid.ts:120:15)
    at clientTrainerService.<anonymous> (C:\Users\USER\OneDrive\Documents\brocamb\Project 2\Tahtib Al Juhd\Backend\src\Services\client\client.trainer.service.ts:36:53)
    at Generator.next (<anonymous>)
    at C:\Users\USER\OneDrive\Documents\brocamb\Project 2\Tahtib Al Juhd\Backend\src\Services\client\client.trainer.service.ts:8:71
    at new Promise (<anonymous>)
    at __awaiter (C:\Users\USER\OneDrive\Documents\brocamb\Project 2\Tahtib Al Juhd\Backend\src\Services\client\client.trainer.service.ts:4:12)
    at clientTrainerService.getTrainerById (C:\Users\USER\OneDrive\Documents\brocamb\Project 2\Tahtib Al Juhd\Backend\src\Services\client\client.trainer.service.ts:38:16)
    at ClientTrainerController.<anonymous> (C:\Users\USER\OneDrive\Documents\brocamb\Project 2\Tahtib Al Juhd\Backend\src\Controller\client\Client.Trainer.Controller.ts:31:63)
    at Generator.next (<anonymous>)
    at C:\Users\USER\OneDrive\Documents\brocamb\Project 2\Tahtib Al Juhd\Backend\src\Controller\client\Client.Trainer.Controller.ts:8:71
2025-08-13 19:39:12 [[31merror[39m]: BSONError: input must be a 24 character hex string, 12 byte Uint8Array, or an integer
    at new ObjectId (C:\Users\USER\node_modules\bson\src\objectid.ts:120:15)
    at clientTrainerService.<anonymous> (C:\Users\USER\OneDrive\Documents\brocamb\Project 2\Tahtib Al Juhd\Backend\src\Services\client\client.trainer.service.ts:36:53)
    at Generator.next (<anonymous>)
    at C:\Users\USER\OneDrive\Documents\brocamb\Project 2\Tahtib Al Juhd\Backend\src\Services\client\client.trainer.service.ts:8:71
    at new Promise (<anonymous>)
    at __awaiter (C:\Users\USER\OneDrive\Documents\brocamb\Project 2\Tahtib Al Juhd\Backend\src\Services\client\client.trainer.service.ts:4:12)
    at clientTrainerService.getTrainerById (C:\Users\USER\OneDrive\Documents\brocamb\Project 2\Tahtib Al Juhd\Backend\src\Services\client\client.trainer.service.ts:38:16)
    at ClientTrainerController.<anonymous> (C:\Users\USER\OneDrive\Documents\brocamb\Project 2\Tahtib Al Juhd\Backend\src\Controller\client\Client.Trainer.Controller.ts:31:63)
    at Generator.next (<anonymous>)
    at C:\Users\USER\OneDrive\Documents\brocamb\Project 2\Tahtib Al Juhd\Backend\src\Controller\client\Client.Trainer.Controller.ts:8:71
2025-08-13 20:06:27 [[31merror[39m]: Error: Invalid token version
    at createHttpError (C:\Users\USER\OneDrive\Documents\brocamb\Project 2\Tahtib Al Juhd\Backend\src\utils\http-error.util.ts:12:12)
    at AuthService.<anonymous> (C:\Users\USER\OneDrive\Documents\brocamb\Project 2\Tahtib Al Juhd\Backend\src\Services\auth\auth.service.ts:322:28)
    at Generator.next (<anonymous>)
    at fulfilled (C:\Users\USER\OneDrive\Documents\brocamb\Project 2\Tahtib Al Juhd\Backend\src\Services\auth\auth.service.ts:5:58)
    at processTicksAndRejections (node:internal/process/task_queues:105:5)
2025-08-13 20:06:27 [[31merror[39m]: Error: Token not provided
    at createHttpError (C:\Users\USER\OneDrive\Documents\brocamb\Project 2\Tahtib Al Juhd\Backend\src\utils\http-error.util.ts:12:12)
    at C:\Users\USER\OneDrive\Documents\brocamb\Project 2\Tahtib Al Juhd\Backend\src\middleware\verify.token.middleware.ts:28:24
    at Generator.next (<anonymous>)
    at C:\Users\USER\OneDrive\Documents\brocamb\Project 2\Tahtib Al Juhd\Backend\src\middleware\verify.token.middleware.ts:8:71
    at new Promise (<anonymous>)
    at __awaiter (C:\Users\USER\OneDrive\Documents\brocamb\Project 2\Tahtib Al Juhd\Backend\src\middleware\verify.token.middleware.ts:4:12)
    at C:\Users\USER\OneDrive\Documents\brocamb\Project 2\Tahtib Al Juhd\Backend\src\middleware\verify.token.middleware.ts:20:22
    at Layer.handle [as handle_request] (C:\Users\USER\node_modules\express\lib\router\layer.js:95:5)
    at trim_prefix (C:\Users\USER\node_modules\express\lib\router\index.js:328:13)
    at C:\Users\USER\node_modules\express\lib\router\index.js:286:9
2025-08-13 20:06:27 [[31merror[39m]: Error: Refresh token not found
    at createHttpError (C:\Users\USER\OneDrive\Documents\brocamb\Project 2\Tahtib Al Juhd\Backend\src\utils\http-error.util.ts:12:12)
    at AuthController.<anonymous> (C:\Users\USER\OneDrive\Documents\brocamb\Project 2\Tahtib Al Juhd\Backend\src\Controller\auth\auth.controller.ts:189:30)
    at Generator.next (<anonymous>)
    at C:\Users\USER\OneDrive\Documents\brocamb\Project 2\Tahtib Al Juhd\Backend\src\Controller\auth\auth.controller.ts:8:71
    at new Promise (<anonymous>)
    at __awaiter (C:\Users\USER\OneDrive\Documents\brocamb\Project 2\Tahtib Al Juhd\Backend\src\Controller\auth\auth.controller.ts:4:12)
    at AuthController.refreshToken (C:\Users\USER\OneDrive\Documents\brocamb\Project 2\Tahtib Al Juhd\Backend\src\Controller\auth\auth.controller.ts:163:16)
    at Layer.handle [as handle_request] (C:\Users\USER\node_modules\express\lib\router\layer.js:95:5)
    at next (C:\Users\USER\node_modules\express\lib\router\route.js:149:13)
    at Route.dispatch (C:\Users\USER\node_modules\express\lib\router\route.js:119:3)
2025-08-13 20:07:52 [[31merror[39m]: Error: Invalid token version
    at createHttpError (C:\Users\USER\OneDrive\Documents\brocamb\Project 2\Tahtib Al Juhd\Backend\src\utils\http-error.util.ts:12:12)
    at AuthService.<anonymous> (C:\Users\USER\OneDrive\Documents\brocamb\Project 2\Tahtib Al Juhd\Backend\src\Services\auth\auth.service.ts:322:28)
    at Generator.next (<anonymous>)
    at fulfilled (C:\Users\USER\OneDrive\Documents\brocamb\Project 2\Tahtib Al Juhd\Backend\src\Services\auth\auth.service.ts:5:58)
    at processTicksAndRejections (node:internal/process/task_queues:105:5)
2025-08-13 20:07:55 [[31merror[39m]: Error: Invalid token version
    at createHttpError (C:\Users\USER\OneDrive\Documents\brocamb\Project 2\Tahtib Al Juhd\Backend\src\utils\http-error.util.ts:12:12)
    at AuthService.<anonymous> (C:\Users\USER\OneDrive\Documents\brocamb\Project 2\Tahtib Al Juhd\Backend\src\Services\auth\auth.service.ts:322:28)
    at Generator.next (<anonymous>)
    at fulfilled (C:\Users\USER\OneDrive\Documents\brocamb\Project 2\Tahtib Al Juhd\Backend\src\Services\auth\auth.service.ts:5:58)
    at processTicksAndRejections (node:internal/process/task_queues:105:5)
2025-08-13 20:10:34 [[31merror[39m]: Error: Invalid token version
    at createHttpError (C:\Users\USER\OneDrive\Documents\brocamb\Project 2\Tahtib Al Juhd\Backend\src\utils\http-error.util.ts:12:12)
    at AuthService.<anonymous> (C:\Users\USER\OneDrive\Documents\brocamb\Project 2\Tahtib Al Juhd\Backend\src\Services\auth\auth.service.ts:322:28)
    at Generator.next (<anonymous>)
    at fulfilled (C:\Users\USER\OneDrive\Documents\brocamb\Project 2\Tahtib Al Juhd\Backend\src\Services\auth\auth.service.ts:5:58)
    at processTicksAndRejections (node:internal/process/task_queues:105:5)
2025-08-13 20:41:42 [[31merror[39m]: Error: Token expired
    at createHttpError (C:\Users\USER\OneDrive\Documents\brocamb\Project 2\Tahtib Al Juhd\Backend\src\utils\http-error.util.ts:12:12)
    at C:\Users\USER\OneDrive\Documents\brocamb\Project 2\Tahtib Al Juhd\Backend\src\middleware\verify.token.middleware.ts:45:26
    at Generator.next (<anonymous>)
    at C:\Users\USER\OneDrive\Documents\brocamb\Project 2\Tahtib Al Juhd\Backend\src\middleware\verify.token.middleware.ts:8:71
    at new Promise (<anonymous>)
    at __awaiter (C:\Users\USER\OneDrive\Documents\brocamb\Project 2\Tahtib Al Juhd\Backend\src\middleware\verify.token.middleware.ts:4:12)
    at C:\Users\USER\OneDrive\Documents\brocamb\Project 2\Tahtib Al Juhd\Backend\src\middleware\verify.token.middleware.ts:20:22
    at Layer.handle [as handle_request] (C:\Users\USER\node_modules\express\lib\router\layer.js:95:5)
    at trim_prefix (C:\Users\USER\node_modules\express\lib\router\index.js:328:13)
    at C:\Users\USER\node_modules\express\lib\router\index.js:286:9
2025-08-13 22:31:21 [[31merror[39m]: TypeError: Cannot read properties of undefined (reading '_bookingService')
    at C:\Users\USER\OneDrive\Documents\brocamb\Project 2\Tahtib Al Juhd\Backend\src\Controller\domain\Booking.controller.ts:14:35
    at Generator.next (<anonymous>)
    at C:\Users\USER\OneDrive\Documents\brocamb\Project 2\Tahtib Al Juhd\Backend\src\Controller\domain\Booking.controller.ts:8:71
    at new Promise (<anonymous>)
    at __awaiter (C:\Users\USER\OneDrive\Documents\brocamb\Project 2\Tahtib Al Juhd\Backend\src\Controller\domain\Booking.controller.ts:4:12)
    at purchasePlan (C:\Users\USER\OneDrive\Documents\brocamb\Project 2\Tahtib Al Juhd\Backend\src\Controller\domain\Booking.controller.ts:19:16)
    at Layer.handle [as handle_request] (C:\Users\USER\node_modules\express\lib\router\layer.js:95:5)
    at next (C:\Users\USER\node_modules\express\lib\router\route.js:149:13)
    at Route.dispatch (C:\Users\USER\node_modules\express\lib\router\route.js:119:3)
    at Layer.handle [as handle_request] (C:\Users\USER\node_modules\express\lib\router\layer.js:95:5)
2025-08-13 22:32:43 [[31merror[39m]: TypeError: Cannot read properties of undefined (reading '_bookingService')
    at C:\Users\USER\OneDrive\Documents\brocamb\Project 2\Tahtib Al Juhd\Backend\src\Controller\domain\Booking.controller.ts:15:35
    at Generator.next (<anonymous>)
    at C:\Users\USER\OneDrive\Documents\brocamb\Project 2\Tahtib Al Juhd\Backend\src\Controller\domain\Booking.controller.ts:8:71
    at new Promise (<anonymous>)
    at __awaiter (C:\Users\USER\OneDrive\Documents\brocamb\Project 2\Tahtib Al Juhd\Backend\src\Controller\domain\Booking.controller.ts:4:12)
    at purchasePlan (C:\Users\USER\OneDrive\Documents\brocamb\Project 2\Tahtib Al Juhd\Backend\src\Controller\domain\Booking.controller.ts:19:16)
    at Layer.handle [as handle_request] (C:\Users\USER\node_modules\express\lib\router\layer.js:95:5)
    at next (C:\Users\USER\node_modules\express\lib\router\route.js:149:13)
    at Route.dispatch (C:\Users\USER\node_modules\express\lib\router\route.js:119:3)
    at Layer.handle [as handle_request] (C:\Users\USER\node_modules\express\lib\router\layer.js:95:5)
2025-08-13 22:59:33 [[31merror[39m]: TypeError: Cannot read properties of null (reading 'personalizationId')
    at clientTrainerService.<anonymous> (C:\Users\USER\OneDrive\Documents\brocamb\Project 2\Tahtib Al Juhd\Backend\src\Services\client\client.trainer.service.ts:36:76)
    at Generator.next (<anonymous>)
    at fulfilled (C:\Users\USER\OneDrive\Documents\brocamb\Project 2\Tahtib Al Juhd\Backend\src\Services\client\client.trainer.service.ts:5:58)
    at processTicksAndRejections (node:internal/process/task_queues:105:5)
2025-08-13 23:01:13 [[31merror[39m]: TypeError: Cannot read properties of null (reading 'personalizationId')
    at clientTrainerService.<anonymous> (C:\Users\USER\OneDrive\Documents\brocamb\Project 2\Tahtib Al Juhd\Backend\src\Services\client\client.trainer.service.ts:36:76)
    at Generator.next (<anonymous>)
    at fulfilled (C:\Users\USER\OneDrive\Documents\brocamb\Project 2\Tahtib Al Juhd\Backend\src\Services\client\client.trainer.service.ts:5:58)
    at processTicksAndRejections (node:internal/process/task_queues:105:5)
2025-08-13 23:01:59 [[31merror[39m]: TypeError: Cannot read properties of undefined (reading 'data')
    at Function.<anonymous> (C:\Users\USER\OneDrive\Documents\brocamb\Project 2\Tahtib Al Juhd\Backend\src\dtos\client\TrainerDTO.ts:15:26)
    at Generator.next (<anonymous>)
    at C:\Users\USER\OneDrive\Documents\brocamb\Project 2\Tahtib Al Juhd\Backend\src\dtos\client\TrainerDTO.ts:8:71
    at new Promise (<anonymous>)
    at __awaiter (C:\Users\USER\OneDrive\Documents\brocamb\Project 2\Tahtib Al Juhd\Backend\src\dtos\client\TrainerDTO.ts:4:12)
    at Function.mapToTrainerData (C:\Users\USER\OneDrive\Documents\brocamb\Project 2\Tahtib Al Juhd\Backend\src\dtos\client\TrainerDTO.ts:17:16)
    at clientTrainerService.<anonymous> (C:\Users\USER\OneDrive\Documents\brocamb\Project 2\Tahtib Al Juhd\Backend\src\Services\client\client.trainer.service.ts:68:33)
    at Generator.next (<anonymous>)
    at fulfilled (C:\Users\USER\OneDrive\Documents\brocamb\Project 2\Tahtib Al Juhd\Backend\src\Services\client\client.trainer.service.ts:5:58)
    at processTicksAndRejections (node:internal/process/task_queues:105:5)
2025-08-13 23:05:04 [[31merror[39m]: TypeError: Cannot read properties of undefined (reading '_id')
    at Function.<anonymous> (C:\Users\USER\OneDrive\Documents\brocamb\Project 2\Tahtib Al Juhd\Backend\src\dtos\client\TrainerDTO.ts:18:22)
    at Generator.next (<anonymous>)
    at C:\Users\USER\OneDrive\Documents\brocamb\Project 2\Tahtib Al Juhd\Backend\src\dtos\client\TrainerDTO.ts:8:71
    at new Promise (<anonymous>)
    at __awaiter (C:\Users\USER\OneDrive\Documents\brocamb\Project 2\Tahtib Al Juhd\Backend\src\dtos\client\TrainerDTO.ts:4:12)
    at Function.mapToTrainerData (C:\Users\USER\OneDrive\Documents\brocamb\Project 2\Tahtib Al Juhd\Backend\src\dtos\client\TrainerDTO.ts:17:16)
    at clientTrainerService.<anonymous> (C:\Users\USER\OneDrive\Documents\brocamb\Project 2\Tahtib Al Juhd\Backend\src\Services\client\client.trainer.service.ts:69:33)
    at Generator.next (<anonymous>)
    at fulfilled (C:\Users\USER\OneDrive\Documents\brocamb\Project 2\Tahtib Al Juhd\Backend\src\Services\client\client.trainer.service.ts:5:58)
    at processTicksAndRejections (node:internal/process/task_queues:105:5)
2025-08-13 23:10:19 [[31merror[39m]: Error: Token expired
    at createHttpError (C:\Users\USER\OneDrive\Documents\brocamb\Project 2\Tahtib Al Juhd\Backend\src\utils\http-error.util.ts:12:12)
    at C:\Users\USER\OneDrive\Documents\brocamb\Project 2\Tahtib Al Juhd\Backend\src\middleware\verify.token.middleware.ts:45:26
    at Generator.next (<anonymous>)
    at C:\Users\USER\OneDrive\Documents\brocamb\Project 2\Tahtib Al Juhd\Backend\src\middleware\verify.token.middleware.ts:8:71
    at new Promise (<anonymous>)
    at __awaiter (C:\Users\USER\OneDrive\Documents\brocamb\Project 2\Tahtib Al Juhd\Backend\src\middleware\verify.token.middleware.ts:4:12)
    at C:\Users\USER\OneDrive\Documents\brocamb\Project 2\Tahtib Al Juhd\Backend\src\middleware\verify.token.middleware.ts:20:22
    at Layer.handle [as handle_request] (C:\Users\USER\node_modules\express\lib\router\layer.js:95:5)
    at trim_prefix (C:\Users\USER\node_modules\express\lib\router\index.js:328:13)
    at C:\Users\USER\node_modules\express\lib\router\index.js:286:9
2025-08-13 23:10:19 [[31merror[39m]: Error: Token expired
    at createHttpError (C:\Users\USER\OneDrive\Documents\brocamb\Project 2\Tahtib Al Juhd\Backend\src\utils\http-error.util.ts:12:12)
    at C:\Users\USER\OneDrive\Documents\brocamb\Project 2\Tahtib Al Juhd\Backend\src\middleware\verify.token.middleware.ts:45:26
    at Generator.next (<anonymous>)
    at C:\Users\USER\OneDrive\Documents\brocamb\Project 2\Tahtib Al Juhd\Backend\src\middleware\verify.token.middleware.ts:8:71
    at new Promise (<anonymous>)
    at __awaiter (C:\Users\USER\OneDrive\Documents\brocamb\Project 2\Tahtib Al Juhd\Backend\src\middleware\verify.token.middleware.ts:4:12)
    at C:\Users\USER\OneDrive\Documents\brocamb\Project 2\Tahtib Al Juhd\Backend\src\middleware\verify.token.middleware.ts:20:22
    at Layer.handle [as handle_request] (C:\Users\USER\node_modules\express\lib\router\layer.js:95:5)
    at trim_prefix (C:\Users\USER\node_modules\express\lib\router\index.js:328:13)
    at C:\Users\USER\node_modules\express\lib\router\index.js:286:9
2025-08-13 23:56:11 [[31merror[39m]: Error: Invalid token version
    at createHttpError (C:\Users\USER\OneDrive\Documents\brocamb\Project 2\Tahtib Al Juhd\Backend\src\utils\http-error.util.ts:12:12)
    at AuthService.<anonymous> (C:\Users\USER\OneDrive\Documents\brocamb\Project 2\Tahtib Al Juhd\Backend\src\Services\auth\auth.service.ts:322:28)
    at Generator.next (<anonymous>)
    at fulfilled (C:\Users\USER\OneDrive\Documents\brocamb\Project 2\Tahtib Al Juhd\Backend\src\Services\auth\auth.service.ts:5:58)
    at processTicksAndRejections (node:internal/process/task_queues:105:5)
2025-08-13 23:58:14 [[31merror[39m]: Error: Invalid token version
    at createHttpError (C:\Users\USER\OneDrive\Documents\brocamb\Project 2\Tahtib Al Juhd\Backend\src\utils\http-error.util.ts:12:12)
    at AuthService.<anonymous> (C:\Users\USER\OneDrive\Documents\brocamb\Project 2\Tahtib Al Juhd\Backend\src\Services\auth\auth.service.ts:322:28)
    at Generator.next (<anonymous>)
    at fulfilled (C:\Users\USER\OneDrive\Documents\brocamb\Project 2\Tahtib Al Juhd\Backend\src\Services\auth\auth.service.ts:5:58)
    at processTicksAndRejections (node:internal/process/task_queues:105:5)
2025-08-14 00:15:32 [[31merror[39m]: Error: Token expired
    at createHttpError (C:\Users\USER\OneDrive\Documents\brocamb\Project 2\Tahtib Al Juhd\Backend\src\utils\http-error.util.ts:12:12)
    at C:\Users\USER\OneDrive\Documents\brocamb\Project 2\Tahtib Al Juhd\Backend\src\middleware\verify.token.middleware.ts:45:26
    at Generator.next (<anonymous>)
    at C:\Users\USER\OneDrive\Documents\brocamb\Project 2\Tahtib Al Juhd\Backend\src\middleware\verify.token.middleware.ts:8:71
    at new Promise (<anonymous>)
    at __awaiter (C:\Users\USER\OneDrive\Documents\brocamb\Project 2\Tahtib Al Juhd\Backend\src\middleware\verify.token.middleware.ts:4:12)
    at C:\Users\USER\OneDrive\Documents\brocamb\Project 2\Tahtib Al Juhd\Backend\src\middleware\verify.token.middleware.ts:20:22
    at Layer.handle [as handle_request] (C:\Users\USER\node_modules\express\lib\router\layer.js:95:5)
    at trim_prefix (C:\Users\USER\node_modules\express\lib\router\index.js:328:13)
    at C:\Users\USER\node_modules\express\lib\router\index.js:286:9
2025-08-14 00:34:07 [[31merror[39m]: Error: Token expired
    at createHttpError (C:\Users\USER\OneDrive\Documents\brocamb\Project 2\Tahtib Al Juhd\Backend\src\utils\http-error.util.ts:12:12)
    at C:\Users\USER\OneDrive\Documents\brocamb\Project 2\Tahtib Al Juhd\Backend\src\middleware\verify.token.middleware.ts:45:26
    at Generator.next (<anonymous>)
    at C:\Users\USER\OneDrive\Documents\brocamb\Project 2\Tahtib Al Juhd\Backend\src\middleware\verify.token.middleware.ts:8:71
    at new Promise (<anonymous>)
    at __awaiter (C:\Users\USER\OneDrive\Documents\brocamb\Project 2\Tahtib Al Juhd\Backend\src\middleware\verify.token.middleware.ts:4:12)
    at C:\Users\USER\OneDrive\Documents\brocamb\Project 2\Tahtib Al Juhd\Backend\src\middleware\verify.token.middleware.ts:20:22
    at Layer.handle [as handle_request] (C:\Users\USER\node_modules\express\lib\router\layer.js:95:5)
    at trim_prefix (C:\Users\USER\node_modules\express\lib\router\index.js:328:13)
    at C:\Users\USER\node_modules\express\lib\router\index.js:286:9
2025-08-14 00:36:25 [[31merror[39m]: Error: Invalid token version
    at createHttpError (C:\Users\USER\OneDrive\Documents\brocamb\Project 2\Tahtib Al Juhd\Backend\src\utils\http-error.util.ts:12:12)
    at AuthService.<anonymous> (C:\Users\USER\OneDrive\Documents\brocamb\Project 2\Tahtib Al Juhd\Backend\src\Services\auth\auth.service.ts:322:28)
    at Generator.next (<anonymous>)
    at fulfilled (C:\Users\USER\OneDrive\Documents\brocamb\Project 2\Tahtib Al Juhd\Backend\src\Services\auth\auth.service.ts:5:58)
    at processTicksAndRejections (node:internal/process/task_queues:105:5)
2025-08-14 00:43:05 [[31merror[39m]: Error: Invalid token version
    at createHttpError (C:\Users\USER\OneDrive\Documents\brocamb\Project 2\Tahtib Al Juhd\Backend\src\utils\http-error.util.ts:12:12)
    at AuthService.<anonymous> (C:\Users\USER\OneDrive\Documents\brocamb\Project 2\Tahtib Al Juhd\Backend\src\Services\auth\auth.service.ts:322:28)
    at Generator.next (<anonymous>)
    at fulfilled (C:\Users\USER\OneDrive\Documents\brocamb\Project 2\Tahtib Al Juhd\Backend\src\Services\auth\auth.service.ts:5:58)
    at processTicksAndRejections (node:internal/process/task_queues:105:5)
2025-08-14 00:50:18 [[31merror[39m]: Error: Invalid token version
    at createHttpError (C:\Users\USER\OneDrive\Documents\brocamb\Project 2\Tahtib Al Juhd\Backend\src\utils\http-error.util.ts:12:12)
    at AuthService.<anonymous> (C:\Users\USER\OneDrive\Documents\brocamb\Project 2\Tahtib Al Juhd\Backend\src\Services\auth\auth.service.ts:322:28)
    at Generator.next (<anonymous>)
    at fulfilled (C:\Users\USER\OneDrive\Documents\brocamb\Project 2\Tahtib Al Juhd\Backend\src\Services\auth\auth.service.ts:5:58)
    at processTicksAndRejections (node:internal/process/task_queues:105:5)
2025-08-14 00:54:00 [[31merror[39m]: BSONError: input must be a 24 character hex string, 12 byte Uint8Array, or an integer
    at new ObjectId (C:\Users\USER\node_modules\bson\src\objectid.ts:120:15)
    at SessionRepository.<anonymous> (C:\Users\USER\OneDrive\Documents\brocamb\Project 2\Tahtib Al Juhd\Backend\src\Repository\Session.repository.ts:32:18)
    at Generator.next (<anonymous>)
    at C:\Users\USER\OneDrive\Documents\brocamb\Project 2\Tahtib Al Juhd\Backend\src\Repository\Session.repository.ts:8:71
    at new Promise (<anonymous>)
    at __awaiter (C:\Users\USER\OneDrive\Documents\brocamb\Project 2\Tahtib Al Juhd\Backend\src\Repository\Session.repository.ts:4:12)
    at SessionRepository.findFreeSlotsByTrainer (C:\Users\USER\OneDrive\Documents\brocamb\Project 2\Tahtib Al Juhd\Backend\src\Repository\Session.repository.ts:37:16)
    at AvailabilityService.<anonymous> (C:\Users\USER\OneDrive\Documents\brocamb\Project 2\Tahtib Al Juhd\Backend\src\Services\domain\Availability.service.ts:124:36)
    at Generator.next (<anonymous>)
    at C:\Users\USER\OneDrive\Documents\brocamb\Project 2\Tahtib Al Juhd\Backend\src\Services\domain\Availability.service.ts:8:71
2025-08-14 00:54:02 [[31merror[39m]: BSONError: input must be a 24 character hex string, 12 byte Uint8Array, or an integer
    at new ObjectId (C:\Users\USER\node_modules\bson\src\objectid.ts:120:15)
    at SessionRepository.<anonymous> (C:\Users\USER\OneDrive\Documents\brocamb\Project 2\Tahtib Al Juhd\Backend\src\Repository\Session.repository.ts:32:18)
    at Generator.next (<anonymous>)
    at C:\Users\USER\OneDrive\Documents\brocamb\Project 2\Tahtib Al Juhd\Backend\src\Repository\Session.repository.ts:8:71
    at new Promise (<anonymous>)
    at __awaiter (C:\Users\USER\OneDrive\Documents\brocamb\Project 2\Tahtib Al Juhd\Backend\src\Repository\Session.repository.ts:4:12)
    at SessionRepository.findFreeSlotsByTrainer (C:\Users\USER\OneDrive\Documents\brocamb\Project 2\Tahtib Al Juhd\Backend\src\Repository\Session.repository.ts:37:16)
    at AvailabilityService.<anonymous> (C:\Users\USER\OneDrive\Documents\brocamb\Project 2\Tahtib Al Juhd\Backend\src\Services\domain\Availability.service.ts:124:36)
    at Generator.next (<anonymous>)
    at C:\Users\USER\OneDrive\Documents\brocamb\Project 2\Tahtib Al Juhd\Backend\src\Services\domain\Availability.service.ts:8:71
2025-08-14 00:54:14 [[31merror[39m]: BSONError: input must be a 24 character hex string, 12 byte Uint8Array, or an integer
    at new ObjectId (C:\Users\USER\node_modules\bson\src\objectid.ts:120:15)
    at SessionRepository.<anonymous> (C:\Users\USER\OneDrive\Documents\brocamb\Project 2\Tahtib Al Juhd\Backend\src\Repository\Session.repository.ts:32:18)
    at Generator.next (<anonymous>)
    at C:\Users\USER\OneDrive\Documents\brocamb\Project 2\Tahtib Al Juhd\Backend\src\Repository\Session.repository.ts:8:71
    at new Promise (<anonymous>)
    at __awaiter (C:\Users\USER\OneDrive\Documents\brocamb\Project 2\Tahtib Al Juhd\Backend\src\Repository\Session.repository.ts:4:12)
    at SessionRepository.findFreeSlotsByTrainer (C:\Users\USER\OneDrive\Documents\brocamb\Project 2\Tahtib Al Juhd\Backend\src\Repository\Session.repository.ts:37:16)
    at AvailabilityService.<anonymous> (C:\Users\USER\OneDrive\Documents\brocamb\Project 2\Tahtib Al Juhd\Backend\src\Services\domain\Availability.service.ts:124:36)
    at Generator.next (<anonymous>)
    at C:\Users\USER\OneDrive\Documents\brocamb\Project 2\Tahtib Al Juhd\Backend\src\Services\domain\Availability.service.ts:8:71
2025-08-14 01:06:23 [[31merror[39m]: Error: Token expired
    at createHttpError (C:\Users\USER\OneDrive\Documents\brocamb\Project 2\Tahtib Al Juhd\Backend\src\utils\http-error.util.ts:12:12)
    at C:\Users\USER\OneDrive\Documents\brocamb\Project 2\Tahtib Al Juhd\Backend\src\middleware\verify.token.middleware.ts:45:26
    at Generator.next (<anonymous>)
    at C:\Users\USER\OneDrive\Documents\brocamb\Project 2\Tahtib Al Juhd\Backend\src\middleware\verify.token.middleware.ts:8:71
    at new Promise (<anonymous>)
    at __awaiter (C:\Users\USER\OneDrive\Documents\brocamb\Project 2\Tahtib Al Juhd\Backend\src\middleware\verify.token.middleware.ts:4:12)
    at C:\Users\USER\OneDrive\Documents\brocamb\Project 2\Tahtib Al Juhd\Backend\src\middleware\verify.token.middleware.ts:20:22
    at Layer.handle [as handle_request] (C:\Users\USER\node_modules\express\lib\router\layer.js:95:5)
    at trim_prefix (C:\Users\USER\node_modules\express\lib\router\index.js:328:13)
    at C:\Users\USER\node_modules\express\lib\router\index.js:286:9
2025-08-14 01:06:23 [[31merror[39m]: Error: Token expired
    at createHttpError (C:\Users\USER\OneDrive\Documents\brocamb\Project 2\Tahtib Al Juhd\Backend\src\utils\http-error.util.ts:12:12)
    at C:\Users\USER\OneDrive\Documents\brocamb\Project 2\Tahtib Al Juhd\Backend\src\middleware\verify.token.middleware.ts:45:26
    at Generator.next (<anonymous>)
    at C:\Users\USER\OneDrive\Documents\brocamb\Project 2\Tahtib Al Juhd\Backend\src\middleware\verify.token.middleware.ts:8:71
    at new Promise (<anonymous>)
    at __awaiter (C:\Users\USER\OneDrive\Documents\brocamb\Project 2\Tahtib Al Juhd\Backend\src\middleware\verify.token.middleware.ts:4:12)
    at C:\Users\USER\OneDrive\Documents\brocamb\Project 2\Tahtib Al Juhd\Backend\src\middleware\verify.token.middleware.ts:20:22
    at Layer.handle [as handle_request] (C:\Users\USER\node_modules\express\lib\router\layer.js:95:5)
    at trim_prefix (C:\Users\USER\node_modules\express\lib\router\index.js:328:13)
    at C:\Users\USER\node_modules\express\lib\router\index.js:286:9
2025-08-14 01:06:23 [[31merror[39m]: Error: Token expired
    at createHttpError (C:\Users\USER\OneDrive\Documents\brocamb\Project 2\Tahtib Al Juhd\Backend\src\utils\http-error.util.ts:12:12)
    at C:\Users\USER\OneDrive\Documents\brocamb\Project 2\Tahtib Al Juhd\Backend\src\middleware\verify.token.middleware.ts:45:26
    at Generator.next (<anonymous>)
    at C:\Users\USER\OneDrive\Documents\brocamb\Project 2\Tahtib Al Juhd\Backend\src\middleware\verify.token.middleware.ts:8:71
    at new Promise (<anonymous>)
    at __awaiter (C:\Users\USER\OneDrive\Documents\brocamb\Project 2\Tahtib Al Juhd\Backend\src\middleware\verify.token.middleware.ts:4:12)
    at C:\Users\USER\OneDrive\Documents\brocamb\Project 2\Tahtib Al Juhd\Backend\src\middleware\verify.token.middleware.ts:20:22
    at Layer.handle [as handle_request] (C:\Users\USER\node_modules\express\lib\router\layer.js:95:5)
    at trim_prefix (C:\Users\USER\node_modules\express\lib\router\index.js:328:13)
    at C:\Users\USER\node_modules\express\lib\router\index.js:286:9
2025-08-14 01:06:23 [[31merror[39m]: BSONError: input must be a 24 character hex string, 12 byte Uint8Array, or an integer
    at new ObjectId (C:\Users\USER\node_modules\bson\src\objectid.ts:120:15)
    at SessionRepository.<anonymous> (C:\Users\USER\OneDrive\Documents\brocamb\Project 2\Tahtib Al Juhd\Backend\src\Repository\Session.repository.ts:32:18)
    at Generator.next (<anonymous>)
    at C:\Users\USER\OneDrive\Documents\brocamb\Project 2\Tahtib Al Juhd\Backend\src\Repository\Session.repository.ts:8:71
    at new Promise (<anonymous>)
    at __awaiter (C:\Users\USER\OneDrive\Documents\brocamb\Project 2\Tahtib Al Juhd\Backend\src\Repository\Session.repository.ts:4:12)
    at SessionRepository.findFreeSlotsByTrainer (C:\Users\USER\OneDrive\Documents\brocamb\Project 2\Tahtib Al Juhd\Backend\src\Repository\Session.repository.ts:37:16)
    at AvailabilityService.<anonymous> (C:\Users\USER\OneDrive\Documents\brocamb\Project 2\Tahtib Al Juhd\Backend\src\Services\domain\Availability.service.ts:124:36)
    at Generator.next (<anonymous>)
    at C:\Users\USER\OneDrive\Documents\brocamb\Project 2\Tahtib Al Juhd\Backend\src\Services\domain\Availability.service.ts:8:71
2025-08-14 01:06:23 [[31merror[39m]: BSONError: input must be a 24 character hex string, 12 byte Uint8Array, or an integer
    at new ObjectId (C:\Users\USER\node_modules\bson\src\objectid.ts:120:15)
    at SessionRepository.<anonymous> (C:\Users\USER\OneDrive\Documents\brocamb\Project 2\Tahtib Al Juhd\Backend\src\Repository\Session.repository.ts:32:18)
    at Generator.next (<anonymous>)
    at C:\Users\USER\OneDrive\Documents\brocamb\Project 2\Tahtib Al Juhd\Backend\src\Repository\Session.repository.ts:8:71
    at new Promise (<anonymous>)
    at __awaiter (C:\Users\USER\OneDrive\Documents\brocamb\Project 2\Tahtib Al Juhd\Backend\src\Repository\Session.repository.ts:4:12)
    at SessionRepository.findFreeSlotsByTrainer (C:\Users\USER\OneDrive\Documents\brocamb\Project 2\Tahtib Al Juhd\Backend\src\Repository\Session.repository.ts:37:16)
    at AvailabilityService.<anonymous> (C:\Users\USER\OneDrive\Documents\brocamb\Project 2\Tahtib Al Juhd\Backend\src\Services\domain\Availability.service.ts:124:36)
    at Generator.next (<anonymous>)
    at C:\Users\USER\OneDrive\Documents\brocamb\Project 2\Tahtib Al Juhd\Backend\src\Services\domain\Availability.service.ts:8:71
2025-08-14 01:07:58 [[31merror[39m]: BSONError: input must be a 24 character hex string, 12 byte Uint8Array, or an integer
    at new ObjectId (C:\Users\USER\node_modules\bson\src\objectid.ts:120:15)
    at SessionRepository.<anonymous> (C:\Users\USER\OneDrive\Documents\brocamb\Project 2\Tahtib Al Juhd\Backend\src\Repository\Session.repository.ts:32:18)
    at Generator.next (<anonymous>)
    at C:\Users\USER\OneDrive\Documents\brocamb\Project 2\Tahtib Al Juhd\Backend\src\Repository\Session.repository.ts:8:71
    at new Promise (<anonymous>)
    at __awaiter (C:\Users\USER\OneDrive\Documents\brocamb\Project 2\Tahtib Al Juhd\Backend\src\Repository\Session.repository.ts:4:12)
    at SessionRepository.findFreeSlotsByTrainer (C:\Users\USER\OneDrive\Documents\brocamb\Project 2\Tahtib Al Juhd\Backend\src\Repository\Session.repository.ts:37:16)
    at AvailabilityService.<anonymous> (C:\Users\USER\OneDrive\Documents\brocamb\Project 2\Tahtib Al Juhd\Backend\src\Services\domain\Availability.service.ts:124:36)
    at Generator.next (<anonymous>)
    at C:\Users\USER\OneDrive\Documents\brocamb\Project 2\Tahtib Al Juhd\Backend\src\Services\domain\Availability.service.ts:8:71
2025-08-14 01:07:59 [[31merror[39m]: BSONError: input must be a 24 character hex string, 12 byte Uint8Array, or an integer
    at new ObjectId (C:\Users\USER\node_modules\bson\src\objectid.ts:120:15)
    at SessionRepository.<anonymous> (C:\Users\USER\OneDrive\Documents\brocamb\Project 2\Tahtib Al Juhd\Backend\src\Repository\Session.repository.ts:32:18)
    at Generator.next (<anonymous>)
    at C:\Users\USER\OneDrive\Documents\brocamb\Project 2\Tahtib Al Juhd\Backend\src\Repository\Session.repository.ts:8:71
    at new Promise (<anonymous>)
    at __awaiter (C:\Users\USER\OneDrive\Documents\brocamb\Project 2\Tahtib Al Juhd\Backend\src\Repository\Session.repository.ts:4:12)
    at SessionRepository.findFreeSlotsByTrainer (C:\Users\USER\OneDrive\Documents\brocamb\Project 2\Tahtib Al Juhd\Backend\src\Repository\Session.repository.ts:37:16)
    at AvailabilityService.<anonymous> (C:\Users\USER\OneDrive\Documents\brocamb\Project 2\Tahtib Al Juhd\Backend\src\Services\domain\Availability.service.ts:124:36)
    at Generator.next (<anonymous>)
    at C:\Users\USER\OneDrive\Documents\brocamb\Project 2\Tahtib Al Juhd\Backend\src\Services\domain\Availability.service.ts:8:71
2025-08-14 01:08:02 [[31merror[39m]: BSONError: input must be a 24 character hex string, 12 byte Uint8Array, or an integer
    at new ObjectId (C:\Users\USER\node_modules\bson\src\objectid.ts:120:15)
    at SessionRepository.<anonymous> (C:\Users\USER\OneDrive\Documents\brocamb\Project 2\Tahtib Al Juhd\Backend\src\Repository\Session.repository.ts:32:18)
    at Generator.next (<anonymous>)
    at C:\Users\USER\OneDrive\Documents\brocamb\Project 2\Tahtib Al Juhd\Backend\src\Repository\Session.repository.ts:8:71
    at new Promise (<anonymous>)
    at __awaiter (C:\Users\USER\OneDrive\Documents\brocamb\Project 2\Tahtib Al Juhd\Backend\src\Repository\Session.repository.ts:4:12)
    at SessionRepository.findFreeSlotsByTrainer (C:\Users\USER\OneDrive\Documents\brocamb\Project 2\Tahtib Al Juhd\Backend\src\Repository\Session.repository.ts:37:16)
    at AvailabilityService.<anonymous> (C:\Users\USER\OneDrive\Documents\brocamb\Project 2\Tahtib Al Juhd\Backend\src\Services\domain\Availability.service.ts:124:36)
    at Generator.next (<anonymous>)
    at C:\Users\USER\OneDrive\Documents\brocamb\Project 2\Tahtib Al Juhd\Backend\src\Services\domain\Availability.service.ts:8:71
2025-08-14 01:09:37 [[31merror[39m]: BSONError: input must be a 24 character hex string, 12 byte Uint8Array, or an integer
    at new ObjectId (C:\Users\USER\node_modules\bson\src\objectid.ts:120:15)
    at SessionRepository.<anonymous> (C:\Users\USER\OneDrive\Documents\brocamb\Project 2\Tahtib Al Juhd\Backend\src\Repository\Session.repository.ts:32:18)
    at Generator.next (<anonymous>)
    at C:\Users\USER\OneDrive\Documents\brocamb\Project 2\Tahtib Al Juhd\Backend\src\Repository\Session.repository.ts:8:71
    at new Promise (<anonymous>)
    at __awaiter (C:\Users\USER\OneDrive\Documents\brocamb\Project 2\Tahtib Al Juhd\Backend\src\Repository\Session.repository.ts:4:12)
    at SessionRepository.findFreeSlotsByTrainer (C:\Users\USER\OneDrive\Documents\brocamb\Project 2\Tahtib Al Juhd\Backend\src\Repository\Session.repository.ts:37:16)
    at AvailabilityService.<anonymous> (C:\Users\USER\OneDrive\Documents\brocamb\Project 2\Tahtib Al Juhd\Backend\src\Services\domain\Availability.service.ts:124:36)
    at Generator.next (<anonymous>)
    at C:\Users\USER\OneDrive\Documents\brocamb\Project 2\Tahtib Al Juhd\Backend\src\Services\domain\Availability.service.ts:8:71
2025-08-14 01:43:53 [[31merror[39m]: TypeError: Cannot read properties of undefined (reading '0')
    at clientTrainerService.<anonymous> (C:\Users\USER\OneDrive\Documents\brocamb\Project 2\Tahtib Al Juhd\Backend\src\Services\client\client.trainer.service.ts:91:79)
    at Generator.next (<anonymous>)
    at fulfilled (C:\Users\USER\OneDrive\Documents\brocamb\Project 2\Tahtib Al Juhd\Backend\src\Services\client\client.trainer.service.ts:5:58)
    at processTicksAndRejections (node:internal/process/task_queues:105:5)
2025-08-14 01:45:32 [[31merror[39m]: TypeError: Cannot read properties of undefined (reading 'profilePhoto')
    at clientTrainerService.<anonymous> (C:\Users\USER\OneDrive\Documents\brocamb\Project 2\Tahtib Al Juhd\Backend\src\Services\client\client.trainer.service.ts:85:38)
    at Generator.next (<anonymous>)
    at fulfilled (C:\Users\USER\OneDrive\Documents\brocamb\Project 2\Tahtib Al Juhd\Backend\src\Services\client\client.trainer.service.ts:5:58)
    at processTicksAndRejections (node:internal/process/task_queues:105:5)
2025-08-14 01:45:55 [[31merror[39m]: TypeError: Cannot read properties of undefined (reading '0')
    at clientTrainerService.<anonymous> (C:\Users\USER\OneDrive\Documents\brocamb\Project 2\Tahtib Al Juhd\Backend\src\Services\client\client.trainer.service.ts:91:79)
    at Generator.next (<anonymous>)
    at fulfilled (C:\Users\USER\OneDrive\Documents\brocamb\Project 2\Tahtib Al Juhd\Backend\src\Services\client\client.trainer.service.ts:5:58)
    at processTicksAndRejections (node:internal/process/task_queues:105:5)
2025-08-14 01:46:14 [[31merror[39m]: Error: Invalid token version
    at createHttpError (C:\Users\USER\OneDrive\Documents\brocamb\Project 2\Tahtib Al Juhd\Backend\src\utils\http-error.util.ts:12:12)
    at AuthService.<anonymous> (C:\Users\USER\OneDrive\Documents\brocamb\Project 2\Tahtib Al Juhd\Backend\src\Services\auth\auth.service.ts:322:28)
    at Generator.next (<anonymous>)
    at fulfilled (C:\Users\USER\OneDrive\Documents\brocamb\Project 2\Tahtib Al Juhd\Backend\src\Services\auth\auth.service.ts:5:58)
    at processTicksAndRejections (node:internal/process/task_queues:105:5)
2025-08-14 01:46:30 [[31merror[39m]: TypeError: Cannot read properties of undefined (reading '0')
    at clientTrainerService.<anonymous> (C:\Users\USER\OneDrive\Documents\brocamb\Project 2\Tahtib Al Juhd\Backend\src\Services\client\client.trainer.service.ts:91:79)
    at Generator.next (<anonymous>)
    at fulfilled (C:\Users\USER\OneDrive\Documents\brocamb\Project 2\Tahtib Al Juhd\Backend\src\Services\client\client.trainer.service.ts:5:58)
    at processTicksAndRejections (node:internal/process/task_queues:105:5)
2025-08-14 01:47:56 [[31merror[39m]: Error: Invalid token version
    at createHttpError (C:\Users\USER\OneDrive\Documents\brocamb\Project 2\Tahtib Al Juhd\Backend\src\utils\http-error.util.ts:12:12)
    at AuthService.<anonymous> (C:\Users\USER\OneDrive\Documents\brocamb\Project 2\Tahtib Al Juhd\Backend\src\Services\auth\auth.service.ts:322:28)
    at Generator.next (<anonymous>)
    at fulfilled (C:\Users\USER\OneDrive\Documents\brocamb\Project 2\Tahtib Al Juhd\Backend\src\Services\auth\auth.service.ts:5:58)
    at processTicksAndRejections (node:internal/process/task_queues:105:5)
2025-08-14 10:39:47 [[31merror[39m]: Error: Token expired
    at createHttpError (C:\Users\USER\OneDrive\Documents\brocamb\Project 2\Tahtib Al Juhd\Backend\src\utils\http-error.util.ts:12:12)
    at C:\Users\USER\OneDrive\Documents\brocamb\Project 2\Tahtib Al Juhd\Backend\src\middleware\verify.token.middleware.ts:45:26
    at Generator.next (<anonymous>)
    at C:\Users\USER\OneDrive\Documents\brocamb\Project 2\Tahtib Al Juhd\Backend\src\middleware\verify.token.middleware.ts:8:71
    at new Promise (<anonymous>)
    at __awaiter (C:\Users\USER\OneDrive\Documents\brocamb\Project 2\Tahtib Al Juhd\Backend\src\middleware\verify.token.middleware.ts:4:12)
    at C:\Users\USER\OneDrive\Documents\brocamb\Project 2\Tahtib Al Juhd\Backend\src\middleware\verify.token.middleware.ts:20:22
    at Layer.handle [as handle_request] (C:\Users\USER\node_modules\express\lib\router\layer.js:95:5)
    at trim_prefix (C:\Users\USER\node_modules\express\lib\router\index.js:328:13)
    at C:\Users\USER\node_modules\express\lib\router\index.js:286:9
2025-08-14 10:49:12 [[31merror[39m]: Error: Invalid password
    at createHttpError (C:\Users\USER\OneDrive\Documents\brocamb\Project 2\Tahtib Al Juhd\Backend\src\utils\http-error.util.ts:12:12)
    at AuthService.<anonymous> (C:\Users\USER\OneDrive\Documents\brocamb\Project 2\Tahtib Al Juhd\Backend\src\Services\auth\auth.service.ts:69:28)
    at Generator.next (<anonymous>)
    at fulfilled (C:\Users\USER\OneDrive\Documents\brocamb\Project 2\Tahtib Al Juhd\Backend\src\Services\auth\auth.service.ts:5:58)
2025-08-14 10:52:02 [[31merror[39m]: Error: Invalid token version
    at createHttpError (C:\Users\USER\OneDrive\Documents\brocamb\Project 2\Tahtib Al Juhd\Backend\src\utils\http-error.util.ts:12:12)
    at AuthService.<anonymous> (C:\Users\USER\OneDrive\Documents\brocamb\Project 2\Tahtib Al Juhd\Backend\src\Services\auth\auth.service.ts:322:28)
    at Generator.next (<anonymous>)
    at fulfilled (C:\Users\USER\OneDrive\Documents\brocamb\Project 2\Tahtib Al Juhd\Backend\src\Services\auth\auth.service.ts:5:58)
    at processTicksAndRejections (node:internal/process/task_queues:105:5)
2025-08-14 11:19:03 [[31merror[39m]: Error: Token expired
    at createHttpError (C:\Users\USER\OneDrive\Documents\brocamb\Project 2\Tahtib Al Juhd\Backend\src\utils\http-error.util.ts:12:12)
    at C:\Users\USER\OneDrive\Documents\brocamb\Project 2\Tahtib Al Juhd\Backend\src\middleware\verify.token.middleware.ts:45:26
    at Generator.next (<anonymous>)
    at C:\Users\USER\OneDrive\Documents\brocamb\Project 2\Tahtib Al Juhd\Backend\src\middleware\verify.token.middleware.ts:8:71
    at new Promise (<anonymous>)
    at __awaiter (C:\Users\USER\OneDrive\Documents\brocamb\Project 2\Tahtib Al Juhd\Backend\src\middleware\verify.token.middleware.ts:4:12)
    at C:\Users\USER\OneDrive\Documents\brocamb\Project 2\Tahtib Al Juhd\Backend\src\middleware\verify.token.middleware.ts:20:22
    at Layer.handle [as handle_request] (C:\Users\USER\node_modules\express\lib\router\layer.js:95:5)
    at trim_prefix (C:\Users\USER\node_modules\express\lib\router\index.js:328:13)
    at C:\Users\USER\node_modules\express\lib\router\index.js:286:9
2025-08-14 11:19:03 [[31merror[39m]: Error: Token expired
    at createHttpError (C:\Users\USER\OneDrive\Documents\brocamb\Project 2\Tahtib Al Juhd\Backend\src\utils\http-error.util.ts:12:12)
    at C:\Users\USER\OneDrive\Documents\brocamb\Project 2\Tahtib Al Juhd\Backend\src\middleware\verify.token.middleware.ts:45:26
    at Generator.next (<anonymous>)
    at C:\Users\USER\OneDrive\Documents\brocamb\Project 2\Tahtib Al Juhd\Backend\src\middleware\verify.token.middleware.ts:8:71
    at new Promise (<anonymous>)
    at __awaiter (C:\Users\USER\OneDrive\Documents\brocamb\Project 2\Tahtib Al Juhd\Backend\src\middleware\verify.token.middleware.ts:4:12)
    at C:\Users\USER\OneDrive\Documents\brocamb\Project 2\Tahtib Al Juhd\Backend\src\middleware\verify.token.middleware.ts:20:22
    at Layer.handle [as handle_request] (C:\Users\USER\node_modules\express\lib\router\layer.js:95:5)
    at trim_prefix (C:\Users\USER\node_modules\express\lib\router\index.js:328:13)
    at C:\Users\USER\node_modules\express\lib\router\index.js:286:9
2025-08-14 11:19:03 [[31merror[39m]: Error: Token expired
    at createHttpError (C:\Users\USER\OneDrive\Documents\brocamb\Project 2\Tahtib Al Juhd\Backend\src\utils\http-error.util.ts:12:12)
    at C:\Users\USER\OneDrive\Documents\brocamb\Project 2\Tahtib Al Juhd\Backend\src\middleware\verify.token.middleware.ts:45:26
    at Generator.next (<anonymous>)
    at C:\Users\USER\OneDrive\Documents\brocamb\Project 2\Tahtib Al Juhd\Backend\src\middleware\verify.token.middleware.ts:8:71
    at new Promise (<anonymous>)
    at __awaiter (C:\Users\USER\OneDrive\Documents\brocamb\Project 2\Tahtib Al Juhd\Backend\src\middleware\verify.token.middleware.ts:4:12)
    at C:\Users\USER\OneDrive\Documents\brocamb\Project 2\Tahtib Al Juhd\Backend\src\middleware\verify.token.middleware.ts:20:22
    at Layer.handle [as handle_request] (C:\Users\USER\node_modules\express\lib\router\layer.js:95:5)
    at trim_prefix (C:\Users\USER\node_modules\express\lib\router\index.js:328:13)
    at C:\Users\USER\node_modules\express\lib\router\index.js:286:9
2025-08-14 11:57:18 [[31merror[39m]: Error: Invalid token version
    at createHttpError (C:\Users\USER\OneDrive\Documents\brocamb\Project 2\Tahtib Al Juhd\Backend\src\utils\http-error.util.ts:12:12)
    at AuthService.<anonymous> (C:\Users\USER\OneDrive\Documents\brocamb\Project 2\Tahtib Al Juhd\Backend\src\Services\auth\auth.service.ts:322:28)
    at Generator.next (<anonymous>)
    at fulfilled (C:\Users\USER\OneDrive\Documents\brocamb\Project 2\Tahtib Al Juhd\Backend\src\Services\auth\auth.service.ts:5:58)
    at processTicksAndRejections (node:internal/process/task_queues:105:5)
2025-08-14 12:00:05 [[31merror[39m]: Error: Invalid token version
    at createHttpError (C:\Users\USER\OneDrive\Documents\brocamb\Project 2\Tahtib Al Juhd\Backend\src\utils\http-error.util.ts:12:12)
    at AuthService.<anonymous> (C:\Users\USER\OneDrive\Documents\brocamb\Project 2\Tahtib Al Juhd\Backend\src\Services\auth\auth.service.ts:322:28)
    at Generator.next (<anonymous>)
    at fulfilled (C:\Users\USER\OneDrive\Documents\brocamb\Project 2\Tahtib Al Juhd\Backend\src\Services\auth\auth.service.ts:5:58)
    at processTicksAndRejections (node:internal/process/task_queues:105:5)
2025-08-14 12:08:26 [[31merror[39m]: Error: Invalid token version
    at createHttpError (C:\Users\USER\OneDrive\Documents\brocamb\Project 2\Tahtib Al Juhd\Backend\src\utils\http-error.util.ts:12:12)
    at AuthService.<anonymous> (C:\Users\USER\OneDrive\Documents\brocamb\Project 2\Tahtib Al Juhd\Backend\src\Services\auth\auth.service.ts:322:28)
    at Generator.next (<anonymous>)
    at fulfilled (C:\Users\USER\OneDrive\Documents\brocamb\Project 2\Tahtib Al Juhd\Backend\src\Services\auth\auth.service.ts:5:58)
    at processTicksAndRejections (node:internal/process/task_queues:105:5)
2025-08-14 12:57:19 [[31merror[39m]: Error: Token expired
    at createHttpError (C:\Users\USER\OneDrive\Documents\brocamb\Project 2\Tahtib Al Juhd\Backend\src\utils\http-error.util.ts:12:12)
    at C:\Users\USER\OneDrive\Documents\brocamb\Project 2\Tahtib Al Juhd\Backend\src\middleware\verify.token.middleware.ts:45:26
    at Generator.next (<anonymous>)
    at C:\Users\USER\OneDrive\Documents\brocamb\Project 2\Tahtib Al Juhd\Backend\src\middleware\verify.token.middleware.ts:8:71
    at new Promise (<anonymous>)
    at __awaiter (C:\Users\USER\OneDrive\Documents\brocamb\Project 2\Tahtib Al Juhd\Backend\src\middleware\verify.token.middleware.ts:4:12)
    at C:\Users\USER\OneDrive\Documents\brocamb\Project 2\Tahtib Al Juhd\Backend\src\middleware\verify.token.middleware.ts:20:22
    at Layer.handle [as handle_request] (C:\Users\USER\node_modules\express\lib\router\layer.js:95:5)
    at trim_prefix (C:\Users\USER\node_modules\express\lib\router\index.js:328:13)
    at C:\Users\USER\node_modules\express\lib\router\index.js:286:9
2025-08-14 14:46:13 [[31merror[39m]: StrictPopulateError: Cannot populate path `clientId.personalization` because it is not in your schema. Set the `strictPopulate` option to false to override.
    at getModelsMapForPopulate (C:\Users\USER\node_modules\mongoose\lib\helpers\populate\getModelsMapForPopulate.js:50:12)
    at _populatePath (C:\Users\USER\node_modules\mongoose\lib\model.js:4312:21)
    at Function.populate (C:\Users\USER\node_modules\mongoose\lib\model.js:4280:19)
    at model.Query._find (C:\Users\USER\node_modules\mongoose\lib\query.js:2389:20)
    at processTicksAndRejections (node:internal/process/task_queues:105:5)
    at model.Query.exec (C:\Users\USER\node_modules\mongoose\lib\query.js:4438:63)
    at async Promise.all (index 0)
    at _populatePath (C:\Users\USER\node_modules\mongoose\lib\model.js:4407:3)
    at async Promise.all (index 0)
    at Function.populate (C:\Users\USER\node_modules\mongoose\lib\model.js:4282:3)
2025-08-14 14:47:29 [[31merror[39m]: StrictPopulateError: Cannot populate path `clientId.personalization` because it is not in your schema. Set the `strictPopulate` option to false to override.
    at getModelsMapForPopulate (C:\Users\USER\node_modules\mongoose\lib\helpers\populate\getModelsMapForPopulate.js:50:12)
    at _populatePath (C:\Users\USER\node_modules\mongoose\lib\model.js:4312:21)
    at Function.populate (C:\Users\USER\node_modules\mongoose\lib\model.js:4280:19)
    at model.Query._find (C:\Users\USER\node_modules\mongoose\lib\query.js:2389:20)
    at processTicksAndRejections (node:internal/process/task_queues:105:5)
    at model.Query.exec (C:\Users\USER\node_modules\mongoose\lib\query.js:4438:63)
    at async Promise.all (index 0)
    at _populatePath (C:\Users\USER\node_modules\mongoose\lib\model.js:4407:3)
    at async Promise.all (index 0)
    at Function.populate (C:\Users\USER\node_modules\mongoose\lib\model.js:4282:3)
2025-08-14 14:47:34 [[31merror[39m]: StrictPopulateError: Cannot populate path `clientId.personalization` because it is not in your schema. Set the `strictPopulate` option to false to override.
    at getModelsMapForPopulate (C:\Users\USER\node_modules\mongoose\lib\helpers\populate\getModelsMapForPopulate.js:50:12)
    at _populatePath (C:\Users\USER\node_modules\mongoose\lib\model.js:4312:21)
    at Function.populate (C:\Users\USER\node_modules\mongoose\lib\model.js:4280:19)
    at model.Query._find (C:\Users\USER\node_modules\mongoose\lib\query.js:2389:20)
    at processTicksAndRejections (node:internal/process/task_queues:105:5)
    at model.Query.exec (C:\Users\USER\node_modules\mongoose\lib\query.js:4438:63)
    at async Promise.all (index 0)
    at _populatePath (C:\Users\USER\node_modules\mongoose\lib\model.js:4407:3)
    at async Promise.all (index 0)
    at Function.populate (C:\Users\USER\node_modules\mongoose\lib\model.js:4282:3)
2025-08-14 14:47:35 [[31merror[39m]: StrictPopulateError: Cannot populate path `clientId.personalization` because it is not in your schema. Set the `strictPopulate` option to false to override.
    at getModelsMapForPopulate (C:\Users\USER\node_modules\mongoose\lib\helpers\populate\getModelsMapForPopulate.js:50:12)
    at _populatePath (C:\Users\USER\node_modules\mongoose\lib\model.js:4312:21)
    at Function.populate (C:\Users\USER\node_modules\mongoose\lib\model.js:4280:19)
    at model.Query._find (C:\Users\USER\node_modules\mongoose\lib\query.js:2389:20)
    at processTicksAndRejections (node:internal/process/task_queues:105:5)
    at model.Query.exec (C:\Users\USER\node_modules\mongoose\lib\query.js:4438:63)
    at async Promise.all (index 0)
    at _populatePath (C:\Users\USER\node_modules\mongoose\lib\model.js:4407:3)
    at async Promise.all (index 0)
    at Function.populate (C:\Users\USER\node_modules\mongoose\lib\model.js:4282:3)
2025-08-14 14:47:36 [[31merror[39m]: StrictPopulateError: Cannot populate path `clientId.personalization` because it is not in your schema. Set the `strictPopulate` option to false to override.
    at getModelsMapForPopulate (C:\Users\USER\node_modules\mongoose\lib\helpers\populate\getModelsMapForPopulate.js:50:12)
    at _populatePath (C:\Users\USER\node_modules\mongoose\lib\model.js:4312:21)
    at Function.populate (C:\Users\USER\node_modules\mongoose\lib\model.js:4280:19)
    at model.Query._find (C:\Users\USER\node_modules\mongoose\lib\query.js:2389:20)
    at processTicksAndRejections (node:internal/process/task_queues:105:5)
    at model.Query.exec (C:\Users\USER\node_modules\mongoose\lib\query.js:4438:63)
    at async Promise.all (index 0)
    at _populatePath (C:\Users\USER\node_modules\mongoose\lib\model.js:4407:3)
    at async Promise.all (index 0)
    at Function.populate (C:\Users\USER\node_modules\mongoose\lib\model.js:4282:3)
2025-08-14 14:47:37 [[31merror[39m]: StrictPopulateError: Cannot populate path `clientId.personalization` because it is not in your schema. Set the `strictPopulate` option to false to override.
    at getModelsMapForPopulate (C:\Users\USER\node_modules\mongoose\lib\helpers\populate\getModelsMapForPopulate.js:50:12)
    at _populatePath (C:\Users\USER\node_modules\mongoose\lib\model.js:4312:21)
    at Function.populate (C:\Users\USER\node_modules\mongoose\lib\model.js:4280:19)
    at model.Query._find (C:\Users\USER\node_modules\mongoose\lib\query.js:2389:20)
    at processTicksAndRejections (node:internal/process/task_queues:105:5)
    at model.Query.exec (C:\Users\USER\node_modules\mongoose\lib\query.js:4438:63)
    at async Promise.all (index 0)
    at _populatePath (C:\Users\USER\node_modules\mongoose\lib\model.js:4407:3)
    at async Promise.all (index 0)
    at Function.populate (C:\Users\USER\node_modules\mongoose\lib\model.js:4282:3)
2025-08-14 14:47:42 [[31merror[39m]: StrictPopulateError: Cannot populate path `clientId.personalization` because it is not in your schema. Set the `strictPopulate` option to false to override.
    at getModelsMapForPopulate (C:\Users\USER\node_modules\mongoose\lib\helpers\populate\getModelsMapForPopulate.js:50:12)
    at _populatePath (C:\Users\USER\node_modules\mongoose\lib\model.js:4312:21)
    at Function.populate (C:\Users\USER\node_modules\mongoose\lib\model.js:4280:19)
    at model.Query._find (C:\Users\USER\node_modules\mongoose\lib\query.js:2389:20)
    at processTicksAndRejections (node:internal/process/task_queues:105:5)
    at model.Query.exec (C:\Users\USER\node_modules\mongoose\lib\query.js:4438:63)
    at async Promise.all (index 0)
    at _populatePath (C:\Users\USER\node_modules\mongoose\lib\model.js:4407:3)
    at async Promise.all (index 0)
    at Function.populate (C:\Users\USER\node_modules\mongoose\lib\model.js:4282:3)
2025-08-14 14:58:53 [[31merror[39m]: Error: Invalid token version
    at createHttpError (C:\Users\USER\OneDrive\Documents\brocamb\Project 2\Tahtib Al Juhd\Backend\src\utils\http-error.util.ts:12:12)
    at AuthService.<anonymous> (C:\Users\USER\OneDrive\Documents\brocamb\Project 2\Tahtib Al Juhd\Backend\src\Services\auth\auth.service.ts:322:28)
    at Generator.next (<anonymous>)
    at fulfilled (C:\Users\USER\OneDrive\Documents\brocamb\Project 2\Tahtib Al Juhd\Backend\src\Services\auth\auth.service.ts:5:58)
    at processTicksAndRejections (node:internal/process/task_queues:105:5)
2025-08-14 15:08:37 [[31merror[39m]: TypeError: Cannot read properties of undefined (reading 'data')
    at TrainerClientService.<anonymous> (C:\Users\USER\OneDrive\Documents\brocamb\Project 2\Tahtib Al Juhd\Backend\src\Services\trainer\trainer.clients.service.ts:27:79)
    at Generator.next (<anonymous>)
    at C:\Users\USER\OneDrive\Documents\brocamb\Project 2\Tahtib Al Juhd\Backend\src\Services\trainer\trainer.clients.service.ts:8:71
    at new Promise (<anonymous>)
    at __awaiter (C:\Users\USER\OneDrive\Documents\brocamb\Project 2\Tahtib Al Juhd\Backend\src\Services\trainer\trainer.clients.service.ts:4:12)
    at C:\Users\USER\OneDrive\Documents\brocamb\Project 2\Tahtib Al Juhd\Backend\src\Services\trainer\trainer.clients.service.ts:22:57
    at Array.map (<anonymous>)
    at TrainerClientService.<anonymous> (C:\Users\USER\OneDrive\Documents\brocamb\Project 2\Tahtib Al Juhd\Backend\src\Services\trainer\trainer.clients.service.ts:22:34)
    at Generator.next (<anonymous>)
    at fulfilled (C:\Users\USER\OneDrive\Documents\brocamb\Project 2\Tahtib Al Juhd\Backend\src\Services\trainer\trainer.clients.service.ts:5:58)
2025-08-14 15:09:46 [[31merror[39m]: TypeError: Cannot read properties of null (reading 'filePath')
    at TrainerClientService.<anonymous> (C:\Users\USER\OneDrive\Documents\brocamb\Project 2\Tahtib Al Juhd\Backend\src\Services\trainer\trainer.clients.service.ts:28:54)
    at Generator.next (<anonymous>)
    at fulfilled (C:\Users\USER\OneDrive\Documents\brocamb\Project 2\Tahtib Al Juhd\Backend\src\Services\trainer\trainer.clients.service.ts:5:58)
    at processTicksAndRejections (node:internal/process/task_queues:105:5)
2025-08-14 15:10:11 [[31merror[39m]: TypeError: Cannot read properties of null (reading 'filePath')
    at TrainerClientService.<anonymous> (C:\Users\USER\OneDrive\Documents\brocamb\Project 2\Tahtib Al Juhd\Backend\src\Services\trainer\trainer.clients.service.ts:29:54)
    at Generator.next (<anonymous>)
    at fulfilled (C:\Users\USER\OneDrive\Documents\brocamb\Project 2\Tahtib Al Juhd\Backend\src\Services\trainer\trainer.clients.service.ts:5:58)
    at processTicksAndRejections (node:internal/process/task_queues:105:5)
2025-08-14 15:10:55 [[31merror[39m]: TypeError: Cannot read properties of null (reading 'filePath')
    at TrainerClientService.<anonymous> (C:\Users\USER\OneDrive\Documents\brocamb\Project 2\Tahtib Al Juhd\Backend\src\Services\trainer\trainer.clients.service.ts:30:54)
    at Generator.next (<anonymous>)
    at fulfilled (C:\Users\USER\OneDrive\Documents\brocamb\Project 2\Tahtib Al Juhd\Backend\src\Services\trainer\trainer.clients.service.ts:5:58)
    at processTicksAndRejections (node:internal/process/task_queues:105:5)
2025-08-14 15:11:32 [[31merror[39m]: TypeError: Cannot read properties of null (reading 'filePath')
    at TrainerClientService.<anonymous> (C:\Users\USER\OneDrive\Documents\brocamb\Project 2\Tahtib Al Juhd\Backend\src\Services\trainer\trainer.clients.service.ts:31:54)
    at Generator.next (<anonymous>)
    at fulfilled (C:\Users\USER\OneDrive\Documents\brocamb\Project 2\Tahtib Al Juhd\Backend\src\Services\trainer\trainer.clients.service.ts:5:58)
    at processTicksAndRejections (node:internal/process/task_queues:105:5)
2025-08-14 15:11:43 [[31merror[39m]: TypeError: Cannot read properties of null (reading 'filePath')
    at TrainerClientService.<anonymous> (C:\Users\USER\OneDrive\Documents\brocamb\Project 2\Tahtib Al Juhd\Backend\src\Services\trainer\trainer.clients.service.ts:31:54)
    at Generator.next (<anonymous>)
    at fulfilled (C:\Users\USER\OneDrive\Documents\brocamb\Project 2\Tahtib Al Juhd\Backend\src\Services\trainer\trainer.clients.service.ts:5:58)
    at processTicksAndRejections (node:internal/process/task_queues:105:5)
2025-08-14 15:12:05 [[31merror[39m]: TypeError: Cannot read properties of null (reading 'filePath')
    at TrainerClientService.<anonymous> (C:\Users\USER\OneDrive\Documents\brocamb\Project 2\Tahtib Al Juhd\Backend\src\Services\trainer\trainer.clients.service.ts:31:54)
    at Generator.next (<anonymous>)
    at fulfilled (C:\Users\USER\OneDrive\Documents\brocamb\Project 2\Tahtib Al Juhd\Backend\src\Services\trainer\trainer.clients.service.ts:5:58)
    at processTicksAndRejections (node:internal/process/task_queues:105:5)
2025-08-14 15:12:53 [[31merror[39m]: TypeError: Cannot read properties of null (reading 'filePath')
    at TrainerClientService.<anonymous> (C:\Users\USER\OneDrive\Documents\brocamb\Project 2\Tahtib Al Juhd\Backend\src\Services\trainer\trainer.clients.service.ts:31:54)
    at Generator.next (<anonymous>)
    at fulfilled (C:\Users\USER\OneDrive\Documents\brocamb\Project 2\Tahtib Al Juhd\Backend\src\Services\trainer\trainer.clients.service.ts:5:58)
    at processTicksAndRejections (node:internal/process/task_queues:105:5)
2025-08-14 15:13:17 [[31merror[39m]: TypeError: Cannot read properties of null (reading 'filePath')
    at TrainerClientService.<anonymous> (C:\Users\USER\OneDrive\Documents\brocamb\Project 2\Tahtib Al Juhd\Backend\src\Services\trainer\trainer.clients.service.ts:31:54)
    at Generator.next (<anonymous>)
    at fulfilled (C:\Users\USER\OneDrive\Documents\brocamb\Project 2\Tahtib Al Juhd\Backend\src\Services\trainer\trainer.clients.service.ts:5:58)
    at processTicksAndRejections (node:internal/process/task_queues:105:5)
2025-08-14 15:14:14 [[31merror[39m]: Error: Token expired
    at createHttpError (C:\Users\USER\OneDrive\Documents\brocamb\Project 2\Tahtib Al Juhd\Backend\src\utils\http-error.util.ts:12:12)
    at C:\Users\USER\OneDrive\Documents\brocamb\Project 2\Tahtib Al Juhd\Backend\src\middleware\verify.token.middleware.ts:45:26
    at Generator.next (<anonymous>)
    at C:\Users\USER\OneDrive\Documents\brocamb\Project 2\Tahtib Al Juhd\Backend\src\middleware\verify.token.middleware.ts:8:71
    at new Promise (<anonymous>)
    at __awaiter (C:\Users\USER\OneDrive\Documents\brocamb\Project 2\Tahtib Al Juhd\Backend\src\middleware\verify.token.middleware.ts:4:12)
    at C:\Users\USER\OneDrive\Documents\brocamb\Project 2\Tahtib Al Juhd\Backend\src\middleware\verify.token.middleware.ts:20:22
    at Layer.handle [as handle_request] (C:\Users\USER\node_modules\express\lib\router\layer.js:95:5)
    at trim_prefix (C:\Users\USER\node_modules\express\lib\router\index.js:328:13)
    at C:\Users\USER\node_modules\express\lib\router\index.js:286:9
2025-08-14 15:14:14 [[31merror[39m]: TypeError: Cannot read properties of null (reading 'filePath')
    at TrainerClientService.<anonymous> (C:\Users\USER\OneDrive\Documents\brocamb\Project 2\Tahtib Al Juhd\Backend\src\Services\trainer\trainer.clients.service.ts:31:54)
    at Generator.next (<anonymous>)
    at fulfilled (C:\Users\USER\OneDrive\Documents\brocamb\Project 2\Tahtib Al Juhd\Backend\src\Services\trainer\trainer.clients.service.ts:5:58)
    at processTicksAndRejections (node:internal/process/task_queues:105:5)
2025-08-14 15:14:14 [[31merror[39m]: TypeError: Cannot read properties of null (reading 'filePath')
    at TrainerClientService.<anonymous> (C:\Users\USER\OneDrive\Documents\brocamb\Project 2\Tahtib Al Juhd\Backend\src\Services\trainer\trainer.clients.service.ts:31:54)
    at Generator.next (<anonymous>)
    at fulfilled (C:\Users\USER\OneDrive\Documents\brocamb\Project 2\Tahtib Al Juhd\Backend\src\Services\trainer\trainer.clients.service.ts:5:58)
    at processTicksAndRejections (node:internal/process/task_queues:105:5)
2025-08-14 15:15:12 [[31merror[39m]: TypeError: Cannot read properties of null (reading 'filePath')
    at TrainerClientService.<anonymous> (C:\Users\USER\OneDrive\Documents\brocamb\Project 2\Tahtib Al Juhd\Backend\src\Services\trainer\trainer.clients.service.ts:31:54)
    at Generator.next (<anonymous>)
    at fulfilled (C:\Users\USER\OneDrive\Documents\brocamb\Project 2\Tahtib Al Juhd\Backend\src\Services\trainer\trainer.clients.service.ts:5:58)
    at processTicksAndRejections (node:internal/process/task_queues:105:5)
2025-08-14 15:20:40 [[31merror[39m]: Error: Invalid token version
    at createHttpError (C:\Users\USER\OneDrive\Documents\brocamb\Project 2\Tahtib Al Juhd\Backend\src\utils\http-error.util.ts:12:12)
    at AuthService.<anonymous> (C:\Users\USER\OneDrive\Documents\brocamb\Project 2\Tahtib Al Juhd\Backend\src\Services\auth\auth.service.ts:322:28)
    at Generator.next (<anonymous>)
    at fulfilled (C:\Users\USER\OneDrive\Documents\brocamb\Project 2\Tahtib Al Juhd\Backend\src\Services\auth\auth.service.ts:5:58)
    at processTicksAndRejections (node:internal/process/task_queues:105:5)
2025-08-14 15:45:58 [[31merror[39m]: Error: Invalid token version
    at createHttpError (C:\Users\USER\OneDrive\Documents\brocamb\Project 2\Tahtib Al Juhd\Backend\src\utils\http-error.util.ts:12:12)
    at AuthService.<anonymous> (C:\Users\USER\OneDrive\Documents\brocamb\Project 2\Tahtib Al Juhd\Backend\src\Services\auth\auth.service.ts:322:28)
    at Generator.next (<anonymous>)
    at fulfilled (C:\Users\USER\OneDrive\Documents\brocamb\Project 2\Tahtib Al Juhd\Backend\src\Services\auth\auth.service.ts:5:58)
    at processTicksAndRejections (node:internal/process/task_queues:105:5)
2025-08-14 15:48:13 [[31merror[39m]: Error: Invalid token version
    at createHttpError (C:\Users\USER\OneDrive\Documents\brocamb\Project 2\Tahtib Al Juhd\Backend\src\utils\http-error.util.ts:12:12)
    at AuthService.<anonymous> (C:\Users\USER\OneDrive\Documents\brocamb\Project 2\Tahtib Al Juhd\Backend\src\Services\auth\auth.service.ts:322:28)
    at Generator.next (<anonymous>)
    at fulfilled (C:\Users\USER\OneDrive\Documents\brocamb\Project 2\Tahtib Al Juhd\Backend\src\Services\auth\auth.service.ts:5:58)
    at processTicksAndRejections (node:internal/process/task_queues:105:5)
2025-08-14 16:27:25 [[31merror[39m]: Error: Invalid token version
    at createHttpError (C:\Users\USER\OneDrive\Documents\brocamb\Project 2\Tahtib Al Juhd\Backend\src\utils\http-error.util.ts:12:12)
    at AuthService.<anonymous> (C:\Users\USER\OneDrive\Documents\brocamb\Project 2\Tahtib Al Juhd\Backend\src\Services\auth\auth.service.ts:322:28)
    at Generator.next (<anonymous>)
    at fulfilled (C:\Users\USER\OneDrive\Documents\brocamb\Project 2\Tahtib Al Juhd\Backend\src\Services\auth\auth.service.ts:5:58)
    at processTicksAndRejections (node:internal/process/task_queues:105:5)
2025-08-14 16:28:12 [[31merror[39m]: Error: Invalid token version
    at createHttpError (C:\Users\USER\OneDrive\Documents\brocamb\Project 2\Tahtib Al Juhd\Backend\src\utils\http-error.util.ts:12:12)
    at AuthService.<anonymous> (C:\Users\USER\OneDrive\Documents\brocamb\Project 2\Tahtib Al Juhd\Backend\src\Services\auth\auth.service.ts:322:28)
    at Generator.next (<anonymous>)
    at fulfilled (C:\Users\USER\OneDrive\Documents\brocamb\Project 2\Tahtib Al Juhd\Backend\src\Services\auth\auth.service.ts:5:58)
    at processTicksAndRejections (node:internal/process/task_queues:105:5)
2025-08-14 16:57:48 [[31merror[39m]: Error: Invalid token version
    at createHttpError (C:\Users\USER\OneDrive\Documents\brocamb\Project 2\Tahtib Al Juhd\Backend\src\utils\http-error.util.ts:12:12)
    at AuthService.<anonymous> (C:\Users\USER\OneDrive\Documents\brocamb\Project 2\Tahtib Al Juhd\Backend\src\Services\auth\auth.service.ts:322:28)
    at Generator.next (<anonymous>)
    at fulfilled (C:\Users\USER\OneDrive\Documents\brocamb\Project 2\Tahtib Al Juhd\Backend\src\Services\auth\auth.service.ts:5:58)
    at processTicksAndRejections (node:internal/process/task_queues:105:5)
2025-08-14 17:01:38 [[31merror[39m]: Error: Invalid token version
    at createHttpError (C:\Users\USER\OneDrive\Documents\brocamb\Project 2\Tahtib Al Juhd\Backend\src\utils\http-error.util.ts:12:12)
    at AuthService.<anonymous> (C:\Users\USER\OneDrive\Documents\brocamb\Project 2\Tahtib Al Juhd\Backend\src\Services\auth\auth.service.ts:322:28)
    at Generator.next (<anonymous>)
    at fulfilled (C:\Users\USER\OneDrive\Documents\brocamb\Project 2\Tahtib Al Juhd\Backend\src\Services\auth\auth.service.ts:5:58)
    at processTicksAndRejections (node:internal/process/task_queues:105:5)
2025-08-14 19:40:33 [[31merror[39m]: Error: Invalid token version
    at createHttpError (C:\Users\USER\OneDrive\Documents\brocamb\Project 2\Tahtib Al Juhd\Backend\src\utils\http-error.util.ts:12:12)
    at AuthService.<anonymous> (C:\Users\USER\OneDrive\Documents\brocamb\Project 2\Tahtib Al Juhd\Backend\src\Services\auth\auth.service.ts:322:28)
    at Generator.next (<anonymous>)
    at fulfilled (C:\Users\USER\OneDrive\Documents\brocamb\Project 2\Tahtib Al Juhd\Backend\src\Services\auth\auth.service.ts:5:58)
    at processTicksAndRejections (node:internal/process/task_queues:105:5)
2025-08-16 10:43:35 [[31merror[39m]: Error: Invalid password
    at createHttpError (C:\Users\USER\OneDrive\Documents\brocamb\Project 2\Tahtib Al Juhd\Backend\src\utils\http-error.util.ts:12:12)
    at AuthService.<anonymous> (C:\Users\USER\OneDrive\Documents\brocamb\Project 2\Tahtib Al Juhd\Backend\src\Services\auth\auth.service.ts:69:28)
    at Generator.next (<anonymous>)
    at fulfilled (C:\Users\USER\OneDrive\Documents\brocamb\Project 2\Tahtib Al Juhd\Backend\src\Services\auth\auth.service.ts:5:58)
2025-08-16 10:47:44 [[31merror[39m]: Error: Invalid token version
    at createHttpError (C:\Users\USER\OneDrive\Documents\brocamb\Project 2\Tahtib Al Juhd\Backend\src\utils\http-error.util.ts:12:12)
    at AuthService.<anonymous> (C:\Users\USER\OneDrive\Documents\brocamb\Project 2\Tahtib Al Juhd\Backend\src\Services\auth\auth.service.ts:322:28)
    at Generator.next (<anonymous>)
    at fulfilled (C:\Users\USER\OneDrive\Documents\brocamb\Project 2\Tahtib Al Juhd\Backend\src\Services\auth\auth.service.ts:5:58)
    at processTicksAndRejections (node:internal/process/task_queues:105:5)
2025-08-16 13:45:52 [[31merror[39m]: Error: Token expired
    at createHttpError (C:\Users\USER\OneDrive\Documents\brocamb\Project 2\Tahtib Al Juhd\Backend\src\utils\http-error.util.ts:12:12)
    at C:\Users\USER\OneDrive\Documents\brocamb\Project 2\Tahtib Al Juhd\Backend\src\middleware\verify.token.middleware.ts:45:26
    at Generator.next (<anonymous>)
    at C:\Users\USER\OneDrive\Documents\brocamb\Project 2\Tahtib Al Juhd\Backend\src\middleware\verify.token.middleware.ts:8:71
    at new Promise (<anonymous>)
    at __awaiter (C:\Users\USER\OneDrive\Documents\brocamb\Project 2\Tahtib Al Juhd\Backend\src\middleware\verify.token.middleware.ts:4:12)
    at C:\Users\USER\OneDrive\Documents\brocamb\Project 2\Tahtib Al Juhd\Backend\src\middleware\verify.token.middleware.ts:20:22
    at Layer.handle [as handle_request] (C:\Users\USER\node_modules\express\lib\router\layer.js:95:5)
    at trim_prefix (C:\Users\USER\node_modules\express\lib\router\index.js:328:13)
    at C:\Users\USER\node_modules\express\lib\router\index.js:286:9
2025-08-16 13:45:52 [[31merror[39m]: Error: Token expired
    at createHttpError (C:\Users\USER\OneDrive\Documents\brocamb\Project 2\Tahtib Al Juhd\Backend\src\utils\http-error.util.ts:12:12)
    at C:\Users\USER\OneDrive\Documents\brocamb\Project 2\Tahtib Al Juhd\Backend\src\middleware\verify.token.middleware.ts:45:26
    at Generator.next (<anonymous>)
    at C:\Users\USER\OneDrive\Documents\brocamb\Project 2\Tahtib Al Juhd\Backend\src\middleware\verify.token.middleware.ts:8:71
    at new Promise (<anonymous>)
    at __awaiter (C:\Users\USER\OneDrive\Documents\brocamb\Project 2\Tahtib Al Juhd\Backend\src\middleware\verify.token.middleware.ts:4:12)
    at C:\Users\USER\OneDrive\Documents\brocamb\Project 2\Tahtib Al Juhd\Backend\src\middleware\verify.token.middleware.ts:20:22
    at Layer.handle [as handle_request] (C:\Users\USER\node_modules\express\lib\router\layer.js:95:5)
    at trim_prefix (C:\Users\USER\node_modules\express\lib\router\index.js:328:13)
    at C:\Users\USER\node_modules\express\lib\router\index.js:286:9
2025-08-16 13:45:52 [[31merror[39m]: Error: Token expired
    at createHttpError (C:\Users\USER\OneDrive\Documents\brocamb\Project 2\Tahtib Al Juhd\Backend\src\utils\http-error.util.ts:12:12)
    at C:\Users\USER\OneDrive\Documents\brocamb\Project 2\Tahtib Al Juhd\Backend\src\middleware\verify.token.middleware.ts:45:26
    at Generator.next (<anonymous>)
    at C:\Users\USER\OneDrive\Documents\brocamb\Project 2\Tahtib Al Juhd\Backend\src\middleware\verify.token.middleware.ts:8:71
    at new Promise (<anonymous>)
    at __awaiter (C:\Users\USER\OneDrive\Documents\brocamb\Project 2\Tahtib Al Juhd\Backend\src\middleware\verify.token.middleware.ts:4:12)
    at C:\Users\USER\OneDrive\Documents\brocamb\Project 2\Tahtib Al Juhd\Backend\src\middleware\verify.token.middleware.ts:20:22
    at Layer.handle [as handle_request] (C:\Users\USER\node_modules\express\lib\router\layer.js:95:5)
    at trim_prefix (C:\Users\USER\node_modules\express\lib\router\index.js:328:13)
    at C:\Users\USER\node_modules\express\lib\router\index.js:286:9
2025-08-16 13:45:52 [[31merror[39m]: Error: Token expired
    at createHttpError (C:\Users\USER\OneDrive\Documents\brocamb\Project 2\Tahtib Al Juhd\Backend\src\utils\http-error.util.ts:12:12)
    at C:\Users\USER\OneDrive\Documents\brocamb\Project 2\Tahtib Al Juhd\Backend\src\middleware\verify.token.middleware.ts:45:26
    at Generator.next (<anonymous>)
    at C:\Users\USER\OneDrive\Documents\brocamb\Project 2\Tahtib Al Juhd\Backend\src\middleware\verify.token.middleware.ts:8:71
    at new Promise (<anonymous>)
    at __awaiter (C:\Users\USER\OneDrive\Documents\brocamb\Project 2\Tahtib Al Juhd\Backend\src\middleware\verify.token.middleware.ts:4:12)
    at C:\Users\USER\OneDrive\Documents\brocamb\Project 2\Tahtib Al Juhd\Backend\src\middleware\verify.token.middleware.ts:20:22
    at Layer.handle [as handle_request] (C:\Users\USER\node_modules\express\lib\router\layer.js:95:5)
    at trim_prefix (C:\Users\USER\node_modules\express\lib\router\index.js:328:13)
    at C:\Users\USER\node_modules\express\lib\router\index.js:286:9
2025-08-16 13:45:52 [[31merror[39m]: Error: Token expired
    at createHttpError (C:\Users\USER\OneDrive\Documents\brocamb\Project 2\Tahtib Al Juhd\Backend\src\utils\http-error.util.ts:12:12)
    at C:\Users\USER\OneDrive\Documents\brocamb\Project 2\Tahtib Al Juhd\Backend\src\middleware\verify.token.middleware.ts:45:26
    at Generator.next (<anonymous>)
    at C:\Users\USER\OneDrive\Documents\brocamb\Project 2\Tahtib Al Juhd\Backend\src\middleware\verify.token.middleware.ts:8:71
    at new Promise (<anonymous>)
    at __awaiter (C:\Users\USER\OneDrive\Documents\brocamb\Project 2\Tahtib Al Juhd\Backend\src\middleware\verify.token.middleware.ts:4:12)
    at C:\Users\USER\OneDrive\Documents\brocamb\Project 2\Tahtib Al Juhd\Backend\src\middleware\verify.token.middleware.ts:20:22
    at Layer.handle [as handle_request] (C:\Users\USER\node_modules\express\lib\router\layer.js:95:5)
    at trim_prefix (C:\Users\USER\node_modules\express\lib\router\index.js:328:13)
    at C:\Users\USER\node_modules\express\lib\router\index.js:286:9
2025-08-16 13:45:52 [[31merror[39m]: Error: Token expired
    at createHttpError (C:\Users\USER\OneDrive\Documents\brocamb\Project 2\Tahtib Al Juhd\Backend\src\utils\http-error.util.ts:12:12)
    at C:\Users\USER\OneDrive\Documents\brocamb\Project 2\Tahtib Al Juhd\Backend\src\middleware\verify.token.middleware.ts:45:26
    at Generator.next (<anonymous>)
    at C:\Users\USER\OneDrive\Documents\brocamb\Project 2\Tahtib Al Juhd\Backend\src\middleware\verify.token.middleware.ts:8:71
    at new Promise (<anonymous>)
    at __awaiter (C:\Users\USER\OneDrive\Documents\brocamb\Project 2\Tahtib Al Juhd\Backend\src\middleware\verify.token.middleware.ts:4:12)
    at C:\Users\USER\OneDrive\Documents\brocamb\Project 2\Tahtib Al Juhd\Backend\src\middleware\verify.token.middleware.ts:20:22
    at Layer.handle [as handle_request] (C:\Users\USER\node_modules\express\lib\router\layer.js:95:5)
    at trim_prefix (C:\Users\USER\node_modules\express\lib\router\index.js:328:13)
    at C:\Users\USER\node_modules\express\lib\router\index.js:286:9
2025-08-16 13:45:52 [[31merror[39m]: Error: Token expired
    at createHttpError (C:\Users\USER\OneDrive\Documents\brocamb\Project 2\Tahtib Al Juhd\Backend\src\utils\http-error.util.ts:12:12)
    at C:\Users\USER\OneDrive\Documents\brocamb\Project 2\Tahtib Al Juhd\Backend\src\middleware\verify.token.middleware.ts:45:26
    at Generator.next (<anonymous>)
    at C:\Users\USER\OneDrive\Documents\brocamb\Project 2\Tahtib Al Juhd\Backend\src\middleware\verify.token.middleware.ts:8:71
    at new Promise (<anonymous>)
    at __awaiter (C:\Users\USER\OneDrive\Documents\brocamb\Project 2\Tahtib Al Juhd\Backend\src\middleware\verify.token.middleware.ts:4:12)
    at C:\Users\USER\OneDrive\Documents\brocamb\Project 2\Tahtib Al Juhd\Backend\src\middleware\verify.token.middleware.ts:20:22
    at Layer.handle [as handle_request] (C:\Users\USER\node_modules\express\lib\router\layer.js:95:5)
    at trim_prefix (C:\Users\USER\node_modules\express\lib\router\index.js:328:13)
    at C:\Users\USER\node_modules\express\lib\router\index.js:286:9
2025-08-16 13:45:52 [[31merror[39m]: Error: Invalid token version
    at createHttpError (C:\Users\USER\OneDrive\Documents\brocamb\Project 2\Tahtib Al Juhd\Backend\src\utils\http-error.util.ts:12:12)
    at C:\Users\USER\OneDrive\Documents\brocamb\Project 2\Tahtib Al Juhd\Backend\src\middleware\verify.token.middleware.ts:108:26
    at Generator.next (<anonymous>)
    at fulfilled (C:\Users\USER\OneDrive\Documents\brocamb\Project 2\Tahtib Al Juhd\Backend\src\middleware\verify.token.middleware.ts:5:58)
    at processTicksAndRejections (node:internal/process/task_queues:105:5)
2025-08-16 13:45:52 [[31merror[39m]: Error: Invalid token version
    at createHttpError (C:\Users\USER\OneDrive\Documents\brocamb\Project 2\Tahtib Al Juhd\Backend\src\utils\http-error.util.ts:12:12)
    at C:\Users\USER\OneDrive\Documents\brocamb\Project 2\Tahtib Al Juhd\Backend\src\middleware\verify.token.middleware.ts:108:26
    at Generator.next (<anonymous>)
    at fulfilled (C:\Users\USER\OneDrive\Documents\brocamb\Project 2\Tahtib Al Juhd\Backend\src\middleware\verify.token.middleware.ts:5:58)
    at processTicksAndRejections (node:internal/process/task_queues:105:5)
2025-08-16 13:45:52 [[31merror[39m]: Error: Invalid token version
    at createHttpError (C:\Users\USER\OneDrive\Documents\brocamb\Project 2\Tahtib Al Juhd\Backend\src\utils\http-error.util.ts:12:12)
    at C:\Users\USER\OneDrive\Documents\brocamb\Project 2\Tahtib Al Juhd\Backend\src\middleware\verify.token.middleware.ts:108:26
    at Generator.next (<anonymous>)
    at fulfilled (C:\Users\USER\OneDrive\Documents\brocamb\Project 2\Tahtib Al Juhd\Backend\src\middleware\verify.token.middleware.ts:5:58)
    at processTicksAndRejections (node:internal/process/task_queues:105:5)
2025-08-16 13:45:52 [[31merror[39m]: Error: Invalid token version
    at createHttpError (C:\Users\USER\OneDrive\Documents\brocamb\Project 2\Tahtib Al Juhd\Backend\src\utils\http-error.util.ts:12:12)
    at C:\Users\USER\OneDrive\Documents\brocamb\Project 2\Tahtib Al Juhd\Backend\src\middleware\verify.token.middleware.ts:108:26
    at Generator.next (<anonymous>)
    at fulfilled (C:\Users\USER\OneDrive\Documents\brocamb\Project 2\Tahtib Al Juhd\Backend\src\middleware\verify.token.middleware.ts:5:58)
    at processTicksAndRejections (node:internal/process/task_queues:105:5)
2025-08-16 13:51:41 [[31merror[39m]: TypeError: Cannot read properties of undefined (reading 'toString')
    at C:\Users\USER\OneDrive\Documents\brocamb\Project 2\Tahtib Al Juhd\Backend\src\Services\shared\Chat.service.ts:17:29
    at Array.map (<anonymous>)
    at Proxy.methods.<computed> (C:\Users\USER\node_modules\mongoose\lib\types\array\methods\index.js:1054:24)
    at ChatService.<anonymous> (C:\Users\USER\OneDrive\Documents\brocamb\Project 2\Tahtib Al Juhd\Backend\src\Services\shared\Chat.service.ts:15:38)
    at Generator.next (<anonymous>)
    at fulfilled (C:\Users\USER\OneDrive\Documents\brocamb\Project 2\Tahtib Al Juhd\Backend\src\Services\shared\Chat.service.ts:5:58)
    at processTicksAndRejections (node:internal/process/task_queues:105:5)
2025-08-16 13:51:41 [[31merror[39m]: TypeError: Cannot read properties of undefined (reading 'toString')
    at C:\Users\USER\OneDrive\Documents\brocamb\Project 2\Tahtib Al Juhd\Backend\src\Services\shared\Chat.service.ts:17:29
    at Array.map (<anonymous>)
    at Proxy.methods.<computed> (C:\Users\USER\node_modules\mongoose\lib\types\array\methods\index.js:1054:24)
    at ChatService.<anonymous> (C:\Users\USER\OneDrive\Documents\brocamb\Project 2\Tahtib Al Juhd\Backend\src\Services\shared\Chat.service.ts:15:38)
    at Generator.next (<anonymous>)
    at fulfilled (C:\Users\USER\OneDrive\Documents\brocamb\Project 2\Tahtib Al Juhd\Backend\src\Services\shared\Chat.service.ts:5:58)
    at processTicksAndRejections (node:internal/process/task_queues:105:5)
2025-08-16 13:52:49 [[31merror[39m]: TypeError: Cannot read properties of undefined (reading 'toString')
    at C:\Users\USER\OneDrive\Documents\brocamb\Project 2\Tahtib Al Juhd\Backend\src\Services\shared\Chat.service.ts:17:29
    at Array.map (<anonymous>)
    at Proxy.methods.<computed> (C:\Users\USER\node_modules\mongoose\lib\types\array\methods\index.js:1054:24)
    at ChatService.<anonymous> (C:\Users\USER\OneDrive\Documents\brocamb\Project 2\Tahtib Al Juhd\Backend\src\Services\shared\Chat.service.ts:15:38)
    at Generator.next (<anonymous>)
    at fulfilled (C:\Users\USER\OneDrive\Documents\brocamb\Project 2\Tahtib Al Juhd\Backend\src\Services\shared\Chat.service.ts:5:58)
    at processTicksAndRejections (node:internal/process/task_queues:105:5)
2025-08-17 06:20:01 [[31merror[39m]: Error: Invalid token version
    at createHttpError (C:\Users\USER\OneDrive\Documents\brocamb\Project 2\Tahtib Al Juhd\Backend\src\utils\http-error.util.ts:12:12)
    at AuthService.<anonymous> (C:\Users\USER\OneDrive\Documents\brocamb\Project 2\Tahtib Al Juhd\Backend\src\Services\auth\auth.service.ts:322:28)
    at Generator.next (<anonymous>)
    at fulfilled (C:\Users\USER\OneDrive\Documents\brocamb\Project 2\Tahtib Al Juhd\Backend\src\Services\auth\auth.service.ts:5:58)
    at processTicksAndRejections (node:internal/process/task_queues:105:5)
2025-08-17 07:57:22 [[31merror[39m]: Error: Token expired
    at createHttpError (C:\Users\USER\OneDrive\Documents\brocamb\Project 2\Tahtib Al Juhd\Backend\src\utils\http-error.util.ts:12:12)
    at C:\Users\USER\OneDrive\Documents\brocamb\Project 2\Tahtib Al Juhd\Backend\src\middleware\verify.token.middleware.ts:45:26
    at Generator.next (<anonymous>)
    at C:\Users\USER\OneDrive\Documents\brocamb\Project 2\Tahtib Al Juhd\Backend\src\middleware\verify.token.middleware.ts:8:71
    at new Promise (<anonymous>)
    at __awaiter (C:\Users\USER\OneDrive\Documents\brocamb\Project 2\Tahtib Al Juhd\Backend\src\middleware\verify.token.middleware.ts:4:12)
    at C:\Users\USER\OneDrive\Documents\brocamb\Project 2\Tahtib Al Juhd\Backend\src\middleware\verify.token.middleware.ts:20:22
    at Layer.handle [as handle_request] (C:\Users\USER\node_modules\express\lib\router\layer.js:95:5)
    at trim_prefix (C:\Users\USER\node_modules\express\lib\router\index.js:328:13)
    at C:\Users\USER\node_modules\express\lib\router\index.js:286:9
2025-08-17 07:57:22 [[31merror[39m]: Error: Token expired
    at createHttpError (C:\Users\USER\OneDrive\Documents\brocamb\Project 2\Tahtib Al Juhd\Backend\src\utils\http-error.util.ts:12:12)
    at C:\Users\USER\OneDrive\Documents\brocamb\Project 2\Tahtib Al Juhd\Backend\src\middleware\verify.token.middleware.ts:45:26
    at Generator.next (<anonymous>)
    at C:\Users\USER\OneDrive\Documents\brocamb\Project 2\Tahtib Al Juhd\Backend\src\middleware\verify.token.middleware.ts:8:71
    at new Promise (<anonymous>)
    at __awaiter (C:\Users\USER\OneDrive\Documents\brocamb\Project 2\Tahtib Al Juhd\Backend\src\middleware\verify.token.middleware.ts:4:12)
    at C:\Users\USER\OneDrive\Documents\brocamb\Project 2\Tahtib Al Juhd\Backend\src\middleware\verify.token.middleware.ts:20:22
    at Layer.handle [as handle_request] (C:\Users\USER\node_modules\express\lib\router\layer.js:95:5)
    at trim_prefix (C:\Users\USER\node_modules\express\lib\router\index.js:328:13)
    at C:\Users\USER\node_modules\express\lib\router\index.js:286:9
2025-08-17 07:57:22 [[31merror[39m]: Error: Token expired
    at createHttpError (C:\Users\USER\OneDrive\Documents\brocamb\Project 2\Tahtib Al Juhd\Backend\src\utils\http-error.util.ts:12:12)
    at C:\Users\USER\OneDrive\Documents\brocamb\Project 2\Tahtib Al Juhd\Backend\src\middleware\verify.token.middleware.ts:45:26
    at Generator.next (<anonymous>)
    at C:\Users\USER\OneDrive\Documents\brocamb\Project 2\Tahtib Al Juhd\Backend\src\middleware\verify.token.middleware.ts:8:71
    at new Promise (<anonymous>)
    at __awaiter (C:\Users\USER\OneDrive\Documents\brocamb\Project 2\Tahtib Al Juhd\Backend\src\middleware\verify.token.middleware.ts:4:12)
    at C:\Users\USER\OneDrive\Documents\brocamb\Project 2\Tahtib Al Juhd\Backend\src\middleware\verify.token.middleware.ts:20:22
    at Layer.handle [as handle_request] (C:\Users\USER\node_modules\express\lib\router\layer.js:95:5)
    at trim_prefix (C:\Users\USER\node_modules\express\lib\router\index.js:328:13)
    at C:\Users\USER\node_modules\express\lib\router\index.js:286:9
2025-08-17 07:57:22 [[31merror[39m]: Error: Token expired
    at createHttpError (C:\Users\USER\OneDrive\Documents\brocamb\Project 2\Tahtib Al Juhd\Backend\src\utils\http-error.util.ts:12:12)
    at C:\Users\USER\OneDrive\Documents\brocamb\Project 2\Tahtib Al Juhd\Backend\src\middleware\verify.token.middleware.ts:45:26
    at Generator.next (<anonymous>)
    at C:\Users\USER\OneDrive\Documents\brocamb\Project 2\Tahtib Al Juhd\Backend\src\middleware\verify.token.middleware.ts:8:71
    at new Promise (<anonymous>)
    at __awaiter (C:\Users\USER\OneDrive\Documents\brocamb\Project 2\Tahtib Al Juhd\Backend\src\middleware\verify.token.middleware.ts:4:12)
    at C:\Users\USER\OneDrive\Documents\brocamb\Project 2\Tahtib Al Juhd\Backend\src\middleware\verify.token.middleware.ts:20:22
    at Layer.handle [as handle_request] (C:\Users\USER\node_modules\express\lib\router\layer.js:95:5)
    at trim_prefix (C:\Users\USER\node_modules\express\lib\router\index.js:328:13)
    at C:\Users\USER\node_modules\express\lib\router\index.js:286:9
2025-08-17 07:57:22 [[31merror[39m]: Error: Invalid token version
    at createHttpError (C:\Users\USER\OneDrive\Documents\brocamb\Project 2\Tahtib Al Juhd\Backend\src\utils\http-error.util.ts:12:12)
    at C:\Users\USER\OneDrive\Documents\brocamb\Project 2\Tahtib Al Juhd\Backend\src\middleware\verify.token.middleware.ts:108:26
    at Generator.next (<anonymous>)
    at fulfilled (C:\Users\USER\OneDrive\Documents\brocamb\Project 2\Tahtib Al Juhd\Backend\src\middleware\verify.token.middleware.ts:5:58)
    at processTicksAndRejections (node:internal/process/task_queues:105:5)
2025-08-17 07:57:22 [[31merror[39m]: Error: Invalid token version
    at createHttpError (C:\Users\USER\OneDrive\Documents\brocamb\Project 2\Tahtib Al Juhd\Backend\src\utils\http-error.util.ts:12:12)
    at C:\Users\USER\OneDrive\Documents\brocamb\Project 2\Tahtib Al Juhd\Backend\src\middleware\verify.token.middleware.ts:108:26
    at Generator.next (<anonymous>)
    at fulfilled (C:\Users\USER\OneDrive\Documents\brocamb\Project 2\Tahtib Al Juhd\Backend\src\middleware\verify.token.middleware.ts:5:58)
    at processTicksAndRejections (node:internal/process/task_queues:105:5)
2025-08-17 11:28:53 [[31merror[39m]: Error: Token expired
    at createHttpError (C:\Users\USER\OneDrive\Documents\brocamb\Project 2\Tahtib Al Juhd\Backend\src\utils\http-error.util.ts:12:12)
    at C:\Users\USER\OneDrive\Documents\brocamb\Project 2\Tahtib Al Juhd\Backend\src\middleware\verify.token.middleware.ts:45:26
    at Generator.next (<anonymous>)
    at C:\Users\USER\OneDrive\Documents\brocamb\Project 2\Tahtib Al Juhd\Backend\src\middleware\verify.token.middleware.ts:8:71
    at new Promise (<anonymous>)
    at __awaiter (C:\Users\USER\OneDrive\Documents\brocamb\Project 2\Tahtib Al Juhd\Backend\src\middleware\verify.token.middleware.ts:4:12)
    at C:\Users\USER\OneDrive\Documents\brocamb\Project 2\Tahtib Al Juhd\Backend\src\middleware\verify.token.middleware.ts:20:22
    at Layer.handle [as handle_request] (C:\Users\USER\node_modules\express\lib\router\layer.js:95:5)
    at trim_prefix (C:\Users\USER\node_modules\express\lib\router\index.js:328:13)
    at C:\Users\USER\node_modules\express\lib\router\index.js:286:9
2025-08-17 11:28:53 [[31merror[39m]: Error: Token expired
    at createHttpError (C:\Users\USER\OneDrive\Documents\brocamb\Project 2\Tahtib Al Juhd\Backend\src\utils\http-error.util.ts:12:12)
    at C:\Users\USER\OneDrive\Documents\brocamb\Project 2\Tahtib Al Juhd\Backend\src\middleware\verify.token.middleware.ts:45:26
    at Generator.next (<anonymous>)
    at C:\Users\USER\OneDrive\Documents\brocamb\Project 2\Tahtib Al Juhd\Backend\src\middleware\verify.token.middleware.ts:8:71
    at new Promise (<anonymous>)
    at __awaiter (C:\Users\USER\OneDrive\Documents\brocamb\Project 2\Tahtib Al Juhd\Backend\src\middleware\verify.token.middleware.ts:4:12)
    at C:\Users\USER\OneDrive\Documents\brocamb\Project 2\Tahtib Al Juhd\Backend\src\middleware\verify.token.middleware.ts:20:22
    at Layer.handle [as handle_request] (C:\Users\USER\node_modules\express\lib\router\layer.js:95:5)
    at trim_prefix (C:\Users\USER\node_modules\express\lib\router\index.js:328:13)
    at C:\Users\USER\node_modules\express\lib\router\index.js:286:9
2025-08-17 11:28:53 [[31merror[39m]: Error: Token expired
    at createHttpError (C:\Users\USER\OneDrive\Documents\brocamb\Project 2\Tahtib Al Juhd\Backend\src\utils\http-error.util.ts:12:12)
    at C:\Users\USER\OneDrive\Documents\brocamb\Project 2\Tahtib Al Juhd\Backend\src\middleware\verify.token.middleware.ts:45:26
    at Generator.next (<anonymous>)
    at C:\Users\USER\OneDrive\Documents\brocamb\Project 2\Tahtib Al Juhd\Backend\src\middleware\verify.token.middleware.ts:8:71
    at new Promise (<anonymous>)
    at __awaiter (C:\Users\USER\OneDrive\Documents\brocamb\Project 2\Tahtib Al Juhd\Backend\src\middleware\verify.token.middleware.ts:4:12)
    at C:\Users\USER\OneDrive\Documents\brocamb\Project 2\Tahtib Al Juhd\Backend\src\middleware\verify.token.middleware.ts:20:22
    at Layer.handle [as handle_request] (C:\Users\USER\node_modules\express\lib\router\layer.js:95:5)
    at trim_prefix (C:\Users\USER\node_modules\express\lib\router\index.js:328:13)
    at C:\Users\USER\node_modules\express\lib\router\index.js:286:9
2025-08-17 11:31:44 [[31merror[39m]: Error: Token expired
    at createHttpError (C:\Users\USER\OneDrive\Documents\brocamb\Project 2\Tahtib Al Juhd\Backend\src\utils\http-error.util.ts:12:12)
    at C:\Users\USER\OneDrive\Documents\brocamb\Project 2\Tahtib Al Juhd\Backend\src\middleware\verify.token.middleware.ts:45:26
    at Generator.next (<anonymous>)
    at C:\Users\USER\OneDrive\Documents\brocamb\Project 2\Tahtib Al Juhd\Backend\src\middleware\verify.token.middleware.ts:8:71
    at new Promise (<anonymous>)
    at __awaiter (C:\Users\USER\OneDrive\Documents\brocamb\Project 2\Tahtib Al Juhd\Backend\src\middleware\verify.token.middleware.ts:4:12)
    at C:\Users\USER\OneDrive\Documents\brocamb\Project 2\Tahtib Al Juhd\Backend\src\middleware\verify.token.middleware.ts:20:22
    at Layer.handle [as handle_request] (C:\Users\USER\node_modules\express\lib\router\layer.js:95:5)
    at trim_prefix (C:\Users\USER\node_modules\express\lib\router\index.js:328:13)
    at C:\Users\USER\node_modules\express\lib\router\index.js:286:9
2025-08-17 11:34:19 [[31merror[39m]: Error: Invalid token version
    at createHttpError (C:\Users\USER\OneDrive\Documents\brocamb\Project 2\Tahtib Al Juhd\Backend\src\utils\http-error.util.ts:12:12)
    at AuthService.<anonymous> (C:\Users\USER\OneDrive\Documents\brocamb\Project 2\Tahtib Al Juhd\Backend\src\Services\auth\auth.service.ts:322:28)
    at Generator.next (<anonymous>)
    at fulfilled (C:\Users\USER\OneDrive\Documents\brocamb\Project 2\Tahtib Al Juhd\Backend\src\Services\auth\auth.service.ts:5:58)
    at processTicksAndRejections (node:internal/process/task_queues:105:5)
2025-08-17 14:05:10 [[31merror[39m]: Error: Invalid token version
    at createHttpError (C:\Users\USER\OneDrive\Documents\brocamb\Project 2\Tahtib Al Juhd\Backend\src\utils\http-error.util.ts:12:12)
    at AuthService.<anonymous> (C:\Users\USER\OneDrive\Documents\brocamb\Project 2\Tahtib Al Juhd\Backend\src\Services\auth\auth.service.ts:322:28)
    at Generator.next (<anonymous>)
    at fulfilled (C:\Users\USER\OneDrive\Documents\brocamb\Project 2\Tahtib Al Juhd\Backend\src\Services\auth\auth.service.ts:5:58)
    at processTicksAndRejections (node:internal/process/task_queues:105:5)
2025-08-17 14:05:26 [[31merror[39m]: Error: Invalid password
    at createHttpError (C:\Users\USER\OneDrive\Documents\brocamb\Project 2\Tahtib Al Juhd\Backend\src\utils\http-error.util.ts:12:12)
    at AuthService.<anonymous> (C:\Users\USER\OneDrive\Documents\brocamb\Project 2\Tahtib Al Juhd\Backend\src\Services\auth\auth.service.ts:69:28)
    at Generator.next (<anonymous>)
    at fulfilled (C:\Users\USER\OneDrive\Documents\brocamb\Project 2\Tahtib Al Juhd\Backend\src\Services\auth\auth.service.ts:5:58)
2025-08-17 14:18:54 [[31merror[39m]: Error: Invalid token version
    at createHttpError (C:\Users\USER\OneDrive\Documents\brocamb\Project 2\Tahtib Al Juhd\Backend\src\utils\http-error.util.ts:12:12)
    at AuthService.<anonymous> (C:\Users\USER\OneDrive\Documents\brocamb\Project 2\Tahtib Al Juhd\Backend\src\Services\auth\auth.service.ts:322:28)
    at Generator.next (<anonymous>)
    at fulfilled (C:\Users\USER\OneDrive\Documents\brocamb\Project 2\Tahtib Al Juhd\Backend\src\Services\auth\auth.service.ts:5:58)
    at processTicksAndRejections (node:internal/process/task_queues:105:5)
2025-08-17 14:22:44 [[31merror[39m]: Error: Invalid token version
    at createHttpError (C:\Users\USER\OneDrive\Documents\brocamb\Project 2\Tahtib Al Juhd\Backend\src\utils\http-error.util.ts:12:12)
    at AuthService.<anonymous> (C:\Users\USER\OneDrive\Documents\brocamb\Project 2\Tahtib Al Juhd\Backend\src\Services\auth\auth.service.ts:322:28)
    at Generator.next (<anonymous>)
    at fulfilled (C:\Users\USER\OneDrive\Documents\brocamb\Project 2\Tahtib Al Juhd\Backend\src\Services\auth\auth.service.ts:5:58)
    at processTicksAndRejections (node:internal/process/task_queues:105:5)
2025-08-17 14:27:34 [[31merror[39m]: Error: Invalid token version
    at createHttpError (C:\Users\USER\OneDrive\Documents\brocamb\Project 2\Tahtib Al Juhd\Backend\src\utils\http-error.util.ts:12:12)
    at AuthService.<anonymous> (C:\Users\USER\OneDrive\Documents\brocamb\Project 2\Tahtib Al Juhd\Backend\src\Services\auth\auth.service.ts:322:28)
    at Generator.next (<anonymous>)
    at fulfilled (C:\Users\USER\OneDrive\Documents\brocamb\Project 2\Tahtib Al Juhd\Backend\src\Services\auth\auth.service.ts:5:58)
    at processTicksAndRejections (node:internal/process/task_queues:105:5)
2025-08-17 14:27:35 [[31merror[39m]: Error: Invalid token version
    at createHttpError (C:\Users\USER\OneDrive\Documents\brocamb\Project 2\Tahtib Al Juhd\Backend\src\utils\http-error.util.ts:12:12)
    at AuthService.<anonymous> (C:\Users\USER\OneDrive\Documents\brocamb\Project 2\Tahtib Al Juhd\Backend\src\Services\auth\auth.service.ts:322:28)
    at Generator.next (<anonymous>)
    at fulfilled (C:\Users\USER\OneDrive\Documents\brocamb\Project 2\Tahtib Al Juhd\Backend\src\Services\auth\auth.service.ts:5:58)
    at processTicksAndRejections (node:internal/process/task_queues:105:5)
2025-08-17 21:30:27 [[31merror[39m]: Error: No current trainer found for this user
    at clientTrainerService.<anonymous> (C:\Users\USER\OneDrive\Documents\brocamb\Project 2\Tahtib Al Juhd\Backend\src\Services\client\client.trainer.service.ts:66:38)
    at Generator.next (<anonymous>)
    at fulfilled (C:\Users\USER\OneDrive\Documents\brocamb\Project 2\Tahtib Al Juhd\Backend\src\Services\client\client.trainer.service.ts:5:58)
    at processTicksAndRejections (node:internal/process/task_queues:105:5)
2025-08-17 21:30:44 [[31merror[39m]: Error: No current trainer found for this user
    at clientTrainerService.<anonymous> (C:\Users\USER\OneDrive\Documents\brocamb\Project 2\Tahtib Al Juhd\Backend\src\Services\client\client.trainer.service.ts:66:38)
    at Generator.next (<anonymous>)
    at fulfilled (C:\Users\USER\OneDrive\Documents\brocamb\Project 2\Tahtib Al Juhd\Backend\src\Services\client\client.trainer.service.ts:5:58)
    at processTicksAndRejections (node:internal/process/task_queues:105:5)
2025-08-17 21:31:01 [[31merror[39m]: Error: No current trainer found for this user
    at clientTrainerService.<anonymous> (C:\Users\USER\OneDrive\Documents\brocamb\Project 2\Tahtib Al Juhd\Backend\src\Services\client\client.trainer.service.ts:66:38)
    at Generator.next (<anonymous>)
    at fulfilled (C:\Users\USER\OneDrive\Documents\brocamb\Project 2\Tahtib Al Juhd\Backend\src\Services\client\client.trainer.service.ts:5:58)
    at processTicksAndRejections (node:internal/process/task_queues:105:5)
2025-08-17 21:31:14 [[31merror[39m]: Error: No current trainer found for this user
    at clientTrainerService.<anonymous> (C:\Users\USER\OneDrive\Documents\brocamb\Project 2\Tahtib Al Juhd\Backend\src\Services\client\client.trainer.service.ts:66:38)
    at Generator.next (<anonymous>)
    at fulfilled (C:\Users\USER\OneDrive\Documents\brocamb\Project 2\Tahtib Al Juhd\Backend\src\Services\client\client.trainer.service.ts:5:58)
    at processTicksAndRejections (node:internal/process/task_queues:105:5)
2025-08-17 21:31:48 [[31merror[39m]: TypeError: Cannot read properties of null (reading 'filePath')
    at TrainerClientService.<anonymous> (C:\Users\USER\OneDrive\Documents\brocamb\Project 2\Tahtib Al Juhd\Backend\src\Services\trainer\trainer.clients.service.ts:30:54)
    at Generator.next (<anonymous>)
    at fulfilled (C:\Users\USER\OneDrive\Documents\brocamb\Project 2\Tahtib Al Juhd\Backend\src\Services\trainer\trainer.clients.service.ts:5:58)
    at processTicksAndRejections (node:internal/process/task_queues:105:5)
2025-08-17 21:32:01 [[31merror[39m]: Error: Invalid token version
    at createHttpError (C:\Users\USER\OneDrive\Documents\brocamb\Project 2\Tahtib Al Juhd\Backend\src\utils\http-error.util.ts:12:12)
    at AuthService.<anonymous> (C:\Users\USER\OneDrive\Documents\brocamb\Project 2\Tahtib Al Juhd\Backend\src\Services\auth\auth.service.ts:322:28)
    at Generator.next (<anonymous>)
    at fulfilled (C:\Users\USER\OneDrive\Documents\brocamb\Project 2\Tahtib Al Juhd\Backend\src\Services\auth\auth.service.ts:5:58)
    at processTicksAndRejections (node:internal/process/task_queues:105:5)
2025-08-17 21:32:01 [[31merror[39m]: TypeError: Cannot read properties of null (reading 'filePath')
    at TrainerClientService.<anonymous> (C:\Users\USER\OneDrive\Documents\brocamb\Project 2\Tahtib Al Juhd\Backend\src\Services\trainer\trainer.clients.service.ts:30:54)
    at Generator.next (<anonymous>)
    at fulfilled (C:\Users\USER\OneDrive\Documents\brocamb\Project 2\Tahtib Al Juhd\Backend\src\Services\trainer\trainer.clients.service.ts:5:58)
    at processTicksAndRejections (node:internal/process/task_queues:105:5)
2025-08-17 21:33:30 [[31merror[39m]: TypeError: Cannot read properties of null (reading 'filePath')
    at TrainerClientService.<anonymous> (C:\Users\USER\OneDrive\Documents\brocamb\Project 2\Tahtib Al Juhd\Backend\src\Services\trainer\trainer.clients.service.ts:30:54)
    at Generator.next (<anonymous>)
    at fulfilled (C:\Users\USER\OneDrive\Documents\brocamb\Project 2\Tahtib Al Juhd\Backend\src\Services\trainer\trainer.clients.service.ts:5:58)
    at processTicksAndRejections (node:internal/process/task_queues:105:5)
2025-08-17 21:34:14 [[31merror[39m]: TypeError: Cannot read properties of null (reading 'filePath')
    at TrainerClientService.<anonymous> (C:\Users\USER\OneDrive\Documents\brocamb\Project 2\Tahtib Al Juhd\Backend\src\Services\trainer\trainer.clients.service.ts:30:54)
    at Generator.next (<anonymous>)
    at fulfilled (C:\Users\USER\OneDrive\Documents\brocamb\Project 2\Tahtib Al Juhd\Backend\src\Services\trainer\trainer.clients.service.ts:5:58)
    at processTicksAndRejections (node:internal/process/task_queues:105:5)
2025-08-17 21:34:49 [[31merror[39m]: TypeError: Cannot read properties of null (reading 'filePath')
    at TrainerClientService.<anonymous> (C:\Users\USER\OneDrive\Documents\brocamb\Project 2\Tahtib Al Juhd\Backend\src\Services\trainer\trainer.clients.service.ts:30:54)
    at Generator.next (<anonymous>)
    at fulfilled (C:\Users\USER\OneDrive\Documents\brocamb\Project 2\Tahtib Al Juhd\Backend\src\Services\trainer\trainer.clients.service.ts:5:58)
    at processTicksAndRejections (node:internal/process/task_queues:105:5)
2025-08-17 21:37:06 [[31merror[39m]: TypeError: Invalid URL
    at new URL (node:internal/url:819:25)
    at C:\Users\USER\OneDrive\Documents\brocamb\Project 2\Tahtib Al Juhd\Backend\src\utils\s3Storage.utils.ts:43:15
    at Generator.next (<anonymous>)
    at C:\Users\USER\OneDrive\Documents\brocamb\Project 2\Tahtib Al Juhd\Backend\src\utils\s3Storage.utils.ts:8:71
    at new Promise (<anonymous>)
    at __awaiter (C:\Users\USER\OneDrive\Documents\brocamb\Project 2\Tahtib Al Juhd\Backend\src\utils\s3Storage.utils.ts:4:12)
    at generateSignedUrl (C:\Users\USER\OneDrive\Documents\brocamb\Project 2\Tahtib Al Juhd\Backend\src\utils\s3Storage.utils.ts:47:12)
    at TrainerClientService.<anonymous> (C:\Users\USER\OneDrive\Documents\brocamb\Project 2\Tahtib Al Juhd\Backend\src\Services\trainer\trainer.clients.service.ts:30:47)
    at Generator.next (<anonymous>)
    at fulfilled (C:\Users\USER\OneDrive\Documents\brocamb\Project 2\Tahtib Al Juhd\Backend\src\Services\trainer\trainer.clients.service.ts:5:58)
2025-08-17 21:54:38 [[31merror[39m]: Error: Invalid token version
    at createHttpError (C:\Users\USER\OneDrive\Documents\brocamb\Project 2\Tahtib Al Juhd\Backend\src\utils\http-error.util.ts:12:12)
    at C:\Users\USER\OneDrive\Documents\brocamb\Project 2\Tahtib Al Juhd\Backend\src\middleware\verify.token.middleware.ts:108:26
    at Generator.next (<anonymous>)
    at fulfilled (C:\Users\USER\OneDrive\Documents\brocamb\Project 2\Tahtib Al Juhd\Backend\src\middleware\verify.token.middleware.ts:5:58)
    at processTicksAndRejections (node:internal/process/task_queues:105:5)
2025-08-17 22:17:51 [[31merror[39m]: Error: Token expired
    at createHttpError (C:\Users\USER\OneDrive\Documents\brocamb\Project 2\Tahtib Al Juhd\Backend\src\utils\http-error.util.ts:12:12)
    at C:\Users\USER\OneDrive\Documents\brocamb\Project 2\Tahtib Al Juhd\Backend\src\middleware\verify.token.middleware.ts:45:26
    at Generator.next (<anonymous>)
    at C:\Users\USER\OneDrive\Documents\brocamb\Project 2\Tahtib Al Juhd\Backend\src\middleware\verify.token.middleware.ts:8:71
    at new Promise (<anonymous>)
    at __awaiter (C:\Users\USER\OneDrive\Documents\brocamb\Project 2\Tahtib Al Juhd\Backend\src\middleware\verify.token.middleware.ts:4:12)
    at C:\Users\USER\OneDrive\Documents\brocamb\Project 2\Tahtib Al Juhd\Backend\src\middleware\verify.token.middleware.ts:20:22
    at Layer.handle [as handle_request] (C:\Users\USER\node_modules\express\lib\router\layer.js:95:5)
    at trim_prefix (C:\Users\USER\node_modules\express\lib\router\index.js:328:13)
    at C:\Users\USER\node_modules\express\lib\router\index.js:286:9
2025-08-17 22:37:23 [[31merror[39m]: Error: Invalid token version
    at createHttpError (C:\Users\USER\OneDrive\Documents\brocamb\Project 2\Tahtib Al Juhd\Backend\src\utils\http-error.util.ts:12:12)
    at AuthService.<anonymous> (C:\Users\USER\OneDrive\Documents\brocamb\Project 2\Tahtib Al Juhd\Backend\src\Services\auth\auth.service.ts:322:28)
    at Generator.next (<anonymous>)
    at fulfilled (C:\Users\USER\OneDrive\Documents\brocamb\Project 2\Tahtib Al Juhd\Backend\src\Services\auth\auth.service.ts:5:58)
    at processTicksAndRejections (node:internal/process/task_queues:105:5)
2025-08-17 23:00:47 [[31merror[39m]: Error: Token expired
    at createHttpError (C:\Users\USER\OneDrive\Documents\brocamb\Project 2\Tahtib Al Juhd\Backend\src\utils\http-error.util.ts:12:12)
    at C:\Users\USER\OneDrive\Documents\brocamb\Project 2\Tahtib Al Juhd\Backend\src\middleware\verify.token.middleware.ts:45:26
    at Generator.next (<anonymous>)
    at C:\Users\USER\OneDrive\Documents\brocamb\Project 2\Tahtib Al Juhd\Backend\src\middleware\verify.token.middleware.ts:8:71
    at new Promise (<anonymous>)
    at __awaiter (C:\Users\USER\OneDrive\Documents\brocamb\Project 2\Tahtib Al Juhd\Backend\src\middleware\verify.token.middleware.ts:4:12)
    at C:\Users\USER\OneDrive\Documents\brocamb\Project 2\Tahtib Al Juhd\Backend\src\middleware\verify.token.middleware.ts:20:22
    at Layer.handle [as handle_request] (C:\Users\USER\node_modules\express\lib\router\layer.js:95:5)
    at trim_prefix (C:\Users\USER\node_modules\express\lib\router\index.js:328:13)
    at C:\Users\USER\node_modules\express\lib\router\index.js:286:9
2025-08-17 23:00:56 [[31merror[39m]: Error: Invalid token version
    at createHttpError (C:\Users\USER\OneDrive\Documents\brocamb\Project 2\Tahtib Al Juhd\Backend\src\utils\http-error.util.ts:12:12)
    at AuthService.<anonymous> (C:\Users\USER\OneDrive\Documents\brocamb\Project 2\Tahtib Al Juhd\Backend\src\Services\auth\auth.service.ts:322:28)
    at Generator.next (<anonymous>)
    at fulfilled (C:\Users\USER\OneDrive\Documents\brocamb\Project 2\Tahtib Al Juhd\Backend\src\Services\auth\auth.service.ts:5:58)
    at processTicksAndRejections (node:internal/process/task_queues:105:5)
2025-08-17 23:26:04 [[31merror[39m]: Error: Token expired
    at createHttpError (C:\Users\USER\OneDrive\Documents\brocamb\Project 2\Tahtib Al Juhd\Backend\src\utils\http-error.util.ts:12:12)
    at C:\Users\USER\OneDrive\Documents\brocamb\Project 2\Tahtib Al Juhd\Backend\src\middleware\verify.token.middleware.ts:45:26
    at Generator.next (<anonymous>)
    at C:\Users\USER\OneDrive\Documents\brocamb\Project 2\Tahtib Al Juhd\Backend\src\middleware\verify.token.middleware.ts:8:71
    at new Promise (<anonymous>)
    at __awaiter (C:\Users\USER\OneDrive\Documents\brocamb\Project 2\Tahtib Al Juhd\Backend\src\middleware\verify.token.middleware.ts:4:12)
    at C:\Users\USER\OneDrive\Documents\brocamb\Project 2\Tahtib Al Juhd\Backend\src\middleware\verify.token.middleware.ts:20:22
    at Layer.handle [as handle_request] (C:\Users\USER\node_modules\express\lib\router\layer.js:95:5)
    at trim_prefix (C:\Users\USER\node_modules\express\lib\router\index.js:328:13)
    at C:\Users\USER\node_modules\express\lib\router\index.js:286:9
2025-08-17 23:26:04 [[31merror[39m]: Error: Token expired
    at createHttpError (C:\Users\USER\OneDrive\Documents\brocamb\Project 2\Tahtib Al Juhd\Backend\src\utils\http-error.util.ts:12:12)
    at C:\Users\USER\OneDrive\Documents\brocamb\Project 2\Tahtib Al Juhd\Backend\src\middleware\verify.token.middleware.ts:45:26
    at Generator.next (<anonymous>)
    at C:\Users\USER\OneDrive\Documents\brocamb\Project 2\Tahtib Al Juhd\Backend\src\middleware\verify.token.middleware.ts:8:71
    at new Promise (<anonymous>)
    at __awaiter (C:\Users\USER\OneDrive\Documents\brocamb\Project 2\Tahtib Al Juhd\Backend\src\middleware\verify.token.middleware.ts:4:12)
    at C:\Users\USER\OneDrive\Documents\brocamb\Project 2\Tahtib Al Juhd\Backend\src\middleware\verify.token.middleware.ts:20:22
    at Layer.handle [as handle_request] (C:\Users\USER\node_modules\express\lib\router\layer.js:95:5)
    at trim_prefix (C:\Users\USER\node_modules\express\lib\router\index.js:328:13)
    at C:\Users\USER\node_modules\express\lib\router\index.js:286:9
2025-08-17 23:26:04 [[31merror[39m]: Error: Token expired
    at createHttpError (C:\Users\USER\OneDrive\Documents\brocamb\Project 2\Tahtib Al Juhd\Backend\src\utils\http-error.util.ts:12:12)
    at C:\Users\USER\OneDrive\Documents\brocamb\Project 2\Tahtib Al Juhd\Backend\src\middleware\verify.token.middleware.ts:45:26
    at Generator.next (<anonymous>)
    at C:\Users\USER\OneDrive\Documents\brocamb\Project 2\Tahtib Al Juhd\Backend\src\middleware\verify.token.middleware.ts:8:71
    at new Promise (<anonymous>)
    at __awaiter (C:\Users\USER\OneDrive\Documents\brocamb\Project 2\Tahtib Al Juhd\Backend\src\middleware\verify.token.middleware.ts:4:12)
    at C:\Users\USER\OneDrive\Documents\brocamb\Project 2\Tahtib Al Juhd\Backend\src\middleware\verify.token.middleware.ts:20:22
    at Layer.handle [as handle_request] (C:\Users\USER\node_modules\express\lib\router\layer.js:95:5)
    at trim_prefix (C:\Users\USER\node_modules\express\lib\router\index.js:328:13)
    at C:\Users\USER\node_modules\express\lib\router\index.js:286:9
2025-08-20 12:28:55 [[31merror[39m]: Error: Token expired
    at createHttpError (C:\Users\USER\OneDrive\Documents\brocamb\Project 2\Tahtib Al Juhd\Backend\src\utils\http-error.util.ts:12:12)
    at C:\Users\USER\OneDrive\Documents\brocamb\Project 2\Tahtib Al Juhd\Backend\src\middleware\verify.token.middleware.ts:45:26
    at Generator.next (<anonymous>)
    at C:\Users\USER\OneDrive\Documents\brocamb\Project 2\Tahtib Al Juhd\Backend\src\middleware\verify.token.middleware.ts:8:71
    at new Promise (<anonymous>)
    at __awaiter (C:\Users\USER\OneDrive\Documents\brocamb\Project 2\Tahtib Al Juhd\Backend\src\middleware\verify.token.middleware.ts:4:12)
    at C:\Users\USER\OneDrive\Documents\brocamb\Project 2\Tahtib Al Juhd\Backend\src\middleware\verify.token.middleware.ts:20:22
    at Layer.handle [as handle_request] (C:\Users\USER\node_modules\express\lib\router\layer.js:95:5)
    at trim_prefix (C:\Users\USER\node_modules\express\lib\router\index.js:328:13)
    at C:\Users\USER\node_modules\express\lib\router\index.js:286:9
2025-08-20 13:11:13 [[31merror[39m]: Error: Token expired
    at createHttpError (C:\Users\USER\OneDrive\Documents\brocamb\Project 2\Tahtib Al Juhd\Backend\src\utils\http-error.util.ts:12:12)
    at C:\Users\USER\OneDrive\Documents\brocamb\Project 2\Tahtib Al Juhd\Backend\src\middleware\verify.token.middleware.ts:45:26
    at Generator.next (<anonymous>)
    at C:\Users\USER\OneDrive\Documents\brocamb\Project 2\Tahtib Al Juhd\Backend\src\middleware\verify.token.middleware.ts:8:71
    at new Promise (<anonymous>)
    at __awaiter (C:\Users\USER\OneDrive\Documents\brocamb\Project 2\Tahtib Al Juhd\Backend\src\middleware\verify.token.middleware.ts:4:12)
    at C:\Users\USER\OneDrive\Documents\brocamb\Project 2\Tahtib Al Juhd\Backend\src\middleware\verify.token.middleware.ts:20:22
    at Layer.handle [as handle_request] (C:\Users\USER\node_modules\express\lib\router\layer.js:95:5)
    at trim_prefix (C:\Users\USER\node_modules\express\lib\router\index.js:328:13)
    at C:\Users\USER\node_modules\express\lib\router\index.js:286:9
2025-08-20 14:25:27 [[31merror[39m]: Error: Token expired
    at createHttpError (C:\Users\USER\OneDrive\Documents\brocamb\Project 2\Tahtib Al Juhd\Backend\src\utils\http-error.util.ts:12:12)
    at C:\Users\USER\OneDrive\Documents\brocamb\Project 2\Tahtib Al Juhd\Backend\src\middleware\verify.token.middleware.ts:45:26
    at Generator.next (<anonymous>)
    at C:\Users\USER\OneDrive\Documents\brocamb\Project 2\Tahtib Al Juhd\Backend\src\middleware\verify.token.middleware.ts:8:71
    at new Promise (<anonymous>)
    at __awaiter (C:\Users\USER\OneDrive\Documents\brocamb\Project 2\Tahtib Al Juhd\Backend\src\middleware\verify.token.middleware.ts:4:12)
    at C:\Users\USER\OneDrive\Documents\brocamb\Project 2\Tahtib Al Juhd\Backend\src\middleware\verify.token.middleware.ts:20:22
    at Layer.handle [as handle_request] (C:\Users\USER\node_modules\express\lib\router\layer.js:95:5)
    at trim_prefix (C:\Users\USER\node_modules\express\lib\router\index.js:328:13)
    at C:\Users\USER\node_modules\express\lib\router\index.js:286:9
2025-08-20 22:37:15 [[31merror[39m]: Error: Token expired
    at createHttpError (C:\Users\USER\OneDrive\Documents\brocamb\Project 2\Tahtib Al Juhd\Backend\src\utils\http-error.util.ts:12:12)
    at C:\Users\USER\OneDrive\Documents\brocamb\Project 2\Tahtib Al Juhd\Backend\src\middleware\verify.token.middleware.ts:45:26
    at Generator.next (<anonymous>)
    at C:\Users\USER\OneDrive\Documents\brocamb\Project 2\Tahtib Al Juhd\Backend\src\middleware\verify.token.middleware.ts:8:71
    at new Promise (<anonymous>)
    at __awaiter (C:\Users\USER\OneDrive\Documents\brocamb\Project 2\Tahtib Al Juhd\Backend\src\middleware\verify.token.middleware.ts:4:12)
    at C:\Users\USER\OneDrive\Documents\brocamb\Project 2\Tahtib Al Juhd\Backend\src\middleware\verify.token.middleware.ts:20:22
    at Layer.handle [as handle_request] (C:\Users\USER\node_modules\express\lib\router\layer.js:95:5)
    at trim_prefix (C:\Users\USER\node_modules\express\lib\router\index.js:328:13)
    at C:\Users\USER\node_modules\express\lib\router\index.js:286:9
2025-08-21 15:14:06 [[31merror[39m]: Error: Token expired
    at createHttpError (C:\Users\USER\OneDrive\Documents\brocamb\Project 2\Tahtib Al Juhd\Backend\src\utils\http-error.util.ts:12:12)
    at C:\Users\USER\OneDrive\Documents\brocamb\Project 2\Tahtib Al Juhd\Backend\src\middleware\verify.token.middleware.ts:45:26
    at Generator.next (<anonymous>)
    at C:\Users\USER\OneDrive\Documents\brocamb\Project 2\Tahtib Al Juhd\Backend\src\middleware\verify.token.middleware.ts:8:71
    at new Promise (<anonymous>)
    at __awaiter (C:\Users\USER\OneDrive\Documents\brocamb\Project 2\Tahtib Al Juhd\Backend\src\middleware\verify.token.middleware.ts:4:12)
    at C:\Users\USER\OneDrive\Documents\brocamb\Project 2\Tahtib Al Juhd\Backend\src\middleware\verify.token.middleware.ts:20:22
    at Layer.handle [as handle_request] (C:\Users\USER\node_modules\express\lib\router\layer.js:95:5)
    at trim_prefix (C:\Users\USER\node_modules\express\lib\router\index.js:328:13)
    at C:\Users\USER\node_modules\express\lib\router\index.js:286:9
2025-08-22 10:37:11 [[31merror[39m]: Error: Token expired
    at createHttpError (C:\Users\USER\OneDrive\Documents\brocamb\Project 2\Tahtib Al Juhd\Backend\src\utils\http-error.util.ts:12:12)
    at C:\Users\USER\OneDrive\Documents\brocamb\Project 2\Tahtib Al Juhd\Backend\src\middleware\verify.token.middleware.ts:45:26
    at Generator.next (<anonymous>)
    at C:\Users\USER\OneDrive\Documents\brocamb\Project 2\Tahtib Al Juhd\Backend\src\middleware\verify.token.middleware.ts:8:71
    at new Promise (<anonymous>)
    at __awaiter (C:\Users\USER\OneDrive\Documents\brocamb\Project 2\Tahtib Al Juhd\Backend\src\middleware\verify.token.middleware.ts:4:12)
    at C:\Users\USER\OneDrive\Documents\brocamb\Project 2\Tahtib Al Juhd\Backend\src\middleware\verify.token.middleware.ts:20:22
    at Layer.handle [as handle_request] (C:\Users\USER\node_modules\express\lib\router\layer.js:95:5)
    at trim_prefix (C:\Users\USER\node_modules\express\lib\router\index.js:328:13)
    at C:\Users\USER\node_modules\express\lib\router\index.js:286:9
2025-08-22 10:37:11 [[31merror[39m]: Error: Token expired
    at createHttpError (C:\Users\USER\OneDrive\Documents\brocamb\Project 2\Tahtib Al Juhd\Backend\src\utils\http-error.util.ts:12:12)
    at C:\Users\USER\OneDrive\Documents\brocamb\Project 2\Tahtib Al Juhd\Backend\src\middleware\verify.token.middleware.ts:45:26
    at Generator.next (<anonymous>)
    at C:\Users\USER\OneDrive\Documents\brocamb\Project 2\Tahtib Al Juhd\Backend\src\middleware\verify.token.middleware.ts:8:71
    at new Promise (<anonymous>)
    at __awaiter (C:\Users\USER\OneDrive\Documents\brocamb\Project 2\Tahtib Al Juhd\Backend\src\middleware\verify.token.middleware.ts:4:12)
    at C:\Users\USER\OneDrive\Documents\brocamb\Project 2\Tahtib Al Juhd\Backend\src\middleware\verify.token.middleware.ts:20:22
    at Layer.handle [as handle_request] (C:\Users\USER\node_modules\express\lib\router\layer.js:95:5)
    at trim_prefix (C:\Users\USER\node_modules\express\lib\router\index.js:328:13)
    at C:\Users\USER\node_modules\express\lib\router\index.js:286:9
2025-08-22 15:32:23 [[31merror[39m]: Error: Token expired
    at createHttpError (C:\Users\USER\OneDrive\Documents\brocamb\Project 2\Tahtib Al Juhd\Backend\src\utils\http-error.util.ts:12:12)
    at C:\Users\USER\OneDrive\Documents\brocamb\Project 2\Tahtib Al Juhd\Backend\src\middleware\verify.token.middleware.ts:45:26
    at Generator.next (<anonymous>)
    at C:\Users\USER\OneDrive\Documents\brocamb\Project 2\Tahtib Al Juhd\Backend\src\middleware\verify.token.middleware.ts:8:71
    at new Promise (<anonymous>)
    at __awaiter (C:\Users\USER\OneDrive\Documents\brocamb\Project 2\Tahtib Al Juhd\Backend\src\middleware\verify.token.middleware.ts:4:12)
    at C:\Users\USER\OneDrive\Documents\brocamb\Project 2\Tahtib Al Juhd\Backend\src\middleware\verify.token.middleware.ts:20:22
    at Layer.handle [as handle_request] (C:\Users\USER\node_modules\express\lib\router\layer.js:95:5)
    at trim_prefix (C:\Users\USER\node_modules\express\lib\router\index.js:328:13)
    at C:\Users\USER\node_modules\express\lib\router\index.js:286:9
2025-08-22 15:47:33 [[31merror[39m]: Error: Token expired
    at createHttpError (C:\Users\USER\OneDrive\Documents\brocamb\Project 2\Tahtib Al Juhd\Backend\src\utils\http-error.util.ts:12:12)
    at C:\Users\USER\OneDrive\Documents\brocamb\Project 2\Tahtib Al Juhd\Backend\src\middleware\verify.token.middleware.ts:45:26
    at Generator.next (<anonymous>)
    at C:\Users\USER\OneDrive\Documents\brocamb\Project 2\Tahtib Al Juhd\Backend\src\middleware\verify.token.middleware.ts:8:71
    at new Promise (<anonymous>)
    at __awaiter (C:\Users\USER\OneDrive\Documents\brocamb\Project 2\Tahtib Al Juhd\Backend\src\middleware\verify.token.middleware.ts:4:12)
    at C:\Users\USER\OneDrive\Documents\brocamb\Project 2\Tahtib Al Juhd\Backend\src\middleware\verify.token.middleware.ts:20:22
    at Layer.handle [as handle_request] (C:\Users\USER\node_modules\express\lib\router\layer.js:95:5)
    at trim_prefix (C:\Users\USER\node_modules\express\lib\router\index.js:328:13)
    at C:\Users\USER\node_modules\express\lib\router\index.js:286:9
2025-08-22 16:04:30 [[31merror[39m]: Error: Invalid token version
    at createHttpError (C:\Users\USER\OneDrive\Documents\brocamb\Project 2\Tahtib Al Juhd\Backend\src\utils\http-error.util.ts:12:12)
    at AuthService.<anonymous> (C:\Users\USER\OneDrive\Documents\brocamb\Project 2\Tahtib Al Juhd\Backend\src\Services\auth\auth.service.ts:322:28)
    at Generator.next (<anonymous>)
    at fulfilled (C:\Users\USER\OneDrive\Documents\brocamb\Project 2\Tahtib Al Juhd\Backend\src\Services\auth\auth.service.ts:5:58)
    at processTicksAndRejections (node:internal/process/task_queues:105:5)
2025-08-22 17:06:26 [[31merror[39m]: Error: Token expired
    at createHttpError (C:\Users\USER\OneDrive\Documents\brocamb\Project 2\Tahtib Al Juhd\Backend\src\utils\http-error.util.ts:12:12)
    at C:\Users\USER\OneDrive\Documents\brocamb\Project 2\Tahtib Al Juhd\Backend\src\middleware\verify.token.middleware.ts:45:26
    at Generator.next (<anonymous>)
    at C:\Users\USER\OneDrive\Documents\brocamb\Project 2\Tahtib Al Juhd\Backend\src\middleware\verify.token.middleware.ts:8:71
    at new Promise (<anonymous>)
    at __awaiter (C:\Users\USER\OneDrive\Documents\brocamb\Project 2\Tahtib Al Juhd\Backend\src\middleware\verify.token.middleware.ts:4:12)
    at C:\Users\USER\OneDrive\Documents\brocamb\Project 2\Tahtib Al Juhd\Backend\src\middleware\verify.token.middleware.ts:20:22
    at Layer.handle [as handle_request] (C:\Users\USER\node_modules\express\lib\router\layer.js:95:5)
    at trim_prefix (C:\Users\USER\node_modules\express\lib\router\index.js:328:13)
    at C:\Users\USER\node_modules\express\lib\router\index.js:286:9
2025-08-22 17:18:43 [[31merror[39m]: Error: Invalid token version
    at createHttpError (C:\Users\USER\OneDrive\Documents\brocamb\Project 2\Tahtib Al Juhd\Backend\src\utils\http-error.util.ts:12:12)
    at AuthService.<anonymous> (C:\Users\USER\OneDrive\Documents\brocamb\Project 2\Tahtib Al Juhd\Backend\src\Services\auth\auth.service.ts:322:28)
    at Generator.next (<anonymous>)
    at fulfilled (C:\Users\USER\OneDrive\Documents\brocamb\Project 2\Tahtib Al Juhd\Backend\src\Services\auth\auth.service.ts:5:58)
    at processTicksAndRejections (node:internal/process/task_queues:105:5)
2025-08-22 17:30:14 [[31merror[39m]: Error: Invalid token version
    at createHttpError (C:\Users\USER\OneDrive\Documents\brocamb\Project 2\Tahtib Al Juhd\Backend\src\utils\http-error.util.ts:12:12)
    at AuthService.<anonymous> (C:\Users\USER\OneDrive\Documents\brocamb\Project 2\Tahtib Al Juhd\Backend\src\Services\auth\auth.service.ts:322:28)
    at Generator.next (<anonymous>)
    at fulfilled (C:\Users\USER\OneDrive\Documents\brocamb\Project 2\Tahtib Al Juhd\Backend\src\Services\auth\auth.service.ts:5:58)
    at processTicksAndRejections (node:internal/process/task_queues:105:5)
2025-08-22 22:33:08 [[31merror[39m]: Error: Token expired
    at createHttpError (C:\Users\USER\OneDrive\Documents\brocamb\Project 2\Tahtib Al Juhd\Backend\src\utils\http-error.util.ts:12:12)
    at C:\Users\USER\OneDrive\Documents\brocamb\Project 2\Tahtib Al Juhd\Backend\src\middleware\verify.token.middleware.ts:45:26
    at Generator.next (<anonymous>)
    at C:\Users\USER\OneDrive\Documents\brocamb\Project 2\Tahtib Al Juhd\Backend\src\middleware\verify.token.middleware.ts:8:71
    at new Promise (<anonymous>)
    at __awaiter (C:\Users\USER\OneDrive\Documents\brocamb\Project 2\Tahtib Al Juhd\Backend\src\middleware\verify.token.middleware.ts:4:12)
    at C:\Users\USER\OneDrive\Documents\brocamb\Project 2\Tahtib Al Juhd\Backend\src\middleware\verify.token.middleware.ts:20:22
    at Layer.handle [as handle_request] (C:\Users\USER\node_modules\express\lib\router\layer.js:95:5)
    at trim_prefix (C:\Users\USER\node_modules\express\lib\router\index.js:328:13)
    at C:\Users\USER\node_modules\express\lib\router\index.js:286:9
2025-08-22 23:11:44 [[31merror[39m]: Error: Invalid token version
    at createHttpError (C:\Users\USER\OneDrive\Documents\brocamb\Project 2\Tahtib Al Juhd\Backend\src\utils\http-error.util.ts:12:12)
    at AuthService.<anonymous> (C:\Users\USER\OneDrive\Documents\brocamb\Project 2\Tahtib Al Juhd\Backend\src\Services\auth\auth.service.ts:322:28)
    at Generator.next (<anonymous>)
    at fulfilled (C:\Users\USER\OneDrive\Documents\brocamb\Project 2\Tahtib Al Juhd\Backend\src\Services\auth\auth.service.ts:5:58)
    at processTicksAndRejections (node:internal/process/task_queues:105:5)
2025-08-22 23:39:11 [[31merror[39m]: Error: Token expired
    at createHttpError (C:\Users\USER\OneDrive\Documents\brocamb\Project 2\Tahtib Al Juhd\Backend\src\utils\http-error.util.ts:12:12)
    at C:\Users\USER\OneDrive\Documents\brocamb\Project 2\Tahtib Al Juhd\Backend\src\middleware\verify.token.middleware.ts:45:26
    at Generator.next (<anonymous>)
    at C:\Users\USER\OneDrive\Documents\brocamb\Project 2\Tahtib Al Juhd\Backend\src\middleware\verify.token.middleware.ts:8:71
    at new Promise (<anonymous>)
    at __awaiter (C:\Users\USER\OneDrive\Documents\brocamb\Project 2\Tahtib Al Juhd\Backend\src\middleware\verify.token.middleware.ts:4:12)
    at C:\Users\USER\OneDrive\Documents\brocamb\Project 2\Tahtib Al Juhd\Backend\src\middleware\verify.token.middleware.ts:20:22
    at Layer.handle [as handle_request] (C:\Users\USER\node_modules\express\lib\router\layer.js:95:5)
    at trim_prefix (C:\Users\USER\node_modules\express\lib\router\index.js:328:13)
    at C:\Users\USER\node_modules\express\lib\router\index.js:286:9
2025-08-22 23:52:37 [[31merror[39m]: Error: Token not provided
    at createHttpError (C:\Users\USER\OneDrive\Documents\brocamb\Project 2\Tahtib Al Juhd\Backend\src\utils\http-error.util.ts:12:12)
    at C:\Users\USER\OneDrive\Documents\brocamb\Project 2\Tahtib Al Juhd\Backend\src\middleware\verify.token.middleware.ts:28:24
    at Generator.next (<anonymous>)
    at C:\Users\USER\OneDrive\Documents\brocamb\Project 2\Tahtib Al Juhd\Backend\src\middleware\verify.token.middleware.ts:8:71
    at new Promise (<anonymous>)
    at __awaiter (C:\Users\USER\OneDrive\Documents\brocamb\Project 2\Tahtib Al Juhd\Backend\src\middleware\verify.token.middleware.ts:4:12)
    at C:\Users\USER\OneDrive\Documents\brocamb\Project 2\Tahtib Al Juhd\Backend\src\middleware\verify.token.middleware.ts:20:22
    at Layer.handle [as handle_request] (C:\Users\USER\node_modules\express\lib\router\layer.js:95:5)
    at trim_prefix (C:\Users\USER\node_modules\express\lib\router\index.js:328:13)
    at C:\Users\USER\node_modules\express\lib\router\index.js:286:9
2025-08-23 12:17:40 [[31merror[39m]: Error: Token expired
    at createHttpError (C:\Users\USER\OneDrive\Documents\brocamb\Project 2\Tahtib Al Juhd\Backend\src\utils\http-error.util.ts:12:12)
    at C:\Users\USER\OneDrive\Documents\brocamb\Project 2\Tahtib Al Juhd\Backend\src\middleware\verify.token.middleware.ts:45:26
    at Generator.next (<anonymous>)
    at C:\Users\USER\OneDrive\Documents\brocamb\Project 2\Tahtib Al Juhd\Backend\src\middleware\verify.token.middleware.ts:8:71
    at new Promise (<anonymous>)
    at __awaiter (C:\Users\USER\OneDrive\Documents\brocamb\Project 2\Tahtib Al Juhd\Backend\src\middleware\verify.token.middleware.ts:4:12)
    at C:\Users\USER\OneDrive\Documents\brocamb\Project 2\Tahtib Al Juhd\Backend\src\middleware\verify.token.middleware.ts:20:22
    at Layer.handle [as handle_request] (C:\Users\USER\node_modules\express\lib\router\layer.js:95:5)
    at trim_prefix (C:\Users\USER\node_modules\express\lib\router\index.js:328:13)
    at C:\Users\USER\node_modules\express\lib\router\index.js:286:9
2025-08-23 12:17:40 [[31merror[39m]: Error: Token expired
    at createHttpError (C:\Users\USER\OneDrive\Documents\brocamb\Project 2\Tahtib Al Juhd\Backend\src\utils\http-error.util.ts:12:12)
    at C:\Users\USER\OneDrive\Documents\brocamb\Project 2\Tahtib Al Juhd\Backend\src\middleware\verify.token.middleware.ts:45:26
    at Generator.next (<anonymous>)
    at C:\Users\USER\OneDrive\Documents\brocamb\Project 2\Tahtib Al Juhd\Backend\src\middleware\verify.token.middleware.ts:8:71
    at new Promise (<anonymous>)
    at __awaiter (C:\Users\USER\OneDrive\Documents\brocamb\Project 2\Tahtib Al Juhd\Backend\src\middleware\verify.token.middleware.ts:4:12)
    at C:\Users\USER\OneDrive\Documents\brocamb\Project 2\Tahtib Al Juhd\Backend\src\middleware\verify.token.middleware.ts:20:22
    at Layer.handle [as handle_request] (C:\Users\USER\node_modules\express\lib\router\layer.js:95:5)
    at trim_prefix (C:\Users\USER\node_modules\express\lib\router\index.js:328:13)
    at C:\Users\USER\node_modules\express\lib\router\index.js:286:9
2025-08-23 12:17:40 [[31merror[39m]: Error: Token expired
    at createHttpError (C:\Users\USER\OneDrive\Documents\brocamb\Project 2\Tahtib Al Juhd\Backend\src\utils\http-error.util.ts:12:12)
    at C:\Users\USER\OneDrive\Documents\brocamb\Project 2\Tahtib Al Juhd\Backend\src\middleware\verify.token.middleware.ts:45:26
    at Generator.next (<anonymous>)
    at C:\Users\USER\OneDrive\Documents\brocamb\Project 2\Tahtib Al Juhd\Backend\src\middleware\verify.token.middleware.ts:8:71
    at new Promise (<anonymous>)
    at __awaiter (C:\Users\USER\OneDrive\Documents\brocamb\Project 2\Tahtib Al Juhd\Backend\src\middleware\verify.token.middleware.ts:4:12)
    at C:\Users\USER\OneDrive\Documents\brocamb\Project 2\Tahtib Al Juhd\Backend\src\middleware\verify.token.middleware.ts:20:22
    at Layer.handle [as handle_request] (C:\Users\USER\node_modules\express\lib\router\layer.js:95:5)
    at trim_prefix (C:\Users\USER\node_modules\express\lib\router\index.js:328:13)
    at C:\Users\USER\node_modules\express\lib\router\index.js:286:9
2025-08-23 12:38:29 [[31merror[39m]: Error: Invalid token version
    at createHttpError (C:\Users\USER\OneDrive\Documents\brocamb\Project 2\Tahtib Al Juhd\Backend\src\utils\http-error.util.ts:12:12)
    at AuthService.<anonymous> (C:\Users\USER\OneDrive\Documents\brocamb\Project 2\Tahtib Al Juhd\Backend\src\Services\auth\auth.service.ts:322:28)
    at Generator.next (<anonymous>)
    at fulfilled (C:\Users\USER\OneDrive\Documents\brocamb\Project 2\Tahtib Al Juhd\Backend\src\Services\auth\auth.service.ts:5:58)
    at processTicksAndRejections (node:internal/process/task_queues:105:5)
2025-08-23 12:39:03 [[31merror[39m]: TypeError: Cannot read properties of undefined (reading 'getLastFiveNotification')
    at AuthController.<anonymous> (C:\Users\USER\OneDrive\Documents\brocamb\Project 2\Tahtib Al Juhd\Backend\src\Controller\auth\auth.controller.ts:36:61)
    at Generator.next (<anonymous>)
    at fulfilled (C:\Users\USER\OneDrive\Documents\brocamb\Project 2\Tahtib Al Juhd\Backend\src\Controller\auth\auth.controller.ts:5:58)
2025-08-23 12:39:16 [[31merror[39m]: TypeError: Cannot read properties of undefined (reading 'getLastFiveNotification')
    at AuthController.<anonymous> (C:\Users\USER\OneDrive\Documents\brocamb\Project 2\Tahtib Al Juhd\Backend\src\Controller\auth\auth.controller.ts:36:61)
    at Generator.next (<anonymous>)
    at fulfilled (C:\Users\USER\OneDrive\Documents\brocamb\Project 2\Tahtib Al Juhd\Backend\src\Controller\auth\auth.controller.ts:5:58)
2025-08-23 12:39:37 [[31merror[39m]: TypeError: Cannot read properties of undefined (reading 'getLastFiveNotification')
    at AuthController.<anonymous> (C:\Users\USER\OneDrive\Documents\brocamb\Project 2\Tahtib Al Juhd\Backend\src\Controller\auth\auth.controller.ts:36:61)
    at Generator.next (<anonymous>)
    at fulfilled (C:\Users\USER\OneDrive\Documents\brocamb\Project 2\Tahtib Al Juhd\Backend\src\Controller\auth\auth.controller.ts:5:58)
2025-08-23 12:39:51 [[31merror[39m]: TypeError: Cannot read properties of undefined (reading 'getLastFiveNotification')
    at AuthController.<anonymous> (C:\Users\USER\OneDrive\Documents\brocamb\Project 2\Tahtib Al Juhd\Backend\src\Controller\auth\auth.controller.ts:36:61)
    at Generator.next (<anonymous>)
    at fulfilled (C:\Users\USER\OneDrive\Documents\brocamb\Project 2\Tahtib Al Juhd\Backend\src\Controller\auth\auth.controller.ts:5:58)
2025-08-23 12:41:48 [[31merror[39m]: Error: Invalid token version
    at createHttpError (C:\Users\USER\OneDrive\Documents\brocamb\Project 2\Tahtib Al Juhd\Backend\src\utils\http-error.util.ts:12:12)
    at AuthService.<anonymous> (C:\Users\USER\OneDrive\Documents\brocamb\Project 2\Tahtib Al Juhd\Backend\src\Services\auth\auth.service.ts:322:28)
    at Generator.next (<anonymous>)
    at fulfilled (C:\Users\USER\OneDrive\Documents\brocamb\Project 2\Tahtib Al Juhd\Backend\src\Services\auth\auth.service.ts:5:58)
    at processTicksAndRejections (node:internal/process/task_queues:105:5)
2025-08-23 14:47:43 [[31merror[39m]: Error: Invalid token version
    at createHttpError (C:\Users\USER\OneDrive\Documents\brocamb\Project 2\Tahtib Al Juhd\Backend\src\utils\http-error.util.ts:12:12)
    at AuthService.<anonymous> (C:\Users\USER\OneDrive\Documents\brocamb\Project 2\Tahtib Al Juhd\Backend\src\Services\auth\auth.service.ts:322:28)
    at Generator.next (<anonymous>)
    at fulfilled (C:\Users\USER\OneDrive\Documents\brocamb\Project 2\Tahtib Al Juhd\Backend\src\Services\auth\auth.service.ts:5:58)
    at processTicksAndRejections (node:internal/process/task_queues:105:5)
2025-08-23 17:21:06 [[31merror[39m]: Error: Invalid password
    at createHttpError (C:\Users\USER\OneDrive\Documents\brocamb\Project 2\Tahtib Al Juhd\Backend\src\utils\http-error.util.ts:12:12)
    at AuthService.<anonymous> (C:\Users\USER\OneDrive\Documents\brocamb\Project 2\Tahtib Al Juhd\Backend\src\Services\auth\auth.service.ts:69:28)
    at Generator.next (<anonymous>)
    at fulfilled (C:\Users\USER\OneDrive\Documents\brocamb\Project 2\Tahtib Al Juhd\Backend\src\Services\auth\auth.service.ts:5:58)
2025-08-23 17:28:20 [[31merror[39m]: Error: Invalid token version
    at createHttpError (C:\Users\USER\OneDrive\Documents\brocamb\Project 2\Tahtib Al Juhd\Backend\src\utils\http-error.util.ts:12:12)
    at AuthService.<anonymous> (C:\Users\USER\OneDrive\Documents\brocamb\Project 2\Tahtib Al Juhd\Backend\src\Services\auth\auth.service.ts:322:28)
    at Generator.next (<anonymous>)
    at fulfilled (C:\Users\USER\OneDrive\Documents\brocamb\Project 2\Tahtib Al Juhd\Backend\src\Services\auth\auth.service.ts:5:58)
    at processTicksAndRejections (node:internal/process/task_queues:105:5)
2025-08-23 18:05:30 [[31merror[39m]: Error: Token expired
    at createHttpError (C:\Users\USER\OneDrive\Documents\brocamb\Project 2\Tahtib Al Juhd\Backend\src\utils\http-error.util.ts:12:12)
    at C:\Users\USER\OneDrive\Documents\brocamb\Project 2\Tahtib Al Juhd\Backend\src\middleware\verify.token.middleware.ts:45:26
    at Generator.next (<anonymous>)
    at C:\Users\USER\OneDrive\Documents\brocamb\Project 2\Tahtib Al Juhd\Backend\src\middleware\verify.token.middleware.ts:8:71
    at new Promise (<anonymous>)
    at __awaiter (C:\Users\USER\OneDrive\Documents\brocamb\Project 2\Tahtib Al Juhd\Backend\src\middleware\verify.token.middleware.ts:4:12)
    at C:\Users\USER\OneDrive\Documents\brocamb\Project 2\Tahtib Al Juhd\Backend\src\middleware\verify.token.middleware.ts:20:22
    at Layer.handle [as handle_request] (C:\Users\USER\node_modules\express\lib\router\layer.js:95:5)
    at trim_prefix (C:\Users\USER\node_modules\express\lib\router\index.js:328:13)
    at C:\Users\USER\node_modules\express\lib\router\index.js:286:9
2025-08-23 18:13:26 [[31merror[39m]: Error: Unauthorized Request
    at createHttpError (C:\Users\USER\OneDrive\Documents\brocamb\Project 2\Tahtib Al Juhd\Backend\src\utils\http-error.util.ts:12:12)
    at C:\Users\USER\OneDrive\Documents\brocamb\Project 2\Tahtib Al Juhd\Backend\src\middleware\verify.token.middleware.ts:70:26
    at Generator.next (<anonymous>)
    at C:\Users\USER\OneDrive\Documents\brocamb\Project 2\Tahtib Al Juhd\Backend\src\middleware\verify.token.middleware.ts:8:71
    at new Promise (<anonymous>)
    at __awaiter (C:\Users\USER\OneDrive\Documents\brocamb\Project 2\Tahtib Al Juhd\Backend\src\middleware\verify.token.middleware.ts:4:12)
    at C:\Users\USER\OneDrive\Documents\brocamb\Project 2\Tahtib Al Juhd\Backend\src\middleware\verify.token.middleware.ts:20:22
    at Layer.handle [as handle_request] (C:\Users\USER\node_modules\express\lib\router\layer.js:95:5)
    at trim_prefix (C:\Users\USER\node_modules\express\lib\router\index.js:328:13)
    at C:\Users\USER\node_modules\express\lib\router\index.js:286:9
2025-08-23 18:13:59 [[31merror[39m]: Error: Unauthorized Request
    at createHttpError (C:\Users\USER\OneDrive\Documents\brocamb\Project 2\Tahtib Al Juhd\Backend\src\utils\http-error.util.ts:12:12)
    at C:\Users\USER\OneDrive\Documents\brocamb\Project 2\Tahtib Al Juhd\Backend\src\middleware\verify.token.middleware.ts:70:26
    at Generator.next (<anonymous>)
    at C:\Users\USER\OneDrive\Documents\brocamb\Project 2\Tahtib Al Juhd\Backend\src\middleware\verify.token.middleware.ts:8:71
    at new Promise (<anonymous>)
    at __awaiter (C:\Users\USER\OneDrive\Documents\brocamb\Project 2\Tahtib Al Juhd\Backend\src\middleware\verify.token.middleware.ts:4:12)
    at C:\Users\USER\OneDrive\Documents\brocamb\Project 2\Tahtib Al Juhd\Backend\src\middleware\verify.token.middleware.ts:20:22
    at Layer.handle [as handle_request] (C:\Users\USER\node_modules\express\lib\router\layer.js:95:5)
    at trim_prefix (C:\Users\USER\node_modules\express\lib\router\index.js:328:13)
    at C:\Users\USER\node_modules\express\lib\router\index.js:286:9
2025-08-23 18:14:15 [[31merror[39m]: Error: Unauthorized Request
    at createHttpError (C:\Users\USER\OneDrive\Documents\brocamb\Project 2\Tahtib Al Juhd\Backend\src\utils\http-error.util.ts:12:12)
    at C:\Users\USER\OneDrive\Documents\brocamb\Project 2\Tahtib Al Juhd\Backend\src\middleware\verify.token.middleware.ts:70:26
    at Generator.next (<anonymous>)
    at C:\Users\USER\OneDrive\Documents\brocamb\Project 2\Tahtib Al Juhd\Backend\src\middleware\verify.token.middleware.ts:8:71
    at new Promise (<anonymous>)
    at __awaiter (C:\Users\USER\OneDrive\Documents\brocamb\Project 2\Tahtib Al Juhd\Backend\src\middleware\verify.token.middleware.ts:4:12)
    at C:\Users\USER\OneDrive\Documents\brocamb\Project 2\Tahtib Al Juhd\Backend\src\middleware\verify.token.middleware.ts:20:22
    at Layer.handle [as handle_request] (C:\Users\USER\node_modules\express\lib\router\layer.js:95:5)
    at trim_prefix (C:\Users\USER\node_modules\express\lib\router\index.js:328:13)
    at C:\Users\USER\node_modules\express\lib\router\index.js:286:9
2025-08-24 22:55:24 [[31merror[39m]: Error: Invalid token version
    at createHttpError (C:\Users\USER\OneDrive\Documents\brocamb\Project 2\Tahtib Al Juhd\Backend\src\utils\http-error.util.ts:12:12)
    at AuthService.<anonymous> (C:\Users\USER\OneDrive\Documents\brocamb\Project 2\Tahtib Al Juhd\Backend\src\Services\auth\auth.service.ts:322:28)
    at Generator.next (<anonymous>)
    at fulfilled (C:\Users\USER\OneDrive\Documents\brocamb\Project 2\Tahtib Al Juhd\Backend\src\Services\auth\auth.service.ts:5:58)
    at processTicksAndRejections (node:internal/process/task_queues:105:5)
2025-08-24 23:04:29 [[31merror[39m]: Error: Token expired
    at createHttpError (C:\Users\USER\OneDrive\Documents\brocamb\Project 2\Tahtib Al Juhd\Backend\src\utils\http-error.util.ts:12:12)
    at C:\Users\USER\OneDrive\Documents\brocamb\Project 2\Tahtib Al Juhd\Backend\src\middleware\verify.token.middleware.ts:39:26
    at Generator.next (<anonymous>)
    at C:\Users\USER\OneDrive\Documents\brocamb\Project 2\Tahtib Al Juhd\Backend\src\middleware\verify.token.middleware.ts:8:71
    at new Promise (<anonymous>)
    at __awaiter (C:\Users\USER\OneDrive\Documents\brocamb\Project 2\Tahtib Al Juhd\Backend\src\middleware\verify.token.middleware.ts:4:12)
    at C:\Users\USER\OneDrive\Documents\brocamb\Project 2\Tahtib Al Juhd\Backend\src\middleware\verify.token.middleware.ts:26:73
    at Layer.handle [as handle_request] (C:\Users\USER\node_modules\express\lib\router\layer.js:95:5)
    at trim_prefix (C:\Users\USER\node_modules\express\lib\router\index.js:328:13)
    at C:\Users\USER\node_modules\express\lib\router\index.js:286:9
2025-08-24 23:33:48 [[31merror[39m]: Error: Token expired
    at createHttpError (C:\Users\USER\OneDrive\Documents\brocamb\Project 2\Tahtib Al Juhd\Backend\src\utils\http-error.util.ts:12:12)
    at C:\Users\USER\OneDrive\Documents\brocamb\Project 2\Tahtib Al Juhd\Backend\src\middleware\verify.token.middleware.ts:39:26
    at Generator.next (<anonymous>)
    at C:\Users\USER\OneDrive\Documents\brocamb\Project 2\Tahtib Al Juhd\Backend\src\middleware\verify.token.middleware.ts:8:71
    at new Promise (<anonymous>)
    at __awaiter (C:\Users\USER\OneDrive\Documents\brocamb\Project 2\Tahtib Al Juhd\Backend\src\middleware\verify.token.middleware.ts:4:12)
    at C:\Users\USER\OneDrive\Documents\brocamb\Project 2\Tahtib Al Juhd\Backend\src\middleware\verify.token.middleware.ts:26:73
    at Layer.handle [as handle_request] (C:\Users\USER\node_modules\express\lib\router\layer.js:95:5)
    at trim_prefix (C:\Users\USER\node_modules\express\lib\router\index.js:328:13)
    at C:\Users\USER\node_modules\express\lib\router\index.js:286:9
2025-08-24 23:38:25 [[31merror[39m]: Error: Token expired
    at createHttpError (C:\Users\USER\OneDrive\Documents\brocamb\Project 2\Tahtib Al Juhd\Backend\src\utils\http-error.util.ts:12:12)
    at C:\Users\USER\OneDrive\Documents\brocamb\Project 2\Tahtib Al Juhd\Backend\src\middleware\verify.token.middleware.ts:39:26
    at Generator.next (<anonymous>)
    at C:\Users\USER\OneDrive\Documents\brocamb\Project 2\Tahtib Al Juhd\Backend\src\middleware\verify.token.middleware.ts:8:71
    at new Promise (<anonymous>)
    at __awaiter (C:\Users\USER\OneDrive\Documents\brocamb\Project 2\Tahtib Al Juhd\Backend\src\middleware\verify.token.middleware.ts:4:12)
    at C:\Users\USER\OneDrive\Documents\brocamb\Project 2\Tahtib Al Juhd\Backend\src\middleware\verify.token.middleware.ts:26:73
    at Layer.handle [as handle_request] (C:\Users\USER\node_modules\express\lib\router\layer.js:95:5)
    at trim_prefix (C:\Users\USER\node_modules\express\lib\router\index.js:328:13)
    at C:\Users\USER\node_modules\express\lib\router\index.js:286:9
2025-08-24 23:54:12 [[31merror[39m]: Error: Token not provided
    at createHttpError (C:\Users\USER\OneDrive\Documents\brocamb\Project 2\Tahtib Al Juhd\Backend\src\utils\http-error.util.ts:12:12)
    at C:\Users\USER\OneDrive\Documents\brocamb\Project 2\Tahtib Al Juhd\Backend\src\middleware\verify.token.middleware.ts:30:24
    at Generator.next (<anonymous>)
    at C:\Users\USER\OneDrive\Documents\brocamb\Project 2\Tahtib Al Juhd\Backend\src\middleware\verify.token.middleware.ts:8:71
    at new Promise (<anonymous>)
    at __awaiter (C:\Users\USER\OneDrive\Documents\brocamb\Project 2\Tahtib Al Juhd\Backend\src\middleware\verify.token.middleware.ts:4:12)
    at C:\Users\USER\OneDrive\Documents\brocamb\Project 2\Tahtib Al Juhd\Backend\src\middleware\verify.token.middleware.ts:26:73
    at Layer.handle [as handle_request] (C:\Users\USER\node_modules\express\lib\router\layer.js:95:5)
    at trim_prefix (C:\Users\USER\node_modules\express\lib\router\index.js:328:13)
    at C:\Users\USER\node_modules\express\lib\router\index.js:286:9
2025-08-24 23:54:17 [[31merror[39m]: Error: Token not provided
    at createHttpError (C:\Users\USER\OneDrive\Documents\brocamb\Project 2\Tahtib Al Juhd\Backend\src\utils\http-error.util.ts:12:12)
    at C:\Users\USER\OneDrive\Documents\brocamb\Project 2\Tahtib Al Juhd\Backend\src\middleware\verify.token.middleware.ts:30:24
    at Generator.next (<anonymous>)
    at C:\Users\USER\OneDrive\Documents\brocamb\Project 2\Tahtib Al Juhd\Backend\src\middleware\verify.token.middleware.ts:8:71
    at new Promise (<anonymous>)
    at __awaiter (C:\Users\USER\OneDrive\Documents\brocamb\Project 2\Tahtib Al Juhd\Backend\src\middleware\verify.token.middleware.ts:4:12)
    at C:\Users\USER\OneDrive\Documents\brocamb\Project 2\Tahtib Al Juhd\Backend\src\middleware\verify.token.middleware.ts:26:73
    at Layer.handle [as handle_request] (C:\Users\USER\node_modules\express\lib\router\layer.js:95:5)
    at trim_prefix (C:\Users\USER\node_modules\express\lib\router\index.js:328:13)
    at C:\Users\USER\node_modules\express\lib\router\index.js:286:9
2025-08-24 23:54:25 [[31merror[39m]: Error: Token not provided
    at createHttpError (C:\Users\USER\OneDrive\Documents\brocamb\Project 2\Tahtib Al Juhd\Backend\src\utils\http-error.util.ts:12:12)
    at C:\Users\USER\OneDrive\Documents\brocamb\Project 2\Tahtib Al Juhd\Backend\src\middleware\verify.token.middleware.ts:30:24
    at Generator.next (<anonymous>)
    at C:\Users\USER\OneDrive\Documents\brocamb\Project 2\Tahtib Al Juhd\Backend\src\middleware\verify.token.middleware.ts:8:71
    at new Promise (<anonymous>)
    at __awaiter (C:\Users\USER\OneDrive\Documents\brocamb\Project 2\Tahtib Al Juhd\Backend\src\middleware\verify.token.middleware.ts:4:12)
    at C:\Users\USER\OneDrive\Documents\brocamb\Project 2\Tahtib Al Juhd\Backend\src\middleware\verify.token.middleware.ts:26:73
    at Layer.handle [as handle_request] (C:\Users\USER\node_modules\express\lib\router\layer.js:95:5)
    at trim_prefix (C:\Users\USER\node_modules\express\lib\router\index.js:328:13)
    at C:\Users\USER\node_modules\express\lib\router\index.js:286:9
2025-08-24 23:54:30 [[31merror[39m]: Error: Token not provided
    at createHttpError (C:\Users\USER\OneDrive\Documents\brocamb\Project 2\Tahtib Al Juhd\Backend\src\utils\http-error.util.ts:12:12)
    at C:\Users\USER\OneDrive\Documents\brocamb\Project 2\Tahtib Al Juhd\Backend\src\middleware\verify.token.middleware.ts:30:24
    at Generator.next (<anonymous>)
    at C:\Users\USER\OneDrive\Documents\brocamb\Project 2\Tahtib Al Juhd\Backend\src\middleware\verify.token.middleware.ts:8:71
    at new Promise (<anonymous>)
    at __awaiter (C:\Users\USER\OneDrive\Documents\brocamb\Project 2\Tahtib Al Juhd\Backend\src\middleware\verify.token.middleware.ts:4:12)
    at C:\Users\USER\OneDrive\Documents\brocamb\Project 2\Tahtib Al Juhd\Backend\src\middleware\verify.token.middleware.ts:26:73
    at Layer.handle [as handle_request] (C:\Users\USER\node_modules\express\lib\router\layer.js:95:5)
    at trim_prefix (C:\Users\USER\node_modules\express\lib\router\index.js:328:13)
    at C:\Users\USER\node_modules\express\lib\router\index.js:286:9
2025-08-25 00:05:17 [[31merror[39m]: Error: Token expired
    at createHttpError (C:\Users\USER\OneDrive\Documents\brocamb\Project 2\Tahtib Al Juhd\Backend\src\utils\http-error.util.ts:12:12)
    at C:\Users\USER\OneDrive\Documents\brocamb\Project 2\Tahtib Al Juhd\Backend\src\middleware\verify.token.middleware.ts:39:26
    at Generator.next (<anonymous>)
    at C:\Users\USER\OneDrive\Documents\brocamb\Project 2\Tahtib Al Juhd\Backend\src\middleware\verify.token.middleware.ts:8:71
    at new Promise (<anonymous>)
    at __awaiter (C:\Users\USER\OneDrive\Documents\brocamb\Project 2\Tahtib Al Juhd\Backend\src\middleware\verify.token.middleware.ts:4:12)
    at C:\Users\USER\OneDrive\Documents\brocamb\Project 2\Tahtib Al Juhd\Backend\src\middleware\verify.token.middleware.ts:26:73
    at Layer.handle [as handle_request] (C:\Users\USER\node_modules\express\lib\router\layer.js:95:5)
    at trim_prefix (C:\Users\USER\node_modules\express\lib\router\index.js:328:13)
    at C:\Users\USER\node_modules\express\lib\router\index.js:286:9
2025-08-25 09:16:20 [[31merror[39m]: Error: Token expired
    at createHttpError (C:\Users\USER\OneDrive\Documents\brocamb\Project 2\Tahtib Al Juhd\Backend\src\utils\http-error.util.ts:12:12)
    at C:\Users\USER\OneDrive\Documents\brocamb\Project 2\Tahtib Al Juhd\Backend\src\middleware\verify.token.middleware.ts:39:26
    at Generator.next (<anonymous>)
    at C:\Users\USER\OneDrive\Documents\brocamb\Project 2\Tahtib Al Juhd\Backend\src\middleware\verify.token.middleware.ts:8:71
    at new Promise (<anonymous>)
    at __awaiter (C:\Users\USER\OneDrive\Documents\brocamb\Project 2\Tahtib Al Juhd\Backend\src\middleware\verify.token.middleware.ts:4:12)
    at C:\Users\USER\OneDrive\Documents\brocamb\Project 2\Tahtib Al Juhd\Backend\src\middleware\verify.token.middleware.ts:26:73
    at Layer.handle [as handle_request] (C:\Users\USER\node_modules\express\lib\router\layer.js:95:5)
    at trim_prefix (C:\Users\USER\node_modules\express\lib\router\index.js:328:13)
    at C:\Users\USER\node_modules\express\lib\router\index.js:286:9
2025-08-25 09:32:01 [[31merror[39m]: Error: Invalid token version
    at createHttpError (C:\Users\USER\OneDrive\Documents\brocamb\Project 2\Tahtib Al Juhd\Backend\src\utils\http-error.util.ts:12:12)
    at AuthService.<anonymous> (C:\Users\USER\OneDrive\Documents\brocamb\Project 2\Tahtib Al Juhd\Backend\src\Services\auth\auth.service.ts:322:28)
    at Generator.next (<anonymous>)
    at fulfilled (C:\Users\USER\OneDrive\Documents\brocamb\Project 2\Tahtib Al Juhd\Backend\src\Services\auth\auth.service.ts:5:58)
    at processTicksAndRejections (node:internal/process/task_queues:105:5)
2025-08-25 09:32:10 [[31merror[39m]: Error: Invalid password
    at createHttpError (C:\Users\USER\OneDrive\Documents\brocamb\Project 2\Tahtib Al Juhd\Backend\src\utils\http-error.util.ts:12:12)
    at AuthService.<anonymous> (C:\Users\USER\OneDrive\Documents\brocamb\Project 2\Tahtib Al Juhd\Backend\src\Services\auth\auth.service.ts:69:28)
    at Generator.next (<anonymous>)
    at fulfilled (C:\Users\USER\OneDrive\Documents\brocamb\Project 2\Tahtib Al Juhd\Backend\src\Services\auth\auth.service.ts:5:58)
2025-08-25 09:32:42 [[31merror[39m]: Error: Invalid token version
    at createHttpError (C:\Users\USER\OneDrive\Documents\brocamb\Project 2\Tahtib Al Juhd\Backend\src\utils\http-error.util.ts:12:12)
    at AuthService.<anonymous> (C:\Users\USER\OneDrive\Documents\brocamb\Project 2\Tahtib Al Juhd\Backend\src\Services\auth\auth.service.ts:322:28)
    at Generator.next (<anonymous>)
    at fulfilled (C:\Users\USER\OneDrive\Documents\brocamb\Project 2\Tahtib Al Juhd\Backend\src\Services\auth\auth.service.ts:5:58)
    at processTicksAndRejections (node:internal/process/task_queues:105:5)
2025-08-25 09:32:55 [[31merror[39m]: Error: Invalid password
    at createHttpError (C:\Users\USER\OneDrive\Documents\brocamb\Project 2\Tahtib Al Juhd\Backend\src\utils\http-error.util.ts:12:12)
    at AuthService.<anonymous> (C:\Users\USER\OneDrive\Documents\brocamb\Project 2\Tahtib Al Juhd\Backend\src\Services\auth\auth.service.ts:69:28)
    at Generator.next (<anonymous>)
    at fulfilled (C:\Users\USER\OneDrive\Documents\brocamb\Project 2\Tahtib Al Juhd\Backend\src\Services\auth\auth.service.ts:5:58)
2025-08-25 10:56:31 [[31merror[39m]: Error: Token expired
    at createHttpError (C:\Users\USER\OneDrive\Documents\brocamb\Project 2\Tahtib Al Juhd\Backend\src\utils\http-error.util.ts:12:12)
    at C:\Users\USER\OneDrive\Documents\brocamb\Project 2\Tahtib Al Juhd\Backend\src\middleware\verify.token.middleware.ts:39:26
    at Generator.next (<anonymous>)
    at C:\Users\USER\OneDrive\Documents\brocamb\Project 2\Tahtib Al Juhd\Backend\src\middleware\verify.token.middleware.ts:8:71
    at new Promise (<anonymous>)
    at __awaiter (C:\Users\USER\OneDrive\Documents\brocamb\Project 2\Tahtib Al Juhd\Backend\src\middleware\verify.token.middleware.ts:4:12)
    at C:\Users\USER\OneDrive\Documents\brocamb\Project 2\Tahtib Al Juhd\Backend\src\middleware\verify.token.middleware.ts:26:73
    at Layer.handle [as handle_request] (C:\Users\USER\node_modules\express\lib\router\layer.js:95:5)
    at trim_prefix (C:\Users\USER\node_modules\express\lib\router\index.js:328:13)
    at C:\Users\USER\node_modules\express\lib\router\index.js:286:9
2025-08-25 11:04:37 [[31merror[39m]: Error: Invalid token version
    at createHttpError (C:\Users\USER\OneDrive\Documents\brocamb\Project 2\Tahtib Al Juhd\Backend\src\utils\http-error.util.ts:12:12)
    at AuthService.<anonymous> (C:\Users\USER\OneDrive\Documents\brocamb\Project 2\Tahtib Al Juhd\Backend\src\Services\auth\auth.service.ts:322:28)
    at Generator.next (<anonymous>)
    at fulfilled (C:\Users\USER\OneDrive\Documents\brocamb\Project 2\Tahtib Al Juhd\Backend\src\Services\auth\auth.service.ts:5:58)
    at processTicksAndRejections (node:internal/process/task_queues:105:5)
2025-08-25 11:04:38 [[31merror[39m]: Error: Invalid token version
    at createHttpError (C:\Users\USER\OneDrive\Documents\brocamb\Project 2\Tahtib Al Juhd\Backend\src\utils\http-error.util.ts:12:12)
    at AuthService.<anonymous> (C:\Users\USER\OneDrive\Documents\brocamb\Project 2\Tahtib Al Juhd\Backend\src\Services\auth\auth.service.ts:322:28)
    at Generator.next (<anonymous>)
    at fulfilled (C:\Users\USER\OneDrive\Documents\brocamb\Project 2\Tahtib Al Juhd\Backend\src\Services\auth\auth.service.ts:5:58)
    at processTicksAndRejections (node:internal/process/task_queues:105:5)
2025-08-25 11:04:38 [[31merror[39m]: Error: Invalid token version
    at createHttpError (C:\Users\USER\OneDrive\Documents\brocamb\Project 2\Tahtib Al Juhd\Backend\src\utils\http-error.util.ts:12:12)
    at AuthService.<anonymous> (C:\Users\USER\OneDrive\Documents\brocamb\Project 2\Tahtib Al Juhd\Backend\src\Services\auth\auth.service.ts:322:28)
    at Generator.next (<anonymous>)
    at fulfilled (C:\Users\USER\OneDrive\Documents\brocamb\Project 2\Tahtib Al Juhd\Backend\src\Services\auth\auth.service.ts:5:58)
    at processTicksAndRejections (node:internal/process/task_queues:105:5)
2025-08-25 12:45:45 [[31merror[39m]: Error: Invalid token version
    at createHttpError (C:\Users\USER\OneDrive\Documents\brocamb\Project 2\Tahtib Al Juhd\Backend\src\utils\http-error.util.ts:12:12)
    at C:\Users\USER\OneDrive\Documents\brocamb\Project 2\Tahtib Al Juhd\Backend\src\middleware\verify.token.middleware.ts:73:26
    at Generator.next (<anonymous>)
    at fulfilled (C:\Users\USER\OneDrive\Documents\brocamb\Project 2\Tahtib Al Juhd\Backend\src\middleware\verify.token.middleware.ts:5:58)
    at processTicksAndRejections (node:internal/process/task_queues:105:5)
2025-08-25 12:46:03 [[31merror[39m]: Error: Invalid token version
    at createHttpError (C:\Users\USER\OneDrive\Documents\brocamb\Project 2\Tahtib Al Juhd\Backend\src\utils\http-error.util.ts:12:12)
    at AuthService.<anonymous> (C:\Users\USER\OneDrive\Documents\brocamb\Project 2\Tahtib Al Juhd\Backend\src\Services\auth\auth.service.ts:322:28)
    at Generator.next (<anonymous>)
    at fulfilled (C:\Users\USER\OneDrive\Documents\brocamb\Project 2\Tahtib Al Juhd\Backend\src\Services\auth\auth.service.ts:5:58)
    at processTicksAndRejections (node:internal/process/task_queues:105:5)
2025-08-25 14:46:11 [[31merror[39m]: Error: Token expired
    at createHttpError (C:\Users\USER\OneDrive\Documents\brocamb\Project 2\Tahtib Al Juhd\Backend\src\utils\http-error.util.ts:12:12)
    at C:\Users\USER\OneDrive\Documents\brocamb\Project 2\Tahtib Al Juhd\Backend\src\middleware\verify.token.middleware.ts:39:26
    at Generator.next (<anonymous>)
    at C:\Users\USER\OneDrive\Documents\brocamb\Project 2\Tahtib Al Juhd\Backend\src\middleware\verify.token.middleware.ts:8:71
    at new Promise (<anonymous>)
    at __awaiter (C:\Users\USER\OneDrive\Documents\brocamb\Project 2\Tahtib Al Juhd\Backend\src\middleware\verify.token.middleware.ts:4:12)
    at C:\Users\USER\OneDrive\Documents\brocamb\Project 2\Tahtib Al Juhd\Backend\src\middleware\verify.token.middleware.ts:26:73
    at Layer.handle [as handle_request] (C:\Users\USER\node_modules\express\lib\router\layer.js:95:5)
    at trim_prefix (C:\Users\USER\node_modules\express\lib\router\index.js:328:13)
    at C:\Users\USER\node_modules\express\lib\router\index.js:286:9
2025-08-25 14:46:12 [[31merror[39m]: Error: Unauthorized Request
    at createHttpError (C:\Users\USER\OneDrive\Documents\brocamb\Project 2\Tahtib Al Juhd\Backend\src\utils\http-error.util.ts:12:12)
    at C:\Users\USER\OneDrive\Documents\brocamb\Project 2\Tahtib Al Juhd\Backend\src\middleware\verify.token.middleware.ts:58:26
    at Generator.next (<anonymous>)
    at C:\Users\USER\OneDrive\Documents\brocamb\Project 2\Tahtib Al Juhd\Backend\src\middleware\verify.token.middleware.ts:8:71
    at new Promise (<anonymous>)
    at __awaiter (C:\Users\USER\OneDrive\Documents\brocamb\Project 2\Tahtib Al Juhd\Backend\src\middleware\verify.token.middleware.ts:4:12)
    at C:\Users\USER\OneDrive\Documents\brocamb\Project 2\Tahtib Al Juhd\Backend\src\middleware\verify.token.middleware.ts:26:73
    at Layer.handle [as handle_request] (C:\Users\USER\node_modules\express\lib\router\layer.js:95:5)
    at trim_prefix (C:\Users\USER\node_modules\express\lib\router\index.js:328:13)
    at C:\Users\USER\node_modules\express\lib\router\index.js:286:9
2025-08-25 14:46:14 [[31merror[39m]: Error: Unauthorized Request
    at createHttpError (C:\Users\USER\OneDrive\Documents\brocamb\Project 2\Tahtib Al Juhd\Backend\src\utils\http-error.util.ts:12:12)
    at C:\Users\USER\OneDrive\Documents\brocamb\Project 2\Tahtib Al Juhd\Backend\src\middleware\verify.token.middleware.ts:58:26
    at Generator.next (<anonymous>)
    at C:\Users\USER\OneDrive\Documents\brocamb\Project 2\Tahtib Al Juhd\Backend\src\middleware\verify.token.middleware.ts:8:71
    at new Promise (<anonymous>)
    at __awaiter (C:\Users\USER\OneDrive\Documents\brocamb\Project 2\Tahtib Al Juhd\Backend\src\middleware\verify.token.middleware.ts:4:12)
    at C:\Users\USER\OneDrive\Documents\brocamb\Project 2\Tahtib Al Juhd\Backend\src\middleware\verify.token.middleware.ts:26:73
    at Layer.handle [as handle_request] (C:\Users\USER\node_modules\express\lib\router\layer.js:95:5)
    at trim_prefix (C:\Users\USER\node_modules\express\lib\router\index.js:328:13)
    at C:\Users\USER\node_modules\express\lib\router\index.js:286:9
2025-08-25 14:47:05 [[31merror[39m]: Error: Token expired
    at createHttpError (C:\Users\USER\OneDrive\Documents\brocamb\Project 2\Tahtib Al Juhd\Backend\src\utils\http-error.util.ts:12:12)
    at C:\Users\USER\OneDrive\Documents\brocamb\Project 2\Tahtib Al Juhd\Backend\src\middleware\verify.token.middleware.ts:39:26
    at Generator.next (<anonymous>)
    at C:\Users\USER\OneDrive\Documents\brocamb\Project 2\Tahtib Al Juhd\Backend\src\middleware\verify.token.middleware.ts:8:71
    at new Promise (<anonymous>)
    at __awaiter (C:\Users\USER\OneDrive\Documents\brocamb\Project 2\Tahtib Al Juhd\Backend\src\middleware\verify.token.middleware.ts:4:12)
    at C:\Users\USER\OneDrive\Documents\brocamb\Project 2\Tahtib Al Juhd\Backend\src\middleware\verify.token.middleware.ts:26:73
    at Layer.handle [as handle_request] (C:\Users\USER\node_modules\express\lib\router\layer.js:95:5)
    at trim_prefix (C:\Users\USER\node_modules\express\lib\router\index.js:328:13)
    at C:\Users\USER\node_modules\express\lib\router\index.js:286:9
2025-08-25 14:50:13 [[31merror[39m]: Error: Unauthorized Request
    at createHttpError (C:\Users\USER\OneDrive\Documents\brocamb\Project 2\Tahtib Al Juhd\Backend\src\utils\http-error.util.ts:12:12)
    at C:\Users\USER\OneDrive\Documents\brocamb\Project 2\Tahtib Al Juhd\Backend\src\middleware\verify.token.middleware.ts:58:26
    at Generator.next (<anonymous>)
    at C:\Users\USER\OneDrive\Documents\brocamb\Project 2\Tahtib Al Juhd\Backend\src\middleware\verify.token.middleware.ts:8:71
    at new Promise (<anonymous>)
    at __awaiter (C:\Users\USER\OneDrive\Documents\brocamb\Project 2\Tahtib Al Juhd\Backend\src\middleware\verify.token.middleware.ts:4:12)
    at C:\Users\USER\OneDrive\Documents\brocamb\Project 2\Tahtib Al Juhd\Backend\src\middleware\verify.token.middleware.ts:26:73
    at Layer.handle [as handle_request] (C:\Users\USER\node_modules\express\lib\router\layer.js:95:5)
    at trim_prefix (C:\Users\USER\node_modules\express\lib\router\index.js:328:13)
    at C:\Users\USER\node_modules\express\lib\router\index.js:286:9
2025-08-25 14:56:21 [[31merror[39m]: Error: Unauthorized Request
    at createHttpError (C:\Users\USER\OneDrive\Documents\brocamb\Project 2\Tahtib Al Juhd\Backend\src\utils\http-error.util.ts:12:12)
    at C:\Users\USER\OneDrive\Documents\brocamb\Project 2\Tahtib Al Juhd\Backend\src\middleware\verify.token.middleware.ts:58:26
    at Generator.next (<anonymous>)
    at C:\Users\USER\OneDrive\Documents\brocamb\Project 2\Tahtib Al Juhd\Backend\src\middleware\verify.token.middleware.ts:8:71
    at new Promise (<anonymous>)
    at __awaiter (C:\Users\USER\OneDrive\Documents\brocamb\Project 2\Tahtib Al Juhd\Backend\src\middleware\verify.token.middleware.ts:4:12)
    at C:\Users\USER\OneDrive\Documents\brocamb\Project 2\Tahtib Al Juhd\Backend\src\middleware\verify.token.middleware.ts:26:73
    at Layer.handle [as handle_request] (C:\Users\USER\node_modules\express\lib\router\layer.js:95:5)
    at trim_prefix (C:\Users\USER\node_modules\express\lib\router\index.js:328:13)
    at C:\Users\USER\node_modules\express\lib\router\index.js:286:9
